Name;Sku;Regular price;Catégories;Image;short_description;description;;;;;;
Machine à  laver ASTECH 9Kg MLG93V930DG;MLG93V930DG;215000;Accueil;https://ambulantenligne.com/12107/machine-a-laver-9-kg-astech-90-d-900-g.jpg;;;;;;;;
Micro-ondes LG 20L MS2042D 700W;MS2042D;80000;Accueil;https://ambulantenligne.com/894/Micro-ondes-electronics-455-cm-ecran-Led-noir-lg-ms-2042d.jpg;;;;;;;;
Minichaine LG XBOOM Bluetooth; Multipairing 480W CJ44;CJ44;150000;Son;https://ambulantenligne.com/1794/mini-chaine-lg-xboom-bluetooth-multipairing-480w-cj44.jpg;;;;;;;
Réfrigérateur  HISENSE Vitrine 758 Litres FL-99WC;FL-99WC;660000;ReFroidisseur Vitrine;https://ambulantenligne.com/6542/Réfrigerateur-hisense-Vitrine-758-Litres-fl-99wc.jpg;;;;;;;;
Machine à  laver SAMSUNG 11KG top loading gris WA11J5710SG/SG;WA11J5710SG/SG;449900;10 kg et Plus;https://ambulantenligne.com/8005/machine-a-laver-samsung-11kg-ublodome-silver-wa11j5710sgsg.jpg;;;;;;;;
Machine a laver LG 9KG Inverter A+++ F4V5VYPT2;F4V5VYPT2;400000;Accueil;https://ambulantenligne.com/8006/machine-a-laver-lg-9kg-f4v5vypt2.jpg;;;;;;;;
Réfrigérateur combiné BEKO 223 Litres silver RDSA32SX;RDSA32SX;219900;Accueil;https://ambulantenligne.com/8016/Réfrigerateur-combine-beko-223-Litres-silverrdsa32sx.jpg;;;;;;;;
Congélateur BEKO Vertical 8 Tiroirs No Frost A+ 277L RFNE312K21X;RFNE312K21X;370000;Congélateur Vertical;https://ambulantenligne.com/8025/-Congélateur-beko-nofrost-inox-315-Litres-vertical.jpg;;;;;;;;
Réfrigérateur 2 Portes 450 Litres BEKO ;RCNA45020SX;365000;Accueil;https://ambulantenligne.com/8024/Réfrigerateur-2-portes-450-Litres-beko-rcna45020sx.jpg;;;;;;;;
Réfrigérateur BEKO 1 porte ;445M23X;370000;Réfrigerateur;https://ambulantenligne.com/8030/Réfrigerateur-beko-1porte-445-m-23x.jpg;;;;;;;;
Réfrigérateur combiné BEKO 2 Tiroirs 450 Litres nofrost RCNE550E21DE;RCNE550E21DE;340000;Accueil;https://ambulantenligne.com/8038/Réfrigerateur-combine-beko-2-Tiroirs-475-Litres-nofrost-rcne550e21de.jpg;;;;;;;;
Réfrigerateur-BEKO-2PORTES-SILVER-RDSA32SX;RDSA32SX;187500;Réfrigerateur;https://ambulantenligne.com/8034/Réfrigerateur-beko-2portes-silver-rdsa32sx.jpg;;;;;;;;
Réfrigerateur-BEKO-COMBINE-3Tiroirs-SILVER-400Litres-Â RCNA400K21;RCNA400K21;350000;Réfrigerateur;https://ambulantenligne.com/8042/Réfrigerateur-beko-combine-3Tiroirs-silver-400Litres-rcna400k21.jpg;;;;;;;;
Réfrigérateur BEKO combiné RCNA450M20SX;RCNA450M20SX;365000;Réfrigerateur;https://ambulantenligne.com/8044/Réfrigerateur-beko-combine-silver-rcna450m20sx.jpg;;;;;;;;
Congélateur Vertical 8 Tiroirs BEKO nofrost I 315L A+ inox;;365000;Accueil;https://ambulantenligne.com/8047/Congélateur-vertical-8-Tiroirs-beko-nofrost-i-315l-a-inox.jpg;;;;;;;;
Réfrigérateur SENS 1 porte 183 Litres SRM90DT;SRM90DT;145000;Accueil;https://ambulantenligne.com/8053/Réfrigerateur-1-porte-183-Litres-sens-srm-90dt.jpg;;;;;;;;
Ordinateur Portable ThinkPad X13 Core-i5;ThinkPad X13;465000;Ordinateur Portable;https://ambulantenligne.com/8067/ordinateur-portable-thinkpad-x13-core-i5.jpg;;;;;;;;
Cuisiniere BEKO 4 Feux 5050 CSG42000s Gris;CSG42000s;127500;4 Feux 50/50;https://ambulantenligne.com/8075/cuisiniere-beko-4-Feux-5050-csg42000s.jpg;;;;;;;;
Ordinateur Portable HP pavillon tactile 15.6 Pouces Core i5 - 15cs3003ca;15cs3003ca;445000;Ordinateur Portable;https://ambulantenligne.com/8078/ordinateur-portable-hp-pavilion-tactile-156-Pouces-core-i5-15cs3003ca.jpg;;;;;;;;
Ordinateur Portable HP all in one 19.5 Pouces Core i5 - 24-F015PD;24-F015PD;615000;Ordinateur Portable;https://ambulantenligne.com/8083/ordinateur-portable-hp-pavilion-tactile-156-Pouces-core-i5-15cs3003ca.jpg;;;;;;;;
Congélateur LG HORIZONTAL 280Litres Â GCS315SVF;GCS315SVF;227500;Frigo & Congel;https://ambulantenligne.com/8131/Congélateur-lg-horizontal-280Litres-gcs315svf.jpg;;;;;;;;
Barre de Son     LG 500W SL9Y;SL9Y;385000;Tv & Son;https://ambulantenligne.com/8137/bar-de-Son-lg-sl9y.jpg;;;;;;;;
Machine à  laver LG 21KG / 12KG Séchage inverterÂ FHOC9CDHK72 + F70E1UDNK12;FHOC9CDHK72 + F70E1UDNK12;1185000;10 kg & Plus;https://ambulantenligne.com/8139/machine-a-laver-lg-21kg-12kg-sechage-fhoc9cdhk72f70e1udnk12.jpg;;;;;;;;
MiniCHAINE LG OK 99;OK 99;305000;Son;https://ambulantenligne.com/8154/mini-chaine-lg-ok-99.jpg;;;;;;;;
Micro-ondes LG 25L Solo NeoChef MS2535GIS Noir;MS2535GIS;105000;Accueil;https://ambulantenligne.com/14989/Micro-ondes-lg-25l-solo-neochef-ms2535gis-noir.jpg;;;;;;;;
Réfrigerateur LG SIDE BY SIDEÂ GC-247 CSAV KNOCK KNOCK INSTA VIEW SIL;GC-247 CSAV;1405000;Accueil;https://ambulantenligne.com/8161/Réfrigerateur-lg-side-by-side-gc-247-csav-knock-knock-insta-view-sil.jpg;;;;;;;;
Réfrigérateur Side by side LG 679 Litres GC-B247KQDV;;867500;501 - 650 Litres;https://ambulantenligne.com/8165/Réfrigerateur-lg-side-by-side-gc-b247kqdv.jpg;;;;;;;;
Réfrigérateur side by side LG 687 Litres smart inverter silver GC-287SLUV;GC-287SLUV;969900;651 Litres & Plus;https://ambulantenligne.com/8167/Réfrigerateur-lg-side-by-side-siver-gc-287-sluv.jpg;;;;;;;;
Réfrigérateur Side by Side MIDEA French door HC705L;HC705L;820000;Accueil;https://ambulantenligne.com/8189/Réfrigerateur-side-by-side-midea-french-door-hc705l.jpg;;;;;;;;
Fontaine à  eau MIDEA 3 sorties YL1632B-S;YL1632B-S;88000;Accueil;https://ambulantenligne.com/8195/distributeur-d-eau-midea-avec-frigo.jpg;;;;;;;;
Fontaine à  eau MIDEA 3 sorties YL1337S;YL1337S;90000;Accueil;https://ambulantenligne.com/8197/distributeur-d-eau-midea-avec-frigo-yl1337s.jpg;;;;;;;;
Réfrigerateur 1 PORTE MIDEA 235L GRIS;;0;Accueil;https://ambulantenligne.com/8204/Réfrigerateur-1-porte-midea-235l-gris-.jpg;;;;;;;;
Micro onde MIDEA 20 Litres MG720CY6 - Noir;MG 720CY6;50000;Accueil;https://ambulantenligne.com/8208/Micro-onde-midea-20l-avec-grille-.jpg;;;;;;;;
Machine à  laver FINIX 10kg  A+++ 655 XG100-8521WBE4T;655 XG100-8521WBE4T;297500;10 kg & Plus;https://ambulantenligne.com/8218/machine-a-laver-finix-10-kgs-inver-grise-a.jpg;;;;;;;;
Split SAMSUNG triple inverter 1CV 9000BTU Wind-free -77% AR09BVHCMWK;AR09BVHCMWK;335000;Accueil;https://ambulantenligne.com/9213/split-samsung-triple-inverter-1cv-9000btu-wind-free-77-ar09bvhcmwk.jpg;;;;;;;;
"Ventilateur SOLSTAR industriel           26"" FA2603UBX-BK SS";FA2603UBX-BK SS;55000;Ventilo Sur Pied;https://ambulantenligne.com/15161/Ventilateur-sur-pied-3-vitesses-binatone-a-1691.jpg;;;;;;;;
TELEVISEUR LG 130 LAA015FL7BI;LAA015FL7BI;46500000;Smart Tv;https://ambulantenligne.com/8381/televiseur-lg-130-laa015fl7bi.jpg;;;;;;;;
Cuiseur de riz BLACK & DECKER 0.6L 350w RC650;RC650;20000;Accueil;https://ambulantenligne.com/8414/cuiseur-de-riz-black-decker-06l-350w-rc650.jpg;;;;;;;;
Congélateur BEKO Vertical 3 Tiroirs classe A+ FS166020 R600A;FS166020;140000;Accueil;https://ambulantenligne.com/8418/Congélateur-beko-vertical-3-Tiroirs-classe-a-fs166020-r600a.jpg;;;;;;;;
Congélateur TECNOLUX horizontal 300 Litres CF-30;CF-30;192000;Accueil;https://ambulantenligne.com/8432/Congélateur-tecnolux-horizontal-300-Litres-cf-30.jpg;;;;;;;;
Chauffe eau horizontal HAIER 50 Litres ;THA50;77500;Accueil;https://ambulantenligne.com/8472/chauffe-eau-horizontal-haier-50-Litres-tha50.jpg;;;;;;;;
Cuisinière WESTPOOL 5 Feux  full option GS 90/60;GS 90/60;250000;5 Feux 90/60;https://ambulantenligne.com/8474/cuisiniere-westpool-5-Feux-gs-9060-inox-full-option.jpg;;;;;;;;
Cuisinière WESTPOOL 5 Feux 75cm GS7660 Inox;GS7660;210000;Accueil;https://ambulantenligne.com/8487/cuisiniere-westpool-5-Feux-gs-7060-inox-full-option.jpg;;;;;;;;
Hotte   de Cuisine HAIER 60/60 WCHP21EEG inox;WCHP21EEG;150000;Accueil;https://ambulantenligne.com/8478/Hotte  -de-Cuisine-haier-6060-wchp21eeg-inox.jpg;;;;;;;;
Réfrigérateur HAIER side by side No frost HTF-610;HTF-610;670000;Accueil;https://ambulantenligne.com/8483/Réfrigerateur-haier-side-by-side-no-frost-htf-610.jpg;;;;;;;;
Split armoire HAIER 5cv 48000 btu HPU48HV03;HPU48HV03;1025000;36000 - 48000 BTU;https://ambulantenligne.com/8484/split-armoire-haier-5cv-48000-btu.jpg;;;;;;;;
Smart Tv SHARP 45 Pouces C45AE1X;C45AE1X;219900;Accueil;https://ambulantenligne.com/8485/smart-Tv-sharp-45-Pouces-c45ae1x.jpg;;;;;;;;
Bouilloire Solstar 1.7L KJ 17407-PWH SS;KJ 17407-PWH SS;12000;Peit déjeuner;https://ambulantenligne.com/8552/bouilloire-solstar-17l-kj-17407-pwh-ss.jpg;;;;;;;;
Congélateur ROCH horizontal 192 Litres RCF-250B-B;RCF-230B-B;185000;Congélateur Horizontal;https://ambulantenligne.com/9873/Congélateur-roch-horizontal-230-Litres-rcf-230b-b.jpg;;;;;;;;
Congélateur ROCH horizontal 192 Litres RCF-250B-B;RCF-440B-B;295000;Accueil;https://ambulantenligne.com/8570/Congélateur-roch-horizontal-400-Litres-rcf-440b-b.jpg;;;;;;;;
Table de Repassage VESTEL silver;;27500;Accueil;https://ambulantenligne.com/8582/table-de-Repassage-vestel-silver-.jpg;;;;;;;;
Fontaine à  eau GEEPAS GWD17016;;70000;Accueil;https://ambulantenligne.com/8583/fontaine-a-eau-.jpg;;;;;;;;
Fontaine à  eau GEEPAS GWD8343 avec sécurité enfant;;80000;Accueil;https://ambulantenligne.com/8584/fontaine-a-eau-geepas-gwd8343-avec-securite-enfant.jpg;;;;;;;;
Ventilateur mural GEEPAS 16 Pouces avec télécommande GF9479;;30000;Accueil;https://ambulantenligne.com/8585/Ventilateur-mural-geepas-16-Pouces-avec-telecommande-gf9479.jpg;;;;;;;;
Ventilateur sur pied GEEPAS 16 Pouces GF9489;;35000;Accueil;https://ambulantenligne.com/8586/Ventilateur-sur-pied-geepas-16-Pouces-gf9489.jpg;;;;;;;;
Réfrigérateur bar 88 Litres VESTEL SB90;;95000;Accueil;https://ambulantenligne.com/8593/Réfrigerateur-bar-88-Litres-vestel-sb90.jpg;;;;;;;;
Micro onde GEEPAS 20 Litres GMO-1895;;45000;Accueil;https://ambulantenligne.com/8588/Micro-onde-geepas-20-Litres-gmo-1895.jpg;;;;;;;;
Split mobile GEEPAS 12000 btu GACP12120CU;GACP12120CU;225000;Accueil;https://ambulantenligne.com/8589/split-mobile-geepas-12000-btu-gacp12120cu.jpg;;;;;;;;
Smart Tv TCL 43 Pouces full HD Android 43S6500;43S6500;167500;Accueil;https://ambulantenligne.com/8595/smart-Tv-tcl-43-Pouces-full-hd-android-43s6500.jpg;;;;;;;;
Smart Tv TCL 55 Pouces 4K HDR Android 55P715;55P715;305000;Accueil;https://ambulantenligne.com/8599/smart-Tv-tcl-55-Pouces-4k-hdr-android-55p715.jpg;;;;;;;;
Smart Tv TCL 75 Pouces 4K HDR android 75P715;;875000;Accueil;https://ambulantenligne.com/8603/smart-Tv-tcl-75-Pouces-4k-hdr-android-75p715.jpg;;;;;;;;
Machine à  laver VESTEL 8Kg A+++ W812TDS inox;;229900;Accueil;https://ambulantenligne.com/8605/machine-a-laver-vestel-8kg-a-w812tds-inox.jpg;;;;;;;;
Machine à  laver VESTEL 7Kg A++ W7104BL- black;;200000;Accueil;https://ambulantenligne.com/8606/machine-a-laver-vestel-7kg-a-w7104bl-black.jpg;;;;;;;;
Machine à  laver VESTEL 7Kg A++ W7104BL- blanc;;190000;Accueil;https://ambulantenligne.com/8607/machine-a-laver-vestel-7kg-a-w7104bl-blanc.jpg;;;;;;;;
Machine à  laver VESTEL 6Kg A++ W6082- blanc;W6082;175000;Accueil;https://ambulantenligne.com/8610/machine-a-laver-vestel-6kg-a-w6082-blanc.jpg;;;;;;;;
Machine à  laver VESTEL 11Kg A+++ WB1112-blanc;WB1112;335000;10 kg & Plus;https://ambulantenligne.com/8611/machine-a-laver-vestel-11kg-a-wb1112-blanc.jpg;;;;;;;;
Blender / Mixeur VESTEL-300W inox;;20000;Accueil;https://ambulantenligne.com/8612/blender-mixeur-vestel-350w-inox-noir.jpg;;;;;;;;
Blender / Mixeur & GO VESTEL-300W rouge;;20000;Accueil;https://ambulantenligne.com/8613/blender-mixeur-go-vestel-300w-rouge.jpg;;;;;;;;
Blender / Mixeur VESTEL-300W noir;;20000;Accueil;https://ambulantenligne.com/8614/blender-mixeur-vestel-300w-noir.jpg;;;;;;;;
Bouilloire VESTEL 1.7L SEFA-S1001 blanc;;15000;Accueil;https://ambulantenligne.com/8615/bouilloire-vestel-17l-sefa-s1001-blanc.jpg;;;;;;;;
Bouilloire VESTEL 1.7L SEFA-S1001 noir;;16500;Accueil;https://ambulantenligne.com/8617/bouilloire-vestel-17l-sefa-s1001-blanc.jpg;;;;;;;;
Fer à  repasser VESTEL 2800w OPAL K5000 iron;;18000;Accueil;https://ambulantenligne.com/8618/fer-a-repasser-vestel-2800w-opal-k5000-iron.jpg;;;;;;;;
Aspirateur PHILIPS vaccum cleaner CF-9489;;80000;Accueil;https://ambulantenligne.com/8620/Aspirateur-philips-vaccum-cleaner-ps-fc-9489.jpg;;;;;;;;
Split SKAGGU 2.5CV 18000BTU TAC-18CSA R410;;220000;18.000 BTU/2CV;https://ambulantenligne.com/8624/split-skaggu-15cv-12000btu-tac-12csa-r410.jpg;;;;;;;;
Split/Clim Inverter SKAGGU 1.5CV 12000BTU TAC-12CSI R410;;235000;12.000 Btu/1.5Cv;https://ambulantenligne.com/8629/split-skaggu-15cv-12000btu-tac-12csa-r410.jpg;;;;;;;;
Split/Clim Inverter SKAGGU 2CV 18000BTU TAC-18CSI R410;;300000;18.000 BTU/2CV;https://ambulantenligne.com/8631/split-skaggu-15cv-12000btu-tac-12csa-r410.jpg;;;;;;;;
Barre de Son     2.0 Bluetooth SHARP HT-SB115;;62500;Accueil;https://ambulantenligne.com/8644/barre-de-Son-20-bluetooth-sharp-ht-sb115.jpg;;;;;;;;
Machine à café TASSIMO 0.7L /  BOSH TAS1007GB 1400W;;50000;Accueil;https://ambulantenligne.com/8646/machine-a-cafe-tassimo-07l-bosh-tas1007gb.jpg;;;;;;;;
Aspirateur ARIETE COMPACT sans sac 700W MSP2743;;50000;Accueil;https://ambulantenligne.com/8651/Aspirateur-ariete-compact-sans-sac-700w-msp2743.jpg;;;;;;;;
Aspirateur ARIETE X STEAM 4147 1500W;;57500;Accueil;https://ambulantenligne.com/8652/Aspirateur-ariete-x-steam-4147-1500w-.jpg;;;;;;;;
Aspirateur BEKO sans fil VRT-61814;;47500;Petit électro;https://ambulantenligne.com/8653/Aspirateur-beko-sans-fil-vrt-61814.jpg;;;;;;;;
Aspirateur CADDY SHARK EP089;;79900;Aspirateur;https://ambulantenligne.com/8654/Aspirateur-caddy-shark-ep089.jpg;;;;;;;;
Aspirateur DCG cyclone sans sac BS 5010 700w;;47500;Aspirateur;https://ambulantenligne.com/8655/Aspirateur-dcg-cyclone-sans-sac-bs-5010-700w.jpg;;;;;;;;
Barre de Son     LG SL5Y Bluetooth Sans fil 400w;;132500;Accueil;https://ambulantenligne.com/8656/barre-de-Son-lg-sn5y-bluetooth-sans-fil-400w.jpg;;;;;;;;
Aspirateur DAEWOO RCC 120 R;;67500;Petit électro;https://ambulantenligne.com/8657/Aspirateur-daewoo-rcc-120-r.jpg;;;;;;;;
Aspirateur HOOVER ARYA SAR-1205-011;;59900;Aspirateur;https://ambulantenligne.com/8658/Aspirateur-hoover-arya-sar-1205-011.jpg;;;;;;;;
Aspirateur HOOVER ATHEN EVO ATv 252LI-011 1538;;47500;Aspirateur;https://ambulantenligne.com/8659/asspirateur-hoover-athen-evo-aTv-252li-011-1538.jpg;;;;;;;;
Aspirateur HOOVER STEAM JET PRO SCD 1600 1600W;;57500;Aspirateur;https://ambulantenligne.com/8660/asspirateur-hoover-athen-evo-aTv-252li-011-1538.jpg;;;;;;;;
Bouilloire electrique ICONA 1;8 Litres ILK-200SS;ILK-200SS;5000;Peit déjeuner;https://ambulantenligne.com/8663/bouilloire-electrique-icona-18-Litres-ilk-200ss.jpg;;;;;;;
Ventilateur sur pied ICONA 18'' ILSF-185TC;ILSF-185TC;17500;Ventilo Sur Pied;https://ambulantenligne.com/8665/Ventilateur-sur-pied-icona-18-ilsf-185tc.jpg;;;;;;;;
Aspirateur HOOVER  SSNV1400 1500W;;65000;Petit électro;https://ambulantenligne.com/8670/Aspirateur-hoover-ssnv1400-1500w.jpg;;;;;;;;
Aspirateur HOOVER sans sac ST71-ST20011 700w;;65000;Accueil;https://ambulantenligne.com/8671/Aspirateur-hoover-sans-sac-st71-st20011-700w.jpg;;;;;;;;
Aspirateur HOOVER STEAM JET PRO CSD-1600  1600W;;59000;Accueil;https://ambulantenligne.com/8672/Aspirateur-hoover-steam-jet-pro-csd-1600-1600w.jpg;;;;;;;;
Aspirateur HOOVER STEAM JET SCB 1500;;60000;Accueil;https://ambulantenligne.com/8673/Aspirateur-hoover-steam-jet-scb-1500.jpg;;;;;;;;
Aspirateur HOOVER STEAMJET SSN 1700  1700W/1600W;;55000;Accueil;https://ambulantenligne.com/8674/Aspirateur-hoover-steamjet-ssn-1700-1700w1600w.jpg;;;;;;;;
Aspirateur HOOVER V 216 V;;65000;Accueil;https://ambulantenligne.com/8675/Aspirateur-hoover-v-216-v.jpg;;;;;;;;
Aspirateur IMETEC M-9301;;60000;Accueil;https://ambulantenligne.com/8676/Aspirateur-imetec-m-9301.jpg;;;;;;;;
Aspirateur MONSTER  60 450w mini;;35000;Accueil;https://ambulantenligne.com/8677/Aspirateur-monster-60-450w-mini.jpg;;;;;;;;
Aspirateur MONSTER 62 1200w;;37500;Accueil;https://ambulantenligne.com/8678/Aspirateur-monster-62-1200w.jpg;;;;;;;;
Aspirateur MONSTER  96H 1600w;;75000;Accueil;https://ambulantenligne.com/8679/Aspirateur-monster-96h-1600w.jpg;;;;;;;;
Aspirateur MONSTER  97H 1600w;;70000;Accueil;https://ambulantenligne.com/8680/Aspirateur-monster-97h-1600w.jpg;;;;;;;;
Aspirateur MONSTER  A20 700w;;69900;Accueil;https://ambulantenligne.com/8681/Aspirateur-monster-a20-700w.jpg;;;;;;;;
Aspirateur MONSTER 065H  1200w;;39900;Accueil;https://ambulantenligne.com/8682/Aspirateur-monster-065h-1200w.jpg;;;;;;;;
Blender / Mixeur 1.5L ROCH RBL-101 350W;RBL-101;14900;Accueil;https://ambulantenligne.com/8683/blender-mixeur-15l-roch-rbl-101-350w-.jpg;;;;;;;;
Aspirateur MYLIBERA TERMOZETA 72141V;;59900;Accueil;https://ambulantenligne.com/8685/Aspirateur-mylibera-termozeta-72141v.jpg;;;;;;;;
Blender / Mixeur 1.5L ROCH RBL-102 350W;RBL-102;14900;Accueil;https://ambulantenligne.com/8687/blender-mixeur-15l-roch-rbl-102-350w-.jpg;;;;;;;;
Aspirateur ROWEMTA R0 2522;;59900;Accueil;https://ambulantenligne.com/8686/Aspirateur-rowemta-r0-2522.jpg;;;;;;;;
Blender / Mixeur 1.5L ROCH RBL-103 400W;RBL-103;16500;Accueil;https://ambulantenligne.com/8689/blender-mixeur-15l-roch-rbl-103-400w-.jpg;;;;;;;;
Aspirateur ROWEMTA R037;;75000;Accueil;https://ambulantenligne.com/8691/Aspirateur-rowemta-r037.jpg;;;;;;;;
Aspirareur ROWEMTA R02544;;62500;Accueil;https://ambulantenligne.com/8693/aspirareur-rowemta-r02544.jpg;;;;;;;;
Aspirateur ROWEMTA R03945;;75000;Accueil;https://ambulantenligne.com/8696/Aspirateur-rowemta-r03945.jpg;;;;;;;;
Aspirateur ROYALTY LINE NVC 150-55R;;55000;Accueil;https://ambulantenligne.com/8699/Aspirateur-royalty-line-nvc-150-55r.jpg;;;;;;;;
Aspirateur ROYALTY LINE PSC 700W-76NE 116;;35000;Accueil;https://ambulantenligne.com/8702/Aspirateur-royalty-line-psc-700w-76ne-116.jpg;;;;;;;;
Chauffe eau DESKA 50 Litres D50-15F2;;65000;Accueil;https://ambulantenligne.com/8703/chauffe-eau-deska-50-Litres-d50-15f2.jpg;;;;;;;;
Congélateur BEKO horizontal 205 Litres HS221520S;HS221520S;177500;Accueil;https://ambulantenligne.com/8706/Congélateur-beko-horizontal-300-Litres-hs221520s.jpg;;;;;;;;
Congélateur CHANGER vertical 8 Tiroirs plaq alum BD216 white;;220000;Accueil;https://ambulantenligne.com/8710/Congélateur-changer-vertical-8-Tiroirs-plaq-alum-bd216-white.jpg;;;;;;;;
Congélateur combiné CHEST FREEZER horizontal 750 Litres white BD-750L;;335000;Accueil;https://ambulantenligne.com/8721/Congélateur-combine-chest-freezer-horizontal-750-Litres-white-bd-750l.jpg;;;;;;;;
Congélateur FINIX horizontal 650 Litres vitre silver XF-650;XF-650;395000;Accueil;https://ambulantenligne.com/8715/Congélateur-finix-horizontal-650-Litres-vitre-silver-bdw-650-.jpg;;;;;;;;
Machine à  laver semi-automatique LG 13 kg lavante séchante P1761RWNBL;P1761RWNBL;235000;10 kg & Plus;https://ambulantenligne.com/8727/machine-a-laver-semi-automatique-lg-13-kg-lavante-sechante-p1761rwnbl.jpg;;;;;;;;
Machine à  laver Semi automatique LG 16KG lavante sechante TT16WAPG;TT16WAPG;290000;10 kg & Plus;https://ambulantenligne.com/8728/machine-a-laver-semi-automatique-lg-16kg-p1961rwpt.jpg;;;;;;;;
Machine à  laver LG 13 kg top loading smart inverter T1366NEHV2;T1366NEHV2;380000;10 kg et Plus;https://ambulantenligne.com/8730/machine-a-laver-lg-13-kg-top-loading-smart-inverter-t1366nehv2.jpg;;;;;;;;
Machine à  laver LG 9kg top loading smart inverter T0988NEHV;T0988NEHV;240000;7 à  9 kg;https://ambulantenligne.com/8733/machine-a-laver-lg-9kg-top-loading-smart-inverter-t0988nehv.jpg;;;;;;;;
Fontaine à  eau à  branchement direct SOLSTAR avec filtre 2 Robinets;FAEABD;282500;Sans Frigo;https://ambulantenligne.com/8734/fontaine-a-eau-a-branchement-direct-solstar-avec-filtre-2-robinets.jpg;;;;;;;;
Chargeur Cable ANKER PowerLine III 0.9m A8852h11;A8852h11;5500;Accessoires;https://ambulantenligne.com/8740/chargeur-cable-anker-powerline-iii-09m-a8852h11.jpg;;;;;;;;
Split armoire HAIER 36000 btu;;695000;Accueil;https://ambulantenligne.com/8744/split-armoire-haier-36000-btu.jpg;;;;;;;;
Split ICONA 1.5 Cv 12000 BTU R22;;164900;Accueil;https://ambulantenligne.com/8751/split-icona-15-cv-12000-btu-r22.jpg;;;;;;;;
Micro-onde GALANZ 20 Litres P70H20P-SR blanc;;40000;Accueil;https://ambulantenligne.com/8753/Micro-onde-galanz-20-Litres-p70h20p-sr-blanc.jpg;;;;;;;;
Split/Clim Inverter WESTPOOL 3cv 24000BTU ACS/M-24C410S;ACS/M-24C410S;389900;24.000 BTU/3CV;https://ambulantenligne.com/12399/split-inverter-westpool-3cv-24000btu-acsm-24c410s.jpg;;;;;;;;
Split/Clim Inverter TCL 1.5CV 12000BTU;;230000;Accueil;https://ambulantenligne.com/8755/split-inverter-tcl-15cv-12000btu-.jpg;;;;;;;;
Split/Clim Inverter HISENSE 3 Cv AS-22TR4SBBTG R410A;AS-22TR4SBBTG;397500;24.000 BTU/3CV;https://ambulantenligne.com/8758/split-inverter-hisense-22000btu-as-22tr4sbbtg-r410a.jpg;;;;;;;;
Split CONTINENTAL 3CV 24000BTU r410;;285000;Accueil;https://ambulantenligne.com/8760/split-continental-5cv-24000btu-r410.jpg;;;;;;;;
Smart Tv LG 86 Pouces 4k UN9070;UN9070;1690000;Accueil;https://ambulantenligne.com/8763/smart-Tv-lg-86-Pouces-4k-un8080-pva-.jpg;;;;;;;;
Cuisinière BEKO 5 Feux à  gaz GG15114DX - Inox;;380000;5 Feux 90/60;https://ambulantenligne.com/8764/cuisiniere-beko-5-Feux-a-gaz-gg15114dx-inox.jpg;;;;;;;;
"Ventilateur SOLSTAR sur pied 16"" FS1627U";;17500;Accueil;https://ambulantenligne.com/8768/Ventilateur-solstar-sur-pied-16-fs1627u.jpg;;;;;;;;
Micro Onde SAMSUNG 23L MS23F303TAK/EF;MS23F303TAK/EF;110000;Accueil;https://ambulantenligne.com/8769/Micro-onde-samsung-23l-ms2f303takef.jpg;;;;;;;;
Réfrigérateur HAIER side by side 468L no frost HRC-45D2H;HRC-45D2H;480000;Accueil;https://ambulantenligne.com/8770/Réfrigerateur-haier-side-by-side-468l-no-frost-hrc-45d2h.jpg;;;;;;;;
Machine à  laver SAMSUNG 13KG top loading gris WA13T5260B4;WA13T5260B4;355000;10 kg & Plus;https://ambulantenligne.com/8775/machine-a-laver-samsung-13kg-top-loading-gris-wa13t5260b4.jpg;;;;;;;;
Machine à  pop corn ICONA ILMP-1000;ILMP-1000;140000;Accueil;https://ambulantenligne.com/8777/machine-a-pop-corn-icona-ilmp-1000.jpg;;;;;;;;
Four Encastrable HAIER Electrique 76L avec affichage HOD760SS;;239900;Four Electrique 60cm;https://ambulantenligne.com/8778/four-Encastrable-haier-electrique-76l-avec-affichage-hod760ss.jpg;;;;;;;;
Réfrigérateur BEKO combiné 3 Tiroirs 343 Litres;;310000;Accueil;https://ambulantenligne.com/8779/Réfrigerateur-beko-combine-3-Tiroirs-324-Litres-no-frost-rcna420sx.jpg;;;;;;;;
Réfrigérateur PANASonIC inverter 541Litres NR-BZ600;;500000;Accueil;https://ambulantenligne.com/8782/Réfrigerateur-panaSonic-inverter-541Litres-nr-bz600.jpg;;;;;;;;
Lave vaisselle BEKO 13 couverts pose libre DFNE5320B;DFNE5320B;265000;Accueil;https://ambulantenligne.com/11383/Lave-vaisselle-beko-13-couverts-pose-libre-dfne5320s.jpg;;;;;;;;
"Téléviseur AIWA Led 58"" AW580 Full HD + Box Tv Android offert";AW580;295000;Accueil;https://ambulantenligne.com/9594/televiseur-aiwa-Led-58-aw580-full-hd-box-Tv-android-offert.jpg;;;;;;;;
Chauffe eau VENUS 50 Litres 50VLX;50VLX;65000;50 - 80 Litres;https://ambulantenligne.com/8785/chauffe-eau-venus-50-Litres.jpg;;;;;;;;
Chauffe eau VENUS 30 Litres 30VLX;30VLX;57500;Accueil;https://ambulantenligne.com/8787/chauffe-eau-venus-30-Litres-30vlx.jpg;;;;;;;;
Fontaine à  eau HAIER 3 sorties YLR 1.5JX12B silver;YLR 1.5JX12B;95000;Accueil;https://ambulantenligne.com/8788/fontaine-a-eau-haier-3-sorties-avec-frigo-ylr-15jx12b-silver.jpg;;;;;;;;
Fontaine à  eau HAIER 3 sorties YLR 2JX-5;YLR 2JX-5;92400;Accueil;https://ambulantenligne.com/8789/fontaine-a-eau-haier-3-sorties-avec-frigo-ylr-2jx-5-noir.jpg;;;;;;;;
Fer à  repasser HAVELLS à  vapeur 1200W Brina;BRINA;13000;Accueil;https://ambulantenligne.com/10105/fer-a-repasser-havells-1200w-bleu-gogsibhb120.jpg;;;;;;;;
Micro onde HAIER 20 Litres HP70J120LV1 blanc;;40000;Accueil;https://ambulantenligne.com/8791/Micro-onde-haier-20-Litres-hp70j120lv1-blanc.jpg;;;;;;;;
Micro onde HAIER 20 Litres HP70J120LV2 noir;;45000;Accueil;https://ambulantenligne.com/8793/Micro-onde-haier-20-Litres-hp70j120lv1-blanc.jpg;;;;;;;;
Micro onde HAIER 20 Litres HP70J120LV1 blanc;;40000;Accueil;https://ambulantenligne.com/8795/Micro-onde-haier-20-Litres-hp70j120lv1-blanc.jpg;;;;;;;;
"Smart Tv SAMSUNG 55"" 4K crystal UHD 55AU8000 new 2021";55AU8000/55AU8100;395000;Accueil;https://ambulantenligne.com/8801/smart-Tv-samsung-55-4k-crystal-uhd-55au8000-new-2021.jpg;;;;;;;;
Smart Tv LG 55 Pouces 4K UHD 55UP7550;55UP7550;355000;Accueil;https://ambulantenligne.com/11598/smart-Tv-lg-55-Pouces-4k-uhd-55up751.jpg;;;;;;;;
Smart Tv LG 65 Pouces nanocell 4K 65NANO756;;625000;Accueil;https://ambulantenligne.com/8806/smart-Tv-lg-65-Pouces-nanocell-4k-65nano756.jpg;;;;;;;;
"Téléviseur SMART TECHNOLOGY 32"" Led STT-3200K avec support offert";STT-3200K;65000;Accueil;https://ambulantenligne.com/10132/televiseur-smart-technology-32-Pouces-Led.jpg;;;;;;;;
Téléviseur Led SMART TECHNOLOGY 43 Pouces STT-4300K;STT-4388 SA;137500;42 - 50 Pouces;https://ambulantenligne.com/8825/smart-Tv-technology-43-Pouces-.jpg;;;;;;;;
"Téléviseur SMART TECHNOLOGY 55"" Smart Android STT-5508SA";STT-5508SA;220000;55 Pouces & Plus;https://ambulantenligne.com/8828/televiseur-smart-technology-55-smart-android-stt-5508sa.jpg;;;;;;;;
"Smart Tv WESTPOOL 32"" WP/K-32C-A9 Android";WP/K-32C-A9;110000;Accueil;https://ambulantenligne.com/8829/smart-Tv-westpool-32-wpk-32c-a9-android.jpg;;;;;;;;
"Smart Tv WESTPOOL 55"" 4K Webos WP/K-55B-WOS";WP/K-55B-WOS;299900;Accueil;https://ambulantenligne.com/9545/smart-Tv-westpool-55-4k-webos-wpk-55b-wos-.jpg;;;;;;;;
Smart Tv WESTPOOL 75 Pouces 4K android 75 WP/K-75B-A9;;590000;Accueil;https://ambulantenligne.com/8833/smart-Tv-westpool-75-Pouces-4k-android-75-wpk-75b-a9.jpg;;;;;;;;
Téléviseur Led SYNIX 58 Pouces A1S;;299900;Accueil;https://ambulantenligne.com/8952/smart-Tv-synix-58-Pouces-4k-android-58a1s.jpg;;;;;;;;
Téléviseur Led SYNIX 32 Pouces 32E3M;;92500;Accueil;https://ambulantenligne.com/8838/televiseur-Led-synix-32-Pouces-32e3m.jpg;;;;;;;;
Smart Tv STAR TRACK 75 Pouces 4K SI75K NJ 1200;;509900;Accueil;https://ambulantenligne.com/8839/smart-Tv-star-track-75-Pouces-4k-si75k-nj-1200-.jpg;;;;;;;;
Smart Tv SAMSUNG Qled 85 Pouces 4K 85Q80T sà©rie 8 2020;;2135000;Accueil;https://ambulantenligne.com/8842/smart-Tv-samsung-Qled-85-Pouces-4k-85q80t-serie-8-2020.jpg;;;;;;;;
"Smart Tv SAMSUNG 75"" Qled 4K UHD QA/QE75Q90T";QE75Q90T;1265000;Accueil;https://ambulantenligne.com/8845/smart-Tv-samsung-75-Qled-4k-uhd-qaqe75q90t.jpg;;;;;;;;
"Smart Tv SAMSUNG 65"" curved 4K UHD 65TU8300 (2020)";65TU8300;565000;Accueil;https://ambulantenligne.com/8847/smart-Tv-samsung-65-Pouces-curved-4k-uhd-65tu8300-2020.jpg;;;;;;;;
"Smart Tv SAMSUNG 65"" Qled 4K UHD QA65Q80T (2020)";QA65Q80T;975000;Accueil;https://ambulantenligne.com/8848/smart-Tv-samsung-65-Qled-4k-uhd-qa65q80t-2020.jpg;;;;;;;;
Machine à  Café SENCOR SCE-3700BK;SCE-3700BK;34000;Machine à Café;https://ambulantenligne.com/8852/machine-a-cafe-sencor-sce-3700bk.jpg;;;;;;;;
Balance perSonnel de fitness| Sencor | SBS 6015BK;SBS 6015BK;23500;Petit électro;https://ambulantenligne.com/8857/balance-perSonnel-de-fitness-sencor-sbs-6015bk.jpg;;;;;;;;
Balances perSonnelles | Sencor | SBS 5050BK;SBS 5050BK;22500;Petit électro;https://ambulantenligne.com/8859/balance-bluetooth-fitness-sencor-sbs-8000bk.jpg;;;;;;;;
Machine à  Café sencor;;0;Petit électro;https://ambulantenligne.com/8870/machine-a-cafe-sencor.jpg;;;;;;;;
fer à  lisser sencor;;0;Petit électro;https://ambulantenligne.com/8876/fer-a-lisser-sencor.jpg;;;;;;;;
Rasoir électrique sencor;;0;Petit électro;https://ambulantenligne.com/8877/rasoir-electrique-sencor.jpg;;;;;;;;
Rasoir électrique  sencor rechargeable;;0;Petit électro;https://ambulantenligne.com/8881/rasoir-electrique-sencor-rechargeable.jpg;;;;;;;;
Mixeur Blender  sencor;;0;Petit électro;https://ambulantenligne.com/8886/mixeur-blender-sencor.jpg;;;;;;;;
Aspirateur SENCOR;;0;Petit électro;https://ambulantenligne.com/8888/Aspirateur-sencor-.jpg;;;;;;;;
Aspirateur SENCOR;;0;Petit électro;https://ambulantenligne.com/8892/Aspirateur-sencor-.jpg;;;;;;;;
Ventilateur SENCOR;;0;Climatisation;https://ambulantenligne.com/8896/Ventilateur-sencor.jpg;;;;;;;;
Rasoir électrique SENCOR;;0;Petit électro;https://ambulantenligne.com/8898/rasoir-electrique-sencor-.jpg;;;;;;;;
Fer à  repasser SENCOR SSI-2027BL-MEG2;SSI-2027BL-MEG2;12000;Accueil;https://ambulantenligne.com/8899/fer-a-repasser-a-vapeur-sencor-.jpg;;;;;;;;
Cuiseur de riz  SENCOR;;0;Petit électro;https://ambulantenligne.com/8900/cuiseur-de-riz-sencor.jpg;;;;;;;;
Machine à  Café SENCOR;;0;Petit électro;https://ambulantenligne.com/8902/machine-a-cafe-sencor.jpg;;;;;;;;
Tondeuse à  cheveux SENCOR Clipper SHP320SL;SHP320SL;17500;Rasoir électrique;https://ambulantenligne.com/8915/tondeuse-a-cheveux-sencor-clipper-shp320sl.jpg;;;;;;;;
Mixeur de Cuisine SENCOR Nutri SNB 4302SS;SNB 4302SS;47500;Mixeur & Jus;https://ambulantenligne.com/8918/mixeur-de-Cuisine-sencor-nutri-snb-4302ss.jpg;;;;;;;;
Batteur SENCOR Bol en inox de 4 Litres STM 3625VT;STM 3625VT;72500;Robot de Cuisine;https://ambulantenligne.com/8921/batteur-sencor-bol-en-inox-de-4-Litres-stm-3625vt.jpg;;;;;;;;
Cuiseur à  Åufs Sencor SEG 710BP;SEG 710BP;12500;Appareil de Cuisson;https://ambulantenligne.com/8922/cuiseur-a-oeufs-sencor-seg-710bp.jpg;;;;;;;;
Friteuse à  air Sencor 1700 w avec Panier de 6L SFR6100BK;SFR6100BK;85000;Appareil de Cuisson;https://ambulantenligne.com/8940/friteuse-a-air-sencor-1700-w-avec-panier-de-6l-sfr6100bk.jpg;;;;;;;;
Bouilloire Electrique SENCOR 1;5L SWK-1503R;SWK-1503R;14500;Peit déjeuner;https://ambulantenligne.com/8929/bouilloire-electrique-sencor-15l-swk-1503r.jpg;;;;;;;
Réchaud SENCOR double Plaque de cuisson Electrique SCP 2254BK;SCP 2254BK;24900;Appareil de Cuisson;https://ambulantenligne.com/8931/Réchaud-sencor-double-plaque-de-cuisSon-electrique-scp-2254bk.jpg;;;;;;;;
Bouilloire Electrique SENCOR 1;5L SWK1504RD;SWK1504RD;14500;Peit déjeuner;https://ambulantenligne.com/8933/bouilloire-electrique-sencor-15l-swk1504rd.jpg;;;;;;;
"Smart Tv WESTPOOL 42"" WP/K-42A9 Android";WP/K-42C-A9;170000;Accueil;https://ambulantenligne.com/8934/smart-Tv-westpool-42-wpk-42a9-android.jpg;;;;;;;;
Réfrigérateur combiné 3 Tiroirs HOTPOINT Ariston 462 Litres HA70BI31S No-Frost;HA70BI31S;550000;351 Litres ET Plus;https://ambulantenligne.com/8958/hotpoint-Réfrigerateur-combine-ha70bi31s-462-lno-frost.jpg;;;;;;;;
Réfrigérateur ROCH 2 portes 294 Litres RFR-375DT;RFR-375DT;247500;Accueil;https://ambulantenligne.com/8939/Réfrigerateur-roch-2-portes-375-Litres-rfr-375dt.jpg;;;;;;;;
"Smart Tv 55"" PanaSonic Android 4K HDR UHD TH-55HX750K";TH-55HX750K;370000;55 Pouces & Plus;https://ambulantenligne.com/8945/-smart-Tv-55-panaSonic-android-4k-hdr-uhd-th-55hx750k.jpg;;;;;;;;
"Smart Tv 65"" PanaSonic Android 4K HDR UHD TH-65HX750M";TH-65HX750M;515000;Smart Tv 4K;https://ambulantenligne.com/8948/smart-Tv-65-panaSonic-android-4k-hdr-uhd-th-65hx750m.jpg;;;;;;;;
"Smart Tv 75"" PanaSonic Android 4K HDR UHD TH-75JX660M";TH-75JX660M;890000;Smart Tv 4K;https://ambulantenligne.com/8951/smart-Tv-75-panaSonic-android-4k-hdr-uhd-th-75jx660m.jpg;;;;;;;;
Barre de Son     LG SL4 Bluetooth Sans fil 300w;SL4;112500;Accueil;https://ambulantenligne.com/8954/barre-de-Son-lg-sl4-bluetooth-sans-fil-300w.jpg;;;;;;;;
"Smart Tv SAMSUNG 65"" 4K UHD incurvà© 65RU7300";65RU7300;630000;Accueil;https://ambulantenligne.com/8980/smart-Tv-samsung-65-4k-uhd-incurve-65ru7300.jpg;;;;;;;;
Dà©froisseur à  vapeur Philips GC484/49;GC484/49;87500;Repassage;https://ambulantenligne.com/8997/defroisseur-a-vapeur-philips-gc48449.jpg;;;;;;;;
Aspirateur Hitachi CV-960F 2200W;CV-960F;99900;Aspirateur;https://ambulantenligne.com/8998/Aspirateur-hitachi-cv-960f-2200w.jpg;;;;;;;;
Aspirateur Hitachi 18 Litres CV-950F - 2100W;CV-950F;99900;Aspirateur;https://ambulantenligne.com/11283/-Aspirateur-hitachi-18-Litres-cv-950f-2100w.jpg;;;;;;;;
Aspirateur PanaSonic de la sà©rie Deluxe 6L 2000W MC-CG713;MC-CG713;135000;Aspirateur;https://ambulantenligne.com/9004/Aspirateur-panaSonic-de-la-serie-deluxe-6l-2000w-mc-cg713.jpg;;;;;;;;
Aspirateur Toshiba 20 Litres VC-DR180A 1800W;VC-DR180A;95000;Aspirateur;https://ambulantenligne.com/9002/-Aspirateur-toshiba-20-Litres-vc-dr180a-1800w.jpg;;;;;;;;
Aspirateur PanaSonic Deluxe Series avec sac MC-CG711; 1900W;MC-CG711;87500;Aspirateur;https://ambulantenligne.com/9006/Aspirateur-panaSonic-deluxe-series-avec-sac-mc-cg711-1900w.jpg;;;;;;;
Dà©froisseur à  Vapeur Philips 1.8L 2000W tàªte flexible GC558;GC558;200000;Repassage;https://ambulantenligne.com/9009/defroisseur-a-vapeur-philips-18l-2000w-tete-flexible-gc558.jpg;;;;;;;;
Téléviseur Led ASTECH 42 Pouces 42FC7;42FC7;125000;Accueil;https://ambulantenligne.com/9018/televiseur-Led-astech-42-Pouces-42fc7.jpg;;;;;;;;
Fer à  vapeur PHILIPS 2000W anticalcaire GC2140;;25000;Accueil;https://ambulantenligne.com/9170/fer-a-vapeur-philips-2000w-anticalcaire-gc2140.jpg;;;;;;;;
Téléphone SAMSUNG GALAXY A03 Core ROM 32Go RAM 2Go Ecran 6.5â³;A03 Core;50000;Accueil;https://ambulantenligne.com/9218/telephone-samsung-galaxy-a03-core-memoire-32-go-ram-2go-photo-8-mpx-ecran-65.jpg;;;;;;;;
Téléphone SAMSUNG GALAXY TAB A7 Lite 8.7'' ROM 32Go RAM 3Go;TAB A7 LITE;83000;Accueil;https://ambulantenligne.com/9224/telephone-samsung-galaxy-tab-a7-lite-87-rom-32go-ram-3go.jpg;;;;;;;;
Split mobile BESTRON 7000BTU AAC7000;AAC7000;185000;Accueil;https://ambulantenligne.com/9236/climatiseur-mobile-bestron-7000btu-aac7000.jpg;;;;;;;;
Split mobile HONEYWELL 14000BTU HJ14CESVWK;HJ14CESVWK;197500;Accueil;https://ambulantenligne.com/9241/split-mobile-honeywell-12000btu-hj14cesvwk.jpg;;;;;;;;
"Smart Tv SAMSUNG 65"" crystal 4K UHD 65AU8000";65AU8000;620000;Accueil;https://ambulantenligne.com/9243/smart-Tv-samsung-65-crystal-4k-uhd-65au8000.jpg;;;;;;;;
"Smart Tv SAMSUNG 75"" crystal 4K UHD 75TU8000 (2020)";75TU8000;975000;Accueil;https://ambulantenligne.com/9245/smart-Tv-samsung-75-crystal-4k-uhd-75tu8000-2020.jpg;;;;;;;;
Chauffe eau Thermor 75L;;130000;50 - 80 Litres;https://ambulantenligne.com/9256/chauffe-eau-thermor-75l.jpg;;;;;;;;
Chauffe eau THERMOR 100L;100l thermor;155000;AVEC FRIGO;https://ambulantenligne.com/9257/chauffe-eau-thermor-100l.jpg;;;;;;;;
Chauffe eau THERMOR 150 Litres;150THERMOR;240000;Accueil;https://ambulantenligne.com/9259/chauffe-eau-thermor-150-Litres-.jpg;;;;;;;;
Chauffe eau THERMOR 200 Litres;150THERMOR;285000;Accueil;https://ambulantenligne.com/9261/chauffe-eau-thermor-150-Litres-.jpg;;;;;;;;
Barre de Son     HISENSE 300W HS312;HS312;149900;Barre de Son    ;https://ambulantenligne.com/9351/barre-de-Son-hisense-hs312.jpg;;;;;;;;
Barre de Son     Hisense 60w 2.0 HS205;HS205;60000;Barre de Son    ;https://ambulantenligne.com/9352/barre-de-Son-hisense-hs205-20-canaux.jpg;;;;;;;;
Réfrigerateur combiné SMART TECHNOLOGY 3 Tiroirs 186L STCB- 277H;STCB-277H;167500;Moins de 200 Litres;https://ambulantenligne.com/9397/Réfrigerateur-smart-technology-combine-3-Tiroirs-stcb-277h.jpg;;;;;;;;
Réfrigérateur combiné SMART Technology 5 Tiroirs 229L STCB-307;STCB-307;195000;201 - 350 Litres;https://ambulantenligne.com/9400/Réfrigerateur-smart-technology-combine-5-Tiroirs-stcb-307.jpg;;;;;;;;
Réfrigerateur combiné SMART TECHNOLOGY 3 Tiroirs 229L STCB-322H;STCB-322H;157500;201 - 350 Litres;https://ambulantenligne.com/9405/Réfrigerateur-smart-technology-combine-3-Tiroirs-229l-stcb-322h.jpg;;;;;;;;
Congélateur SMART TECHNOLOGY  Vertical 7 Tiroirs 350 L STCD-550;STCD-550;0;7 Tiroirs & Plus;https://ambulantenligne.com/9444/Congélateur-smart-technology-vertical-7-Tiroirs-350-l-stcd-550-.jpg;;;;;;;;
Réfrigérateur combiné TECNOLUX 5 Tiroirs 260 Litres TEC-36B;TEC-36;240000;201 - 350 Litres;https://ambulantenligne.com/9450/Réfrigerateur-combine-tecnolux-5-Tiroirs-260-Litres-noir-tec-36b.jpg;;;;;;;;
Congélateur Vitrine BERKLAYS 400 LITRE CW300;;267500;Accueil;https://ambulantenligne.com/9468/Congélateur-Vitrine-berklays-400-litre-cw300.jpg;;;;;;;;
Congélateur ELECTROCOOL vertical 4 Tiroirs DD1-12 SILVER;;137500;Accueil;https://ambulantenligne.com/9469/Congélateur-electrocool-vertical-4-Tiroirs-dd1-12-silver.jpg;;;;;;;;
Congélateur ELECTROCOOL vertical 4 Tiroirs DD1-12 white;;137500;Accueil;https://ambulantenligne.com/9471/Congélateur-electrocool-vertical-4-Tiroirs-dd1-12-silver.jpg;;;;;;;;
Congélateur Vertical FINLUX 7 Tiroirs plaque aluminium GT-332;;297500;Accueil;https://ambulantenligne.com/9477/Congélateur-vertical-finlux-7-Tiroirs-plaque-aluminium-gt-332-.jpg;;;;;;;;
Congélateur Vertical CANDY 7 Tiroirs 271L no-frost CFF1864M/N;CFF1864M/N;322500;Accueil;https://ambulantenligne.com/9478/Congélateur-vertical-candy-7-Tiroirs-no-frost-cff-1864mn-.jpg;;;;;;;;
copy of Congélateur ICONA horizontal solaire 300L ILSCF-360;;314900;Accueil;https://ambulantenligne.com/9484/Congélateur-icona-horizontal-solaire-210l-ilscf260-blanc.jpg;;;;;;;;
Congélateur ICONA horizontal ILRFC 115H blanc & gold;;115000;Moins de 250 Litres;https://ambulantenligne.com/9487/Congélateur-icona-horizontal-130l-ilrfc-115h-blanc-gold.jpg;;;;;;;;
Congélateur ICONA horizontal ILRFC 115H silver;;107500;Accueil;https://ambulantenligne.com/9491/Congélateur-icona-horizontal-130l-ilrfc-115h-blanc-gold.jpg;;;;;;;;
Réfrigérateur WESTPOOL side by side 4 Portes No frost NOIR RFCD/MD-639;RFCD/MD-639;587500;Side by side & Multiportes;https://ambulantenligne.com/9499/Réfrigerateur-westpool-side-by-side-4-portes-no-frost-noir-rfcdmd-639.jpg;;;;;;;;
Réfrigérateur HITACHI Side By Side 582L RS800P2BX Noir;RS800P2BX;795000;Side by side & Multiportes;https://ambulantenligne.com/9524/Réfrigerateur-hitachi-side-by-side-582l-rs800p2bx-noir.jpg;;;;;;;;
Réfrigérateur HITACHI Side By Side R-WB710PUC9 GBK NOIR;R-WB710PUC9;690000;Side by side & Multiportes;https://ambulantenligne.com/9527/Réfrigerateur-hitachi-side-by-side-r-wb710puc9-gbk-noir.jpg;;;;;;;;
Machine à  laver BINATONE 7kg semi automatique BWM-070B;BWM-070B;105000;Accueil;https://ambulantenligne.com/9529/machine-a-laver-binatone-7kg-semi-automatique-bwm-070b.jpg;;;;;;;;
Hotte   de Cuisine HAIER Encastrable 60/60 PCHT20EG inox;;152500;Hotte   60cm;https://ambulantenligne.com/9530/Hotte  -Encastrable-haier-6060-pcht20eg-inox.jpg;;;;;;;;
SPA Massage des pieds SFM 3721VT;SFM 3721VT;49000;Produit d'entretien;https://ambulantenligne.com/9534/spa-massage-des-pieds-sfm-3721vt.jpg;;;;;;;;
Balance de Cuisine SENCOR avec Plat en Acier Inoxydable SKS4030BK Noire;SKS4030BK;24600;Ustensile de Cuisine;https://ambulantenligne.com/9536/balance-de-Cuisine-sencor-avec-plat-en-acier-inoxydable-sks4030bk-noire.jpg;;;;;;;;
Balance de Cuisine SENCOR Ultra mince SKS7001BK;SKS7001BK;18500;Ustensile de Cuisine;https://ambulantenligne.com/9537/balance-de-Cuisine-sencor-ultra-mince-sks7001bk.jpg;;;;;;;;
Pese-perSonne fitness bluetooth SENCOR Ecran LCD SBS8000BK;SBS8000BK;24000;Produit d'entretien;https://ambulantenligne.com/9540/pese-perSonne-fitness-bluetooth-sencor-sbs8000bk.jpg;;;;;;;;
Pese-perSonne SENCOR Ecran LCD surface en verre SBS113SL;SBS113SL;23500;Produit d'entretien;https://ambulantenligne.com/9541/pese-perSonne-sencor-ecran-lcd-surface-en-verre-sbs113sl.jpg;;;;;;;;
Smart Tv EVVOLI 65 Pouces Qled 4k UHD 65EV350 QA;;480000;Smart Tv 4K;https://ambulantenligne.com/9549/smart-Tv-evvoli-65-Pouces-Qled-4k-uhd-65ev350-qa.jpg;;;;;;;;
Smart Tv EVVOLI 58 Pouces  4k UHD 58EV200US;;335000;Smart Tv 4K;https://ambulantenligne.com/9550/smart-Tv-evvoli-58-Pouces-4k-uhd-58ev200us.jpg;;;;;;;;
Téléviseur Led SHARP 43 Pouces 2T-C43BC6;;172500;Accueil;https://ambulantenligne.com/9560/televiseur-Led-sharp-43-Pouces-2t-c43bc6.jpg;;;;;;;;
Micro onde Encastrable HAIER 28L HBMW28L noir;;170000;Encastrable;https://ambulantenligne.com/9566/Micro-onde-Encastrable-haier-23l-hbmw23l-noir.jpg;;;;;;;;
Machine à  laver SHARP 9Kg Top Loading ES-MW115Z-H;ES-MW115Z-H;235000;Accueil;https://ambulantenligne.com/9572/machine-a-laver-sharp-9kg-top-loading-es-mw115z-h.jpg;;;;;;;;
Machine à  laver LG 20KG Lavage / 12KG Séchage A+++ FOKICHK2T2;;987500;Lavante Séchante;https://ambulantenligne.com/9595/machine-a-laver-lg-20kg-lavage-12kg-sechage-a-fokichk2t2.jpg;;;;;;;;
Cave à  vin CANDY 41 bouteilles divino CWC150EU;CWC150EU;245000;Moins de 250 Litres;https://ambulantenligne.com/9601/cave-a-vin-candy-41-bouteilles-divino-cwc150eu.jpg;;;;;;;;
Cave à  vin CANDY 82 bouteilles divino CWC200EELWD;CWC200EELWD;410000;Moins de 200 Litres;https://ambulantenligne.com/9603/cave-a-vin-candy-82-bouteilles-divino-cwc200eelwd.jpg;;;;;;;;
Machine à  laver industriel          le LG 10KG Lavage / 10KG Séchage FH069FD2F+ RV1329CD7P;;1875000;Lavante Séchante;https://ambulantenligne.com/9605/machine-a-laver-industriel          le-lg-10kg-lavage-10kg-sechage-fh069fd2f-rv1329cd7p.jpg;;;;;;;;
Machine à  laver industriel          le ALLIANCE 12.5KG Lavage / 10.5KG Séchage à  gaz butane ATGE9ASP305XW01;;1990000;Lavante Séchante;https://ambulantenligne.com/9610/machine-a-laver-industriel          le-alliance-125kg-lavage-105kg-sechage-a-gaz-butane-atge9asp305xw01.jpg;;;;;;;;
Cuisinière WESTPOOL 4 Feux à  gaz GC-GS5050-G40;;79900;4 Feux;https://ambulantenligne.com/9611/cuisiniere-westpool-4-Feux-a-gaz-gc-gs5050-g40.jpg;;;;;;;;
Cuisinière WESTPOOL 4 Feux 3 Gaz 1 Electrique 60/60 GC/FR-6060-S31G;;155000;4 Feux 60/60;https://ambulantenligne.com/9612/cuisiniere-westpool-4-Feux-3-gaz-1-electrique-6060-gcfr-6060-s31g.jpg;;;;;;;;
Cuisinière WESTPOOL 6 Feux 4 Gaz 2 Electrique 90/60 GC/FR-9060-E42G;;249900;6 Feux;https://ambulantenligne.com/9615/cuisiniere-westpool-6-Feux-4-gaz-2-electrique-9060-gcfr-9060-e42g.jpg;;;;;;;;
Cuisinière WESTPOOL 4 Feux à  gaz 60/60 GC-GS6060-40GG;;122500;4 Feux 60/60;https://ambulantenligne.com/9616/cuisiniere-westpool-4-Feux-a-gaz-6060-gc-gs6060-40gg.jpg;;;;;;;;
Imprimante tout-en-un grand format HP officiel jet Pro 7740;;235000;Imprimante Jet d'encre    ;https://ambulantenligne.com/9617/imprimante-tout-en-un-grand-format-hp-officiel-jet-pro-7740.jpg;;;;;;;;
Imprimante multifonction HP Color LaserJet Pro M283fdw;;390000;Imprimante WIFI;https://ambulantenligne.com/9619/imprimante-multifonction-hp-color-laserjet-pro-m283fdw.jpg;;;;;;;;
Fer à  repasser HAVELLS à  sec AUG 2018 1000W;;7500;Repassage;https://ambulantenligne.com/9624/fer-a-repasser-havells-a-sec-aug-2018-1000w.jpg;;;;;;;;
Machine à  laver SAMSUNG 11KG chargement par le haut gris WA11T5260B4;;300000;10 kg et Plus;https://ambulantenligne.com/9626/machine-a-laver-samsung-11kg-chargement-par-le-haut-gris-wa-11t-5260b4.jpg;;;;;;;;
Micro onde Roch 20 Litres miroir RMW-20LD7CP-AB;RMW-20LD7CP-AB;50000;Moins de 25 Litres;https://ambulantenligne.com/9634/Micro-onde-roch-20-Litres-miroir-rmw-20ld7cp-ab.jpg;;;;;;;;
Micro onde Roch Analogue RMW-20LM7CM-AB;RMW-20LM7CM-AB;43000;Moins de 25 Litres;https://ambulantenligne.com/9636/Micro-onde-roch-analogue-rmw-20lm7cm-ab.jpg;;;;;;;;
"Ventilateur sur pied avec télécommande ROCH 16"" USSF-606";USSF-606;22500;Ventilo Sur Pied;https://ambulantenligne.com/9640/Ventilateur-sur-pied-avec-telecommande-roch-16-ussf-606.jpg;;;;;;;;
Réfrigérateur SHARP 2 portes 250 Litres no frost SJ-GN285 Bleu;SJ-GN285 Bleu;285000;201 - 350 Litres;https://ambulantenligne.com/9642/Réfrigerateur-sharp-2-portes-250-Litres-no-frost-sj-gn285-bleu.jpg;;;;;;;;
Réfrigérateur SHARP 2 portes 250 Litres no frost SJ-GN285 Marron;SJ-GN285 Marron;250000;201 - 350 Litres;https://ambulantenligne.com/9645/Réfrigerateur-sharp-2-portes-250-Litres-no-frost-sj-gn285-marron.jpg;;;;;;;;
Réfrigérateur SHARP 1 porte 182 Litres SJ-GD235 Bleu;SJ-GD235 Bleu;184900;Moins de 200 Litres;https://ambulantenligne.com/9646/Réfrigerateur-sharp-1-porte-190-Litres-sj-gd235-bleu.jpg;;;;;;;;
Machine à  laver SAMSUNG 16KG top loading gris WA16T6260B;;439900;10 kg et Plus;https://ambulantenligne.com/9670/machine-a-laver-samsung-16kg-top-loading-gris-wa16t6260b.jpg;;;;;;;;
Machine à  laver SAMSUNG 17KG top loading gris WA18M8700GV noir;;0;10 kg et Plus;https://ambulantenligne.com/9671/machine-a-laver-samsung-17kg-top-loading-gris-wa18m8700gv-noir.jpg;;;;;;;;
Réfrigérateur combiné SMART TECHNOLOGY 4 Tiroirs 254 Litres STCB-304;;232500;Frigo combiné;https://ambulantenligne.com/9679/Réfrigerateur-combine-smart-technology-4-Tiroirs-254-Litres-stcb-304.jpg;;;;;;;;
Mixeur Blender HAVELLS RIGO JAR 1.5L 500W bleu & blanc;;25000;Mixeur & Jus;https://ambulantenligne.com/9680/mixeur-blender-havells-rigo-jar-15l-500w-bleu-blanc.jpg;;;;;;;;
Mixeur Blender HERZBERG 1.7L 600w HC-5008-BK;;14500;Mixeur & Jus;https://ambulantenligne.com/9687/mixeur-blender-herzberg-17l-600w-hc-5008-bk.jpg;;;;;;;;
Mixeur Blender SMART TECHNOLOGY 1.5L 500w STPE-1000;STPE-1000;12500;Mixeur & Jus;https://ambulantenligne.com/9688/mixeur-blender-smart-technology-15l-500w-stpe-1000.jpg;;;;;;;;
Chauffe eau GLOBAL vertical45 Litres ES50V-A3;;69500;50 - 80 Litres;https://ambulantenligne.com//chauffe-eau-global-vertical45-Litres-es50v-a3.jpg;;;;;;;;
Chauffe eau Electrique LEGEND 30 Litres 30VLX0;30VLX0;65000;15 - 30 Litres;https://ambulantenligne.com/9692/chauffe-eau-electrique-legend-30-Litres-.jpg;;;;;;;;
Split portable COMFEE 1.25CV 9000BTU COM09-9000B;;162500;Split/Clim Mobile;https://ambulantenligne.com/9699/split-portable-comfee-125cv-9000btu-com09-9000b.jpg;;;;;;;;
Split portable COMFEE 1.5CV 12000BTU COM12-12000;;182500;12.000 Btu/1.5Cv;https://ambulantenligne.com/9700/split-portable-comfee-125cv-9000btu-com09-9000b.jpg;;;;;;;;
copy of Split portable COMFEE 1.5CV 12000BTU COM12-12000;;185000;12.000 Btu/1.5Cv;https://ambulantenligne.com/9702/split-portable-comfee-125cv-9000btu-com09-9000b.jpg;;;;;;;;
Split portable INVENTUM  1.25CV 9000BTU CLIINV09-9000BT;;162500;Split/Clim Mobile;https://ambulantenligne.com/9704/split-portable-inventum-125cv-9000btu-cliinv09-9000bt.jpg;;;;;;;;
Split mobile MIDEA 1.25CV 9000BTU ECO27 MID09-09BTUE;;162500;Split/Clim Mobile;https://ambulantenligne.com/9707/split-mobile-midea-125cv-9000btu-eco27-mid09-09btue.jpg;;;;;;;;
Cuisinière LG 5 Feux sécurité totale Inox FA415RMA;;467500;5 Feux;https://ambulantenligne.com/9710/cuisiniere-lg-5-Feux-securite-totale-inox-fa415rma.jpg;;;;;;;;
Congélateur ASTECH horizontal CH580WB;CH580WB;305000;501 Litres & Plus;https://ambulantenligne.com/9714/Congélateur-astech-horizontal-ch580wb.jpg;;;;;;;;
Congélateur BEKO Horizontal + kit solaire HS305S;;325000;251 - 500 Litres;https://ambulantenligne.com/9715/Congélateur-beko-horizontal-kit-solaire-hs305s.jpg;;;;;;;;
Congélateur Vitrine horizontal BERKLAYS CW300;;270000;Congélateur Vitrine;https://ambulantenligne.com/9718/Congélateur-Vitrine-horizontal-berklays-cw300.jpg;;;;;;;;
Congélateur horizontal WESTPOOL SW500;SW500;287500;501 Litres & Plus;https://ambulantenligne.com/9719/Congélateur-horizontal-westpool-500-Litres-sw500.jpg;;;;;;;;
Congélateur horizontal WESTPOOL 700 Litres SILVER CF/P-631S;;360000;501 Litres & Plus;https://ambulantenligne.com/9720/Congélateur-horizontal-westpool-700-Litres-silver-cfp-631s.jpg;;;;;;;;
Congélateur horizontal WESTPOOL 550 Litres SILVER CF/P505;;0;501 Litres & Plus;https://ambulantenligne.com/9721/Congélateur-horizontal-westpool-550-Litres-silver-cfp505.jpg;;;;;;;;
Congélateur horizontal WESTPOOL 337 Litres avec vitre SW337 silver;SW337;222500;251 - 500 Litres;https://ambulantenligne.com/9724/Congélateur-horizontal-westpool-337-Litres-avec-vitre-sw337-silver.jpg;;;;;;;;
Congélateur horizontal WESTPOOL 245 Litres avec vitre CFS/SW-245 silver;CFS/SW-245;177500;Moins de 250 Litres;https://ambulantenligne.com/9723/Congélateur-horizontal-westpool-250-Litres-avec-vitre-cfssw-245-silver.jpg;;;;;;;;
Ventilateur à  eau / ReFroidisseur dâair 70 Litres Bajaj DC102;;145000;Purificateur d'air;https://ambulantenligne.com/9725/Ventilateur-a-eau-reFroidisseur-dair-70-Litres-bajaj-dc102-.jpg;;;;;;;;
Ventilateur à  eau / ReFroidisseur dâair 35 Litres Bajaj TMH35;TMH35;110000;Ventilateur;https://ambulantenligne.com/9726/Ventilateur-a-eau-reFroidisseur-dair-35-Litres-bajaj-tmh35.jpg;;;;;;;;
Ventilateur à  eau / ReFroidisseur dâair 25 Litres BAJAJ avec telecommande TDH25;TDH25;107500;Ventilateur;https://ambulantenligne.com/11462/Ventilateur-a-eau-reFroidisseur-dair-25-Litres-bajaj-tdh25.jpg;;;;;;;;
Ventilateur à  eau / ReFroidisseur dâair 67 Litres BAJAJ DMH67;DMH67;145000;Ventilateur;https://ambulantenligne.com/9728/Ventilateur-a-eau-reFroidisseur-dair-67-Litres-bajaj-dmh67.jpg;;;;;;;;
Congélateur MIDEA Horizontal 142L HS-185C silver;HS-185C;147500;Congélateur Horizontal;https://ambulantenligne.com/9732/Congélateur-midea-horizontal-142l-hs-185c-silver.jpg;;;;;;;;
Congélateur MIDEA Horizontal 400L HS377C blanc;HS377C;245000;251 - 500 Litres;https://ambulantenligne.com/9733/Congélateur-midea-horizontal-400lhs-377c-blanc.jpg;;;;;;;;
Congélateur MIDEA vertical 7 Tiroirs 238L Nofrost MU338A2;;287500;7 Tiroirs & Plus;https://ambulantenligne.com/9734/Congélateur-midea-vertical-7-Tiroirs-238l-inox-mu338a2.jpg;;;;;;;;
Congélateur MIDEA horizontal 500L HS-506C 506;;307500;251 - 500 Litres;https://ambulantenligne.com/9736/Congélateur-midea-horizontal-500l-hs-506c-506.jpg;;;;;;;;
Congélateur MIDEA horizontal 700L MDRC698FZE01;MDRC698FZE01;414900;501 Litres & Plus;https://ambulantenligne.com/9737/Congélateur-midea-horizontal-700l-hs-670c.jpg;;;;;;;;
Congélateur Vertical PKM GS 5 Tiroirs 153L 169.4 A++ blanc;;0;3 - 6 Tiroirs;https://ambulantenligne.com/9738/Congélateur-vertical-pkm-gs-5-Tiroirs-153l-1694-a-blanc.jpg;;;;;;;;
Congélateur ICONA horizontal ILRFC 165H blanc;;145000;Moins de 250 Litres;https://ambulantenligne.com/9740/Congélateur-icona-horizontal-ilrfc-165h-blanc.jpg;;;;;;;;
Congélateur ICONA horizontal ILRFC 165H gold;;140000;Moins de 250 Litres;https://ambulantenligne.com/9742/Congélateur-icona-horizontal-ilrfc-165h-blanc.jpg;;;;;;;;
Congélateur ICONA horizontal ILRFC 165H silver;;142500;Moins de 250 Litres;https://ambulantenligne.com/9743/Congélateur-icona-horizontal-ilrfc-165h-blanc.jpg;;;;;;;;
Congélateur ICONA vertical 8 Tiroirs plaque alum ILUF280C;ILUF280C;242500;7 Tiroirs & Plus;https://ambulantenligne.com/9745/Congélateur-icona-vertical-8-Tiroirs-plaque-alum-iluf280c-.jpg;;;;;;;;
Congélateur ICONA vertical 9 Tiroirs plaque alum ILUF-320SS;;287500;7 Tiroirs & Plus;https://ambulantenligne.com//Congélateur-icona-vertical-9-Tiroirs-plaque-alum-iluf-320ss.jpg;;;;;;;;
Congélateur ICONA horizontal ILRFC 215H blanc;;149900;Moins de 250 Litres;https://ambulantenligne.com/9747/Congélateur-icona-horizontal-ilrfc-215h-blanc.jpg;;;;;;;;
Congélateur ICONA horizontal ILRFC 215H silver;;157500;Moins de 250 Litres;https://ambulantenligne.com/9749/Congélateur-icona-horizontal-ilrfc-215h-blanc.jpg;;;;;;;;
Machine à  Café SMART TECHNOLOGY STPE-1202C - 0.24 Litres;;13000;Machine à Café;https://ambulantenligne.com/9753/machine-a-cafe-smart-technology-stpe-1202c-024-Litres.jpg;;;;;;;;
Machine à  Café SMART TECHNOLOGY STPE-1707C - 0.6 Litres;;15000;Machine à Café;https://ambulantenligne.com/9754/machine-a-cafe-smart-technology-stpe-1707c-06-Litres.jpg;;;;;;;;
Micro onde gril Encastrable CANDY MICG 25 GDFN 25 Litres noir 38900049;MICG 25 GDFN;210000;25 à  40 Litres;https://ambulantenligne.com/9758/Micro-onde-gril-Encastrable-candy-micg-25-gdfn-25-Litres-noir-38900049.jpg;;;;;;;;
Congélateur horizontal WHIRLPOOL 400 Litres CF 600 T blanc;;2875000;251 - 500 Litres;https://ambulantenligne.com/9762/Congélateur-horizontal-whirlpool-400-Litres-cf-600-t-blanc.jpg;;;;;;;;
Hotte   de Cuisine ELACTRON 90/60cm Electrique D002/60 noir;;0;Hotte   90Cm;https://ambulantenligne.com/9764/Hotte  -de-Cuisine-elactron-9060cm-electrique-d00260-noir.jpg;;;;;;;;
Hotte   de Cuisine BEKO aspirante murale 90/60cm HCB91731BX inox;;0;Hotte   90Cm;https://ambulantenligne.com/9765/Hotte  -de-Cuisine-beko-aspirante-murale-9060cm-hcb91731bx-inox.jpg;;;;;;;;
Hotte   de Cuisine BEKO aspirante murale 60/30cm CTB 6407 X inox;;0;Hotte   60cm;https://ambulantenligne.com/9766/Hotte  -de-Cuisine-beko-aspirante-murale-6030cm-ctb-6407-x-inox.jpg;;;;;;;;
Hotte   de Cuisine BEKO 60cm filtre aluminium CFB6432X inox;;0;Hotte   60cm;https://ambulantenligne.com/9767/Hotte  -de-Cuisine-beko-60cm-filtre-aluminium-cfb6432x-inox.jpg;;;;;;;;
Micro onde ICONA 20 Litres ILMO-2015XW blanc;;38500;Moins de 25 Litres;https://ambulantenligne.com/9768/Micro-onde-icona-20-Litres-ilmo-2015xw-blanc.jpg;;;;;;;;
Micro onde ICONA 20 Litres ILMO-2035XB noir;;50000;Moins de 25 Litres;https://ambulantenligne.com/9769/Micro-onde-icona-20-Litres-ilmo-2035xb-noir.jpg;;;;;;;;
Split ICONA 1.25CV 9000 BTU ILSAC-0910C R22;;145000;9.000 BTU/1.25CV;https://ambulantenligne.com/9770/split-icona-125cv-9000-btu-ilsac-0910c-r22.jpg;;;;;;;;
Split ICONA 1.5CV 12000 BTU R22;;162500;12.000 Btu/1.5Cv;https://ambulantenligne.com/9774/split-icona-125cv-9000-btu-ilsac-0910c-r22.jpg;;;;;;;;
Congélateur Vertical SMART TECHNOLOGY 6 Tiroirs  STCM 335H;;190000;3 - 6 Tiroirs;https://ambulantenligne.com//Congélateur-vertical-smart-technology-6-Tiroirs-stcm-335h.jpg;;;;;;;;
Split ICONA 3CV 24000 BTU R22;;0;24.000 BTU/3CV;https://ambulantenligne.com/9792/split-icona-125cv-9000-btu-ilsac-0910c-r22.jpg;;;;;;;;
Split ICONA armoire 3CV 24000 btu;;0;Split/Clim Mobile;https://ambulantenligne.com/9793/split-icona-armoire-3cv-24000-btu-.jpg;;;;;;;;
Réfrigérateur Vitrine ICONA 180 Litres ILDSF-318H;;0;Moins de 250 Litres;https://ambulantenligne.com/9794/Réfrigerateur-Vitrine-icona-180-Litres-ildsf-318h.jpg;;;;;;;;
copy of Réfrigérateur Vitrine ICONA 180 Litres ILDSF-318H;;0;Moins de 250 Litres;https://ambulantenligne.com/9795/Réfrigerateur-Vitrine-icona-180-Litres-ildsf-318h.jpg;;;;;;;;
Réfrigérateur Vitrine ICONA 270 Litres ILRF-;;0;400 Litres et Plus;https://ambulantenligne.com/9796/Réfrigerateur-Vitrine-icona-270-Litres-ilrf-.jpg;;;;;;;;
Mixeur Blender ICONA 1.5L 350W ILB-8021;;15000;Mixeur & Jus;https://ambulantenligne.com/9797/mixeur-blender-icona-15l-350w-ilb-8021-.jpg;;;;;;;;
Mixeur Blender ICONA 1.5L 300W ILB-7021;;12000;Mixeur & Jus;https://ambulantenligne.com/9798/mixeur-blender-icona-15l-300w-ilb-7021-.jpg;;;;;;;;
Mixeur Blender ICONA 1.5L 300W ILB-5021;;13000;Mixeur & Jus;https://ambulantenligne.com/9799/mixeur-blender-icona-15l-300w-ilb-5021.jpg;;;;;;;;
Réfrigerateur Bar ICONA avec fontaine 92 Litres ILRF-100WD;;90000;Moins de 100 Litres;https://ambulantenligne.com/9802/frigo-bar-icona-avec-fontaine-92-Litres-ilrf-100wd.jpg;;;;;;;;
Micro onde WESTPOOL 28 Litres à©lectronique avec grill MW/M-28AS;MW/M-28AS;90000;25 à  40 Litres;https://ambulantenligne.com/9803/Micro-onde-westpool-28-Litres-electronique-avec-grill-mwm-28as.jpg;;;;;;;;
Réfrigérateur WESTPOOL combiné 3 Tiroirs 385L avec fontaine RFC/SW 385;;305000;351 Litres ET Plus;https://ambulantenligne.com/9805/Réfrigerateur-westpool-combine-3-Tiroirs-385l-avec-fontaine-rfcsw-355.jpg;;;;;;;;
Réfrigérateur WESTPOOL combiné 3 Tiroirs 355L RFC/SW 355;;285000;201 - 350 Litres;https://ambulantenligne.com/9807/Réfrigerateur-westpool-combine-3-Tiroirs-355l-rfcsw-355.jpg;;;;;;;;
Réfrigérateur WESTPOOL 2 portes 330L RF/SW330;;217500;201 - 350 Litres;https://ambulantenligne.com/9809/Réfrigerateur-westpool-2-portes-330l-rfsw330.jpg;;;;;;;;
Réfrigérateur INDESIT combiné 3 Tiroirs 339 Litres A+ LI8 S1E S;LI8S1ES;315000;201 - 350 Litres;https://ambulantenligne.com/9811/Réfrigerateur-indesit-combine-3-Tiroirs-339-Litres-a-li8-s1e-s.jpg;;;;;;;;
Machine à  laver SAMSUNG 9KG Add Wash Inverter WW90T654AX;r WW90T654AX;395000;7 - 9 kg;https://ambulantenligne.com/9817/machine-a-laver-samsung-9kg-add-wash-inverter-ww90t654ax.jpg;;;;;;;;
Micro onde gril Encastrable CANDY 25 GDFN NOIR 25L 38900049;;210000;25 à  40 Litres;https://ambulantenligne.com/9820/Micro-onde-gril-Encastrable-candy-25-gdfn-noir-25l-38900049.jpg;;;;;;;;
Micro onde gril Encastrable HAIER 23 Litres HBMW23L;;149500;Moins de 25 Litres;https://ambulantenligne.com/9821/Micro-onde-gril-Encastrable-haier-23-Litres-hbmw23l.jpg;;;;;;;;
Micro onde gril Encastrable HAIER 28 Litres HBMW28L;;172500;Encastrable;https://ambulantenligne.com/9822/Micro-onde-gril-Encastrable-haier-28-Litres-hbmw28l.jpg;;;;;;;;
Bouilloire sans fil TEFAL JUSTINE blanc 1;7L 2400W BF563043;BF563043;20000;Peit déjeuner;https://ambulantenligne.com/9839/bouilloire-sans-fil-tefal-justine-blanc-17l-2400w-bf563043.jpg;;;;;;;
Batteur Moulinex EASY MAX ABM11A30 blanc rouge 3 vitesse;ABM11A30;20000;Robot de Cuisine;https://ambulantenligne.com/9841/batteur-moulinex-easy-max-abm11a30-blanc-rouge-3-vitesse.jpg;;;;;;;;
Hotte   dà©corative box BEKO 90Cm HCB91731BXH inox;HCB91731BXH;195000;Hotte   90Cm;https://ambulantenligne.com/9842/Hotte  -decorative-box-beko-90Cm-hcb91731bxh-inox.jpg;;;;;;;;
Réchaud à  gaz  ROCH 4 Feux inox avec couvert;RGR4F;21000;Réchaud à gaz;https://ambulantenligne.com/9844/Réchaud-a-gaz-roch-4-Feux-inox-avec-couvert-.jpg;;;;;;;;
Réchaud à  gaz  ROCH 3 Feux inox avec couvert RGC-TT302-C;RGC-TT302-C;18000;Réchaud à gaz;https://ambulantenligne.com/9846/Réchaud-a-gaz-roch-4-Feux-inox-avec-couvert-.jpg;;;;;;;;
copy of Smart Tv SonY 50 Pouces KDL-50W660F;;347500;42 - 50 Pouces;https://ambulantenligne.com/9851/smart-Tv-Sony-50-Pouces-kdl-50w660f.jpg;;;;;;;;
"Ventilateur de plafond BINATONE Pales longues 56"" - Marron CF-5603";;22000;Ventilo Plafonnier;https://ambulantenligne.com/9859/Ventilateur-de-plafond-binatone-pales-longues-56-marron-cf-5603.jpg;;;;;;;;
Réfrigérateur BEKO combiné 3 Tiroirs 362 Litres no frost RCNA460SX Silver;;405000;351 Litres ET Plus;https://ambulantenligne.com/9861/Réfrigerateur-beko-combine-3-Tiroirs-362-Litres-no-frost-rcna460sx-silver-.jpg;;;;;;;;
Réfrigérateur BEKO combiné 4 Tiroirs 318 Litres Semi no frost RCHE430K20S;;349900;201 - 350 Litres;https://ambulantenligne.com/9869/Réfrigerateur-beko-combine-4-Tiroirs-318-Litres-no-frost-rche430k20s.jpg;;;;;;;;
Congélateur ROCH horizontal RCF-360G- silver;RCF-260G;267500;251 - 500 Litres;https://ambulantenligne.com/9951/Congélateur-roch-horizontal-230-Litres-rcf-230b-b.jpg;;;;;;;;
Congélateur Horizontal ROCH RCF-550G- silver;RCF-550G;310000;Congélateur Horizontal;https://ambulantenligne.com/9950/Congélateur-horizontal-roch-rcf-550-silver.jpg;;;;;;;;
Congélateur Horizontal ROCH RCF-700DSN- silver;RCF-700E-B;387500;Congélateur Horizontal;https://ambulantenligne.com/9949/Congélateur-horizontal-roch-rcf-700e-b-silver.jpg;;;;;;;;
Congélateur Horizontal SOLSTAR 540 Litres CF-540 silver;;287500;Accueil;https://ambulantenligne.com/9901/Congélateur-horizontal-solstar-540-Litres-cf-540-silver.jpg;;;;;;;;
Congélateur SOLSTAR Horizontal 580 Litres CF-580 silver;CF-580 silver;336500;501 Litres & Plus;https://ambulantenligne.com/11399/Congélateur-solstar-horizontale-580-Litrescf-580-silver.jpg;;;;;;;;
Congélateur horizontal WESTPOOL avec vitre CF/P505 silver;;285000;Congélateur Horizontal;https://ambulantenligne.com/9904/Congélateur-horizontal-westpool-avec-vitre-cfp505-silver.jpg;;;;;;;;
Cuisinière HIGHTEC  5 Feux avec cache bouteille HK590BGE marron;HK590BGE;240000;5 Feux 90/60;https://ambulantenligne.com/9914/cuisiniere-hightec-5-Feux-avec-cache-bouteille-hk590bge-marron.jpg;;;;;;;;
Cuisinière SIMFER 4 Feux à  gaz 50/50 F3402SGRGS Silver;F3402SGRGS;75000;4 Feux 50/50;https://ambulantenligne.com/9915/cuisiniere-simfer-4-Feux-a-gaz-5050-f3402sgrgs-silver.jpg;;;;;;;;
Smart Tv HISENSE 50 Pouces 4k 50A7100;50A7100;289900;42 - 50 Pouces;https://ambulantenligne.com/9916/smart-Tv-hisense-50-Pouces-4k-android-50a7100.jpg;;;;;;;;
Machine à  laver HAIER 12KG Lavage / 8KG Séchage HWD120-B14979S SILVER;;449900;Lavante Séchante;https://ambulantenligne.com/9920/machine-a-laver-haier-12kg-lavage-8kg-sechagehwd120-b14979s-silver.jpg;;;;;;;;
Cuisinière HAIER 5 Feux avec Four Electrique Inox 90/60 HCR-6050EESBS;HCR-6050EESBS;290000;5 Feux 90/60;https://ambulantenligne.com/9925/cuisiniere-haier-5-Feux-full-option-inox-9060-hcr-6050eesbs.jpg;;;;;;;;
Machine à  laver SAMSUNG 10Kg top loading WA10T5260BW/NQ;;289900;10 kg & Plus;https://ambulantenligne.com/9933/machine-a-laver-10kg-samsung-ww80k5410uwe.jpg;;;;;;;;
Congélateur SOLSTAR Horizontal CF210-SGFSLVSS;CF210-SGFSLVSS;168500;Congélateur Horizontal;https://ambulantenligne.com/9938/Congélateur-solstar-horizontal-cf210-sgfslvss-.jpg;;;;;;;;
Smart Tv LG 75 Pouces 4K UHD 75UP7550 new;75UP7550;860000;Smart Tv 4K;https://ambulantenligne.com/9952/smart-Tv-lg-75-Pouces-4k-uhd-75up7550-new.jpg;;;;;;;;
Smart Tv TCL 50 Pouces Android 4K 50P618;50P618;217500;Accueil;https://ambulantenligne.com/9958/smart-Tv-tcl-50-Pouces-full-hd-android-50p715.jpg;;;;;;;;
Smart Tv TCL 55 Pouces 4K HDR Android 55P618;55P618;262500;Accueil;https://ambulantenligne.com/9961/smart-Tv-tcl-55-Pouces-4k-hdr-android-55p618.jpg;;;;;;;;
Smart Tv TCL 65 Pouces 4K HDR android 65P725;65P725;510000;Smart Tv 4K;https://ambulantenligne.com/9963/smart-Tv-tcl-65-Pouces-4k-hdr-android-65p725.jpg;;;;;;;;
Ventilateur sur pied 3 vitesses avec BINATONE VS-1657;VS-1657;18000;Ventilateur;https://ambulantenligne.com/9969/Ventilateur-sur-pied-3-vitesses-avec-5-helices-binatone-vs-1657.jpg;;;;;;;;
Ventilateur BINATONE sur pied avec télécommande A-1687R;A-1687R;25000;Ventilateur;https://ambulantenligne.com/9970/Ventilateur-binatone-sur-pied-avec-telecommande-5-helices-a-1687r.jpg;;;;;;;;
Fauteuil COCCINELLE 1 place;;100000;Fauteuil;https://ambulantenligne.com/9971/fauteuil-coccinelle-1-place-.jpg;;;;;;;;
Canapé VOGUE 6 places MD-6F;MD-6F;385000;Accueil;https://ambulantenligne.com/9977/canape-vogue-6-places-md-6f.jpg;;;;;;;;
Canapé VOGUE 6 places MV-6P;MD-6F;385000;Canapé & Fauteuil;https://ambulantenligne.com/9980/canape-vogue-6-places-md-6f.jpg;;;;;;;;
Matelas RELAX 90à200X22 â Blanc;;97500;Matelas & Sommier;https://ambulantenligne.com/9996/matelas-relax-90200x22-blanc.jpg;;;;;;;;
Sommier + tàªte de lit 90x200x27;;236500;Matelas & Sommier;https://ambulantenligne.com/9998/sommier-tete-de-lit-90x200x27.jpg;;;;;;;;
Matelas TOPFLEX 90x190 â Blanc;;55000;Matelas & Sommier;https://ambulantenligne.com/9999/matelas-topflex-90190-blanc.jpg;;;;;;;;
Sommier + tàªte de lit TOPFLEX 140X190;;275000;Matelas & Sommier;https://ambulantenligne.com/10000/sommier-tete-de-lit-topflex-140x190.jpg;;;;;;;;
Minuteur en forme d'Oeuf CEMO en inox 1910-484;1910-484;3150;Ustensile de Cuisine;https://ambulantenligne.com/10001/minuteur-en-forme-d-oeuf-cemo.jpg;;;;;;;;
Soucoupe-Minuteur à  dà©cibels à©levà©s de 60mn SMCE 1910-485;1910-485;4095;Ustensile de Cuisine;https://ambulantenligne.com/10003/soucoupe-minuteur-a-decibels-eleves-de-60mn-smce.jpg;;;;;;;;
Poàªle Tornado 27 cm de diamà¨tre tous Feux dont induction de Sitram;TH-27;0;Accueil;https://ambulantenligne.com/10009/poele-tornado-27-cm-de-diametre-tous-Feux-dont-induction-de-sitram.jpg;;;;;;;;
PoàªleTornado 24cm de diamà¨tre tous Feux dont induction de Sitram;;0;Accueil;https://ambulantenligne.com/10018/poeletornado-24cm-de-diametre-tous-Feux-dont-induction-de-sitram.jpg;;;;;;;;
Cafetià¨re Italienne Moka 300ML 6 à  12 tasses;;4500;Peit déjeuner;https://ambulantenligne.com/10025/cafetiere-italienne-moka-300ml-6-a-12-tasses.jpg;;;;;;;;
Corbeilles et Paniers Garnis; de quoi faire plaisir à  vos hà´tes;;0;Accueil;https://ambulantenligne.com/10030/corbeilles-et-paniers-garnis-de-quoi-faire-plaisir-a-vos-hotes.jpg;;;;;;;
Verre inox en acier inoxydable;;0;Ustensile de Cuisine;https://ambulantenligne.com/10032/verre-inox-en-acier-inoxydable.jpg;;;;;;;;
Hachoir à  viande & là©gume Electrique King Style kitchen expert;kitchen expert;18250;Robot de Cuisine;https://ambulantenligne.com/10036/hachoir-a-viande-legume-electrique-king-style-kitchen-expert.jpg;;;;;;;;
Verre/Goblet en inox martelà©;;0;Accessoires;https://ambulantenligne.com/10038/verregoblet-en-inox-martele.jpg;;;;;;;;
Moule à  souris en Inox - Mickey Mouse 8x4cm 1/2 douzaine;1810-583;4650;Ustensile de Cuisine;https://ambulantenligne.com/10043/moule-a-souris-mousse-inox-mickey-mouse-8x4cm-12-douzaine.jpg;;;;;;;;
Gobelet en inox;;0;Accessoires Tv;https://ambulantenligne.com/10040/gobelet-en-inox-.jpg;;;;;;;;
Gobelet inox avec poignà©e;;0;Accessoires Tv;https://ambulantenligne.com/10044/gobelet-inox-avec-poignee.jpg;;;;;;;;
Grillage  Double à  CuisSon Viande/PoisSon De Barbecue En Inox  Avec Manche En Bois- Gris;;0;Ustensile de Cuisine;https://ambulantenligne.com/10048/grillage-double-a-cuisSon-viandepoisSon-de-barbecue-en-inox-avec-manche-en-bois-gris.jpg;;;;;;;;
Poàªle à  Double Face Grill;;18900;Appareil de Cuisson;https://ambulantenligne.com/10050/poele-a-double-face-grill-.jpg;;;;;;;;
Plancha GRILL rectangulaire Fonte aluminium Noir;;0;Accessoires;https://ambulantenligne.com/10052/plancha-grill-rectangulaire-fonte-aluminium-noir.jpg;;;;;;;;
HACHOIR A VIANDE;;0;Ustensile de Cuisine;https://ambulantenligne.com/10053/hachoir-a-viande-.jpg;;;;;;;;
presse agrume inox manuelle;;2500;Accessoires;https://ambulantenligne.com/10055/presse-agrume-inox-manuelle.jpg;;;;;;;;
Generic Friteuse marmite trà¨s pratique;;0;Ustensile de Cuisine;https://ambulantenligne.com/10057/generic-friteuse-marmite-tres-pratique.jpg;;;;;;;;
Poele avec support bois PSB CE;CEPSB;4410;Accueil;https://ambulantenligne.com/10064/poele-avec-support-.jpg;;;;;;;;
Article de Cuisine sous forme de Buffet inox;;33750;Cuisinière & Four;https://ambulantenligne.com/10068/article-de-Cuisine-sous-forme-de-buffet-inox.jpg;;;;;;;;
Verseur/distributeur d'huile mince en acier inoxydable Mazda 500 ml Medium;;0;ENTRETIEN;https://ambulantenligne.com/10086/verseurdistributeur-d-huile-mince-en-acier-inoxydable-mazda-500-ml-medium.jpg;;;;;;;;
Hachoir à  viande & légumes electrique multifonction 2L CEHVL-2L;CEHVL-2L;15000;Accueil;https://ambulantenligne.com/10070/hachoir-a-viande-legumes-electrique-multifonction-2l-cehvl-2l.jpg;;;;;;;;
Ensemble set 18 pièces Ramadan Mubarack CEES-18RM;CEES-18RM;16750;Ustensile de Cuisine;https://ambulantenligne.com/10074/ensemble-set-18-pieces-ramadan-mubarack-cees-18rm.jpg;;;;;;;;
Ensemble set 3 pièces cocotte isotherme CEES-3PCI;CEES-3PCI;15000;Ustensile de Cuisine;https://ambulantenligne.com/10082/ensemble-set-3-pieces-cocotte-isotherme-cees-3pci.jpg;;;;;;;;
Grattoire Cuisine pour légumes AB1708;;675;Cuisine;https://ambulantenligne.com/10088/grattoire-Cuisine-pour-legumes-ab1708.jpg;;;;;;;;
Manual Plastic Film Sealer Machine à  Souder SF-300;SF-300;0;Accueil;https://ambulantenligne.com/10090/manual-plastic-film-sealer-machine-a-souder-sf-300.jpg;;;;;;;;
Fer à  repasser PHILIPS vapeur 2400W DST5010;DST5010;30000;Repassage;https://ambulantenligne.com/10109/fer-a-repasser-philips-vapeur-2400w-dst5010.jpg;;;;;;;;
Split CAC 2.5CV 18000BTU Gaz 410 AH/AU-A18NCV;AH/AU-A18NCV;225000;18.000 BTU/2CV;https://ambulantenligne.com/10113/split-cac-25cv-18000btu-gaz-410-ahau-a18ncv.jpg;;;;;;;;
Split/Clim Inverter WESTPOOL 2cv 18000BTU ACS/M-18410S;ACS/M-24C410S;279900;Split/Clim Inverter;https://ambulantenligne.com/12395/split-inverter-westpool-3cv-24000btu-acsm-24c410s.jpg;;;;;;;;
Split Cassette BERKLAY 3CV 24000 BTU BERKLAY24;BERKLAY24;599900;Split/Clim Cassette;https://ambulantenligne.com/10127/split-cassette-berklay-3cv-24000-btu-berklay24.jpg;;;;;;;;
Split THOMSon 2CV 18000BTU;;220000;9.000 BTU/1.25CV;https://ambulantenligne.com/10137/split-thomSon-2cv-18000btu-.jpg;;;;;;;;
Split THOMSon .125CV 9000BTU;;139900;Accueil;https://ambulantenligne.com/10138/split-thomSon-125cv-9000btu.jpg;;;;;;;;
Split Armoire LG 100000 Btu;;3110000;Accueil;https://ambulantenligne.com/10145/split-armoire-lg-100000-btu-.jpg;;;;;;;;
Split ICESTREAM Cassette 3CV 24000BTU;;615000;Accueil;https://ambulantenligne.com/10149/split-icestream-cassette-3cv-24000btu.jpg;;;;;;;;
Split EUROMAX 18000 BTU 2CV  R410;;227500;18.000 BTU/2CV;https://ambulantenligne.com/10163/split-euromax-18000-btu-2cv-r410.jpg;;;;;;;;
"Téléviseur LG 55"" Smart OLed 4K C9PVA";C9PVA;835000;Oled Tv;https://ambulantenligne.com/10180/smart-Tv-lg-55-Pouces-oLed-4k-oLedc9pva.jpg;;;;;;;;
Smart Tv LG 88 Pouces 8K OLed 88Z1PVA;Z1PVA;15925000;Oled Tv;https://ambulantenligne.com/10190/smart-Tv-lg-88-Pouces-8k-oLed88z1-pva-oLed.jpg;;;;;;;;
Smart Tv LG 83 Pouces OLed 4K 83C1PVA OLed;83C1PVA;8200000;Oled Tv;https://ambulantenligne.com/10191/smart-Tv-lg-83-Pouces-oLed-4k-83c1pva-oLed.jpg;;;;;;;;
"Smart Tv SAMSUNG 75"" Qled 8K QA75QN800 AUXLY";QA75QN800;2665000;Qled Tv;https://ambulantenligne.com/10195/smart-Tv-samsung-75-Pouces-Qled-smart-8k-qa75qn800-auxly.jpg;;;;;;;;
Smart Tv SAMSUNG 65 Pouces 4K UHD 65RU/TU7090;65RU/TU7090;532500;Smart Tv 4K;https://ambulantenligne.com/10205/smart-Tv-samsung-65-Pouces-4k-uhd-65rutu7090.jpg;;;;;;;;
Smart Tv SAMSUNG 55Pouces Crystal 4K UHD 55BU8070 (2022);55BU8070 (2022);355000;55 Pouces & Plus;https://ambulantenligne.com/10206/smart-Tv-samsung-55-Pouces-4k-uhd-ue55tu7025k.jpg;;;;;;;;
Machine à  laver 7kg ZEROWATT EOZ127TE/1-11;EOZ127TE/1-11;0;Lave-linge;https://ambulantenligne.com/10210/machine-a-laver-7kg-zerowatt-eoz127te1-11.jpg;;;;;;;;
Machine à  laver 10kg ARISTON 1600 tours MFS6104E;MFS6104E;360000;Accueil;https://ambulantenligne.com/10211/machine-a-laver-10kg-ariston-1600-tours-mfs6104e.jpg;;;;;;;;
Machine à  laver ASTECH 6KG MLG63-V630DG;MLG63-V630DG;185900;Lave-linge;https://ambulantenligne.com/10214/machine-a-laver-astech-6kg-mlg63-v630dg.jpg;;;;;;;;
Machine à  laver CANDY 7KG 1200 tours/min CS1272DE WITN;CS1272DE WITN;205000;Lave-linge;https://ambulantenligne.com/10221/machine-a-laver-candy-7kg-1200-toursmin-cs1272de-witn.jpg;;;;;;;;
Machine à  laver CANDY 8KG 1200 tours/min CS1282DE WATH;CS1282DE WATH;215000;Lave-linge;https://ambulantenligne.com/10223/machine-a-laver-candy-8kg-1200-toursmin-cs1282de-wath.jpg;;;;;;;;
Machine à  laver CANDY 9KG 1200 tours/min CS1292DE WATH;CS1292DE WATH;265000;Accueil;https://ambulantenligne.com/11265/machine-a-laver-candy-9kg-1200-toursmin-cs1292de-wath.jpg;;;;;;;;
Machine à  laver CANDY 10KG 1200 tours/min CS14102DE WAHT;;297500;Lave-linge;https://ambulantenligne.com/10225/machine-a-laver-candy-10kg-1200-toursmin-cs14102de-waht.jpg;;;;;;;;
Machine à  laver ENDURO 7KG A+++ DARK SILVER WMT760TODS;WMT760TODS;172000;Lave-linge;https://ambulantenligne.com/15829/machine-a-laver-enduro-7kg-a-dark-silver-wmt760tods.jpg;;;;;;;;
Machine à  laver HAIER 10KG Lavage / 6KG Séchage HWD100-B14979S silver;HWD100-B14979S;392500;Lavante Séchante;https://ambulantenligne.com/10236/machine-a-laver-haier-10kg-lavage-6kg-sechage-hwd100-b14979s-silver.jpg;;;;;;;;
Machine à  laver HISENSE 10;5kg  top loading WTHA1102T;WTHA1102T;225000;Lavante Séchante;https://ambulantenligne.com/10240/machine-a-laver-hisense-105kg-toop-loading-wtja1102t.jpg;;;;;;;
Machine à  laver HISENSE 16kg  top loading WTOQ162S;WTOQ162S;347500;10 kg et Plus;https://ambulantenligne.com/10242/machine-a-laver-hisense-16kg-top-loading-wtoq162s.jpg;;;;;;;;
Machine à  laver INDESIT 6kg 1000 tours/min EWC 61051;EWC 61051;205000;3 - 6 kg;https://ambulantenligne.com/10245/machine-a-laver-indesit-7kg-1000-toursmin-aq113d-697d-x-ex-white.jpg;;;;;;;;
Machine à  laver INDESIT 8kg 1200 tours/min EWC81251 W IT N;EWC81251 W IT N;249900;Lave-linge;https://ambulantenligne.com/10246/machine-a-laver-indesit-7kg-1200-toursmin-ewc81251-w-it-n-.jpg;;;;;;;;
Machine à  laver LG 10kg ublodome T1066NEFV bleu/blanc;T1066NEFV;297500;Lave-linge;https://ambulantenligne.com/10249/machine-a-laver-lg-10kg-ublodome-t1066nefv-bleublanc.jpg;;;;;;;;
Machine à  laver LG 12kg lavage + 8kg Séchage FH 6 G1BCHK6N + F 8 K5XNK4;FH 6 G1BCHK6N + F 8 K5XNK4;965000;Lavante Séchante;https://ambulantenligne.com/10253/machine-a-laver-lg-12kg-lavage-8kg-sechage-fh-6-g1bchk6n-f-8-k5xnk4.jpg;;;;;;;;
Machine à  laver OCEAN 6Kg 1000 tours/min OCLFS-6104E;OCLFS-6104E;179900;Lave-linge;https://ambulantenligne.com/10256/machine-a-laver-ocean-6kg-1000-toursmin-oclfs-6104e.jpg;;;;;;;;
Machine à  laver WESTPOOL 8KG WMA/SW-08M15DS;WMA/SW-08M15DS;242500;Lave-linge;https://ambulantenligne.com/10259/machine-a-laver-westpool-8kg-wmasw-08m15ds.jpg;;;;;;;;
Machine à  laver WHIRPOOL 8KG 80431;80431;235000;Lave-linge;https://ambulantenligne.com/10261/machine-a-laver-whirpool-8kg-80431.jpg;;;;;;;;
Smart Tv SAMSUNG 55 Pouces NEO Qled 4k QE55QN85BAT;QE55QN85BAT;575000;Qled Tv;https://ambulantenligne.com/10262/smart-Tv-samsung-55-Pouces-neo-Qled-4k-qe55qn85bat.jpg;;;;;;;;
Réfrigérateur side by side DAEWOO 562 Litres Classe no Frost FRN-H23BVS;FRN-H23BVS;479900;501 - 650 Litres;https://ambulantenligne.com/10269/Réfrigerateur-side-by-side-daewoo-562-Litres-classe-no-frost-frn-h23bvs.jpg;;;;;;;;
Réfrigerateur BEKO 2 portes no frost 550 Litres RDNE55X;RDNE55X;495000;351 Litres & Plus;https://ambulantenligne.com/10274/Réfrigerateur-beko-2-portes-no-frost-550-Litres-rdne55x.jpg;;;;;;;;
Réfrigérateur RONSTAR combiné 4 Tiroirs RGFCO-262 silver;RGFCO-262;0;Frigo combiné;https://ambulantenligne.com/10276/Réfrigerateur-ronstar-combine-4-Tiroirs-rgfco-262-silver.jpg;;;;;;;;
Réfrigérateur ROCH combiné 2 Tiroirs 118L RFR-150B;RFR-150B;140000;Frigo combiné;https://ambulantenligne.com/10281/Réfrigerateur-roch-combine-2-Tiroirs-118l-rfr-150b.jpg;;;;;;;;
Réfrigérateur RENZ side by side 2 portes RZ510 silver;RZ510;0;Side by side & Multiportes;https://ambulantenligne.com/10285/Réfrigerateur-renz-side-by-side-510-Litres-rz510-silver.jpg;;;;;;;;
Réfrigérateur RENZ side by side 4 portes RZ-695 silver;RZ-695;0;Side by side & Multiportes;https://ambulantenligne.com/10286/Réfrigerateur-renz-side-by-side-4-portes-rz-695-silver.jpg;;;;;;;;
Réfrigérateur OCEAN 2 portes OCD 416 N2;OCD 416 N2;307500;Accueil;https://ambulantenligne.com/10288/Réfrigerateur-ocean-2-portes-ocd-416-n2.jpg;;;;;;;;
Réfrigérateur Encastrable NARDI 2 portes AS2906GAA A;0;AS2906GAA A,0000;0;Frigo 2 Portes;https://ambulantenligne.com/10290/Réfrigerateur-Encastrable-nardi-2-portes-as2906gaa-a0000.jpg;;;;;;;
Réfrigérateur FRIGIDAIRE side by side 4 portes 504L no frost avec fontaine GLA2272U;GLA2272U;1175000;Accueil;https://ambulantenligne.com/10304/-Réfrigerateur-frigidaire-side-by-side-4-portes-504l-no-frost-avec-fontaine-gla2272u.jpg;;;;;;;;
Réfrigérateur LG 2 portes GL-F682 HLHN;GL-F682 HLHN;650000;Frigo 2 Portes;https://ambulantenligne.com/10310/Réfrigerateur-lg-2-portes-gl-f682-hlhn.jpg;;;;;;;;
Réfrigérateur HISENSE side by side 562 Litres RC 76WS4SB S/S;RC 76WS4SB S/S;585000;Side by side & Multiportes;https://ambulantenligne.com/10313/Réfrigerateur-hisense-side-by-side-562-Litres-rc-76ws4sb-ss-.jpg;;;;;;;;
Réfrigérateur Vitrine ASTECH 3 portes 1140 Litres FV1200TD-GR;FV1200TD-GR;865000;Vitrine;https://ambulantenligne.com/11605/Réfrigerateur-Vitrine-astech-3-portes-1140-Litres-fv1200td-gr.jpg;;;;;;;;
Réfrigérateur Vitrine ASTECH 3 portes 1400 Litres FV1600TD-GR;FV1600TD-GR;950000;Vitrine;https://ambulantenligne.com/11606/Réfrigerateur-Vitrine-astech-3-portes-1400-Litres-fv1600td-gr.jpg;;;;;;;;
Réfrigérateur combiné ASTECH 2 Tiroirs FC155S;FC155S;147500;Frigo combiné;https://ambulantenligne.com/10321/Réfrigerateur-astech-combine-2-Tiroirs-fc155s.jpg;;;;;;;;
Réfrigérateur Vitrine ASTECH 2 portes 880 Litres FV930DD;FV930DD;750000;Vitrine;https://ambulantenligne.com/10322/Réfrigerateur-Vitrine-astech-2-portes-880-Litres-fv930dd.jpg;;;;;;;;
Réfrigérateur BEKO side by side 558 Litres GN164020XP;GN164020XP;687500;Side by side & Multiportes;https://ambulantenligne.com/10325/Réfrigerateur-beko-side-by-side-558-Litres-gn164020xp.jpg;;;;;;;;
Réfrigérateur ENDURO combiné 4 Tiroirs A+ 338 Litres RCN338X;RCN338X;240000;Frigo combiné;https://ambulantenligne.com/10337/Réfrigerateur-enduro-combine-4-Tiroirs-a-338-Litres-rcn338x.jpg;;;;;;;;
Réfrigérateur FINIX combiné 3 Tiroirs 335 Litres A++ BCD335C;BCD335C;325000;Frigo combiné;https://ambulantenligne.com/10340/Réfrigerateur-finix-combine-3-Tiroirs-335-Litres-a-bcd335c.jpg;;;;;;;;
Réfrigérateur FINIX combiné 3 Tiroirs 310 Litres BCD310C;BCD310C;305000;Frigo combiné;https://ambulantenligne.com/10341/Réfrigerateur-finix-combine-3-Tiroirs-310-Litres-bcd310c.jpg;;;;;;;;
Fer à  repasser à  vapeur TEFAL ACCESS 2000W FV520;FV1721;20000;Repassage;https://ambulantenligne.com/10349/fer-a-repasser-a-vapeur-tefal-ecomaster-1800w-fv1721-.jpg;;;;;;;;
Congélateur CHANGER vertical  7 Tiroirs BD216 blanc;BD216;215000;Congélateur;https://ambulantenligne.com/10350/Congélateur-changer-vertical-7-Tiroirs-bd216-blanc.jpg;;;;;;;;
Congélateur ICONA horizontal ILRFC-215H gold;ILRFC-215H;157500;Moins de 250 Litres;https://ambulantenligne.com/10359/Congélateur-icona-horizontal-ilrfc-215h-blanc.jpg;;;;;;;;
Réfrigérateur  FINLUX 1 porte  375 Litres FIN375;FIN375;305000;FRIGO 1 PORTE;https://ambulantenligne.com/10364/Réfrigerateur-finlux-1-porte-375-Litres-fin375.jpg;;;;;;;;
Réfrigérateur combiné SAMSUNG no-frost 432 Litres avec distributeur d'eau RL4363FBASL;RL4363FBASL;662500;Frigo combiné;https://ambulantenligne.com/11277/Réfrigerateur-samsung-combine-432-Litres-avec-distributeur-d-eau-rl4363fbasl-no-frost.jpg;;;;;;;;
Réfrigérateur SHARP 2 portes 165 Litres no-frost SJ-KE175-BS2;SJ-KE175-BS2;169900;Réfrigerateur;https://ambulantenligne.com/10366/Réfrigerateur-sharp-2-portes-165-Litres-no-frost-sj-ke175-bs2-.jpg;;;;;;;;
Réfrigérateur Vitrine SMART TECHNOLOGY 3 portes 942 Litres STCDV 3000;STCDV 3000;855000;400 Litres et Plus;https://ambulantenligne.com/10368/Réfrigerateur-Vitrine-smart-technology-3-portes-942-Litres-stcdv-3000.jpg;;;;;;;;
Réfrigérateur SYNIX combiné 3 Tiroirs FD185DDBH;FD185DDBH;199500;Frigo combiné;https://ambulantenligne.com/10370/Réfrigerateur-synix-combine-3-Tiroirs-fd185ddbh.jpg;;;;;;;;
Réfrigérateur SYNIX combiné 4 Tiroirs  FD 320 DDBH;FD 320 DDBH;252500;Frigo combiné;https://ambulantenligne.com/10371/Réfrigerateur-synix-combine-4-Tiroirs-fd-320-ddbh.jpg;;;;;;;;
Réfrigérateur TCL combiné 3 Tiroirs TRF-235BF;TRF-235BF;242500;Frigo combiné;https://ambulantenligne.com/10372/Réfrigerateur-tcl-combine-3-Tiroirs-trf-235bf.jpg;;;;;;;;
Réfrigérateur TCL combiné 3 Tiroirs  TRF-265BF;TRF-265BF;269900;Frigo combiné;https://ambulantenligne.com/10373/Réfrigerateur-tcl-combine-3-Tiroirs-trf-265bf.jpg;;;;;;;;
Réfrigérateur side by side TCL multi portes TRF-436FD;TRF-436FD;489900;Side by side & Multiportes;https://ambulantenligne.com/10375/Réfrigerateur-side-by-side-tcl-multi-portes-trf-436fd.jpg;;;;;;;;
Réfrigérateur side by side TCL 431 Litres TRF-460CD;TRF-460CD;490000;Accueil;https://ambulantenligne.com/10376/Réfrigerateur-side-by-side-tcl-avec-fonaine-trf-460cd.jpg;;;;;;;;
Réfrigérateur Vitrine TECHNOLUX  VCS-70;VCS-70;515000;ReFroidisseur Vitrine;https://ambulantenligne.com/10377/Réfrigerateur-Vitrine-technolux-vcs-70.jpg;;;;;;;;
Réfrigérateur WESTPOOL combiné 3 Tiroirs RFC/SW242;RFC/SW242;212500;Frigo combiné;https://ambulantenligne.com/10378/Réfrigerateur-westpool-combine-3-Tiroirs-rfcsw242.jpg;;;;;;;;
Réfrigérateur WESTPOOL combiné 3 Tiroirs RFC/SW 389;RFC/SW 389;297500;Frigo combiné;https://ambulantenligne.com/10379/Réfrigerateur-westpool-combine-3-Tiroirs-rfcsw-389.jpg;;;;;;;;
Réfrigérateur WESTPOOL combiné 3 Tiroirs 336 Litres RFC/V-410/B noir;RFC/V-410/B;337500;Frigo combiné;https://ambulantenligne.com/10380/Réfrigerateur-westpool-combine-3-Tiroirs-336-Litres-rfcv-410b-noir.jpg;;;;;;;;
Réfrigérateur WESTPOOL 2 portes  RF/MD-444NF;RF/MD-444NF;325000;Frigo 2 Portes;https://ambulantenligne.com/10381/Réfrigerateur-westpool-2-portes-rfmd-444nf-.jpg;;;;;;;;
Réfrigérateur WESTPOOL combiné 3 Tiroirs 492 Litres RFC/V-577-NF/G;RFC/V-577-NF/G;505000;Frigo combiné;https://ambulantenligne.com/10382/Réfrigerateur-westpool-combine-3-Tiroirs-492-Litres-rfcv-577-nfg-.jpg;;;;;;;;
Réfrigérateur bar ICONA  92 Litres ILRF-101AA;ILRF-101AA;83500;Réfrigerateur Bar;https://ambulantenligne.com/10383/Réfrigerateur-bar-icona-92-Litres-ilrf-101aa.jpg;;;;;;;;
Micro onde HAIER 20 Litres HMW20MBM;HMW20MBM;47500;Micro-onde;https://ambulantenligne.com/10969/Micro-onde-haier-20-Litres-hmw20mbm.jpg;;;;;;;;
Barre de Son     LG Bluetooth SN5Y 400W;SN5Y;162500;Barre de Son    ;https://ambulantenligne.com/10397/barre-de-Son-lg-bluetooth-sn5y-400w.jpg;;;;;;;;
Chauffe eau GLOBAL AIR 45 Litres GLOB45;GLOB45;67500;Chauffe eau;https://ambulantenligne.com/10401/chauffe-eau-global-air-45-Litres-glob45.jpg;;;;;;;;
Chauffe eau ROTOPLAS TERMAS 100 Litres ROTOPL100;ROTOPL100;102500;100 Litres & Plus;https://ambulantenligne.com/10479/chauffe-eau-rotoplas-termas-100-Litres-rotopl100.jpg;;;;;;;;
Réfrigérateur ROCH combiné 4 Tiroirs avec fontaine RFR-290BD-B;RFR-290BD-B;265000;Frigo combiné;https://ambulantenligne.com/10410/Réfrigerateur-roch-combine-4-Tiroirs-avec-fontaine-rfr-290bd-b.jpg;;;;;;;;
Congélateur Vertical ROCH 9 Tiroirs RUF-320-9D;RUF320-9D;287500;Congélateur Vertical;https://ambulantenligne.com/10413/Congélateur-roch-vertical-9-Tiroirs-336-Litres-rue-320-9d.jpg;;;;;;;;
Congélateur PKMGS vertical 5 Tiroirs white 169.4 A++;169.4;185000;Accueil;https://ambulantenligne.com/10415/Congélateur-pkmgs-vertical-5-Tiroirs-white-1694-a.jpg;;;;;;;;
Réfrigérateur side by side DAEWOO combine 2 Tiroirs inox FRN-M462BS;FRN-M462BS;495000;Accueil;https://ambulantenligne.com/10417/Réfrigerateur-side-by-side-daewoo-combine-2-Tiroirs-inox-frn-m462bs.jpg;;;;;;;;
BLENDER STELLA MULTIFONCTIONNEL GRAND MODEL 15000W;;0;Accueil;https://ambulantenligne.com/10421/blender-stella-multifonctionnel-grand-model-15000w.jpg;;;;;;;;
Bouilloire Smart Technology  â STPE-249G â 1.8 L;;0;Accueil;https://ambulantenligne.com/10422/bouilloire-smart-technology-stpe-249g-18-l-.jpg;;;;;;;;
Réfrigérateur WESTPOOL side by side 507L RFSS/MD-598;RFSS/MD-598;535000;Side by side & Multiportes;https://ambulantenligne.com/10425/Réfrigerateur-westpool-side-by-side-507l-rfssmd-598.jpg;;;;;;;;
Réfrigérateur Icona 2 portes 140L ILRF140DDA;ILRF140DDA;0;Accueil;https://ambulantenligne.com/10429/Réfrigerateur-icona-2-portes-140l-ilrf140dda.jpg;;;;;;;;
Réfrigérateur Icona 2 portes 150L ILRF150H;;0;Accueil;https://ambulantenligne.com/10431/Réfrigerateur-icona-2-portes-150l-ilrf150h.jpg;;;;;;;;
Réfrigérateur Bar Icona 2 portes 90L Jaune ILRF-101A;;0;Accueil;https://ambulantenligne.com/10435/Réfrigerateur-bar-icona-2-portes-90l-jaune-ilrf-101a-.jpg;;;;;;;;
Réfrigérateur Bar Icona 2 portes 86L ILRF-1100DDA;;105000;Accueil;https://ambulantenligne.com/10436/Réfrigerateur-bar-icona-2-portes-86l-ilrf-1100dda.jpg;;;;;;;;
Extracteur de jus ROYALTY 850w PJE-700;PJE-700;35000;Accueil;https://ambulantenligne.com/10441/extracteur-de-jus-royalty-850w-pje-700.jpg;;;;;;;;
Réfrigérateur BEKO combiné 3 Tiroirs 362L no frost RCNA460B Noir;RCNA460B;355000;351 Litres ET Plus;https://ambulantenligne.com/10967/Réfrigerateur-beko-combine-3-Tiroirs-362l-no-frost-rcna460b-noir-.jpg;;;;;;;;
Congélateur Horizontale SOLSTAR 690 Litres CF-690-DFGWHVSS;CF-690-DFGWHVSS;410000;501 Litres & Plus;https://ambulantenligne.com/10450/Congélateur-horizontale-solstar-690-Litres-cf-690-dfgwhvss.jpg;;;;;;;;
Congélateur Horizontal SOLSTAR 790 Litres CF-790-DFGWHVSS;CF-790-DFGWHVSS;465000;501 Litres & Plus;https://ambulantenligne.com/10453/Congélateur-horizontal-solstar-790-Litres-cf-790-dfgwhvss.jpg;;;;;;;;
fer a repasser CAC à  vapeur CA820108;CA820108;10000;Accueil;https://ambulantenligne.com/10460/fer-a-repasser-cac-a-vapeur-ca820108.jpg;;;;;;;;
Home Cinéma SMART TECHNOLOGY 4 baffles STH-288;STH-288;77500;Home-cinéma;https://ambulantenligne.com/10461/home-cinema-smart-technology-4-bafles-sth-288.jpg;;;;;;;;
Home Cinéma SMART TECHNOLOGY 4 baffles STHC-1000;STHC-1000;77500;Home-cinéma;https://ambulantenligne.com/10462/home-cinema-smart-technology-4-baffles-sthc-1000.jpg;;;;;;;;
Hotte   de Cuisine ENDURO 60cm avec bouton H60PB;H60PB;115000;Hotte   60cm;https://ambulantenligne.com/10463/Hotte  -de-Cuisine-enduro-60cm-avec-bouton-h60pb.jpg;;;;;;;;
Fer à  repasser SMART TECHNOLOGY à  vapeur STF-2026;STF-2026;7500;Accueil;https://ambulantenligne.com/10467/fer-a-repasser-smart-technology-a-vapeur-stf-2026.jpg;;;;;;;;
Fer à  repasser SMART TECHNOLOGY à  vapeur STPFR-3000;STPFR-3000;9000;Repassage;https://ambulantenligne.com/10468/fer-a-repasser-smart-technology-a-vapeur-stpfr-3000.jpg;;;;;;;;
Fer à  repasser SMART TECHNOLOGY à  vapeur 2200w STF-2068;STF-2068;8500;Repassage;https://ambulantenligne.com/11741/fer-a-repasser-smart-technology-a-vapeur-2200w-stf-2068.jpg;;;;;;;;
Réfrigérateur ELECTROCOOL combiné 4Tiroirs A+  BCD-312 GOLD;BCD-312 GOLD;420000;Frigo combiné;https://ambulantenligne.com/10487/Réfrigerateur-electrocool-combine-4Tiroirs-a-bcd-312-gold.jpg;;;;;;;;
Réfrigérateur ELECTROCOOL combiné 4Tiroirs A+ BCD-312 NOIR;BCD-312;425000;Frigo combiné;https://ambulantenligne.com/10492/Réfrigerateur-electrocool-combine-4Tiroirs-a-bcd-312-noir.jpg;;;;;;;;
Réfrigérateur ELECTROCOOL combiné 4Tiroirs A+ BCD-312 ROUGE;BCD-312;425000;Frigo combiné;https://ambulantenligne.com/10494/Réfrigerateur-electrocool-combine-4Tiroirs-a-bcd-312-rouge.jpg;;;;;;;;
Réfrigérateur Bar ICONA 1 porte 92 Litres RUF1000AA;RUF1000AA;90000;Réfrigerateur Bar;https://ambulantenligne.com/10503/Réfrigerateur-bar-icona-1-porte-92-Litres-ruf1000aa.jpg;;;;;;;;
Smart Tv SMART TECHNOLOGY 65 Pouces STT-5065SA;STT-5065SA;275000;55 Pouces & Plus;https://ambulantenligne.com/10505/smart-Tv-technology-55-Pouces-stt-5508sa.jpg;;;;;;;;
Micro onde HAIER 28 Litres avec grill HMW28DBMG;HMW28DBMG;77500;25 à  40 Litres;https://ambulantenligne.com/10507/Micro-onde-haier-28-Litres-avec-grill-hmw28dbmg.jpg;;;;;;;;
Smart Tv SAMSUNG 55 Pouces 4K crystal UHD 55AU8100;55AU8100;337500;Smart Tv 4K;https://ambulantenligne.com/10510/smart-Tv-samsung-55-Pouces-4k-crystal-uhd-55au8100-.jpg;;;;;;;;
Smart Tv Hisense 100 Pouces MINILed 4K 100U7Q;100U7Q;0;55 Pouces & Plus;https://ambulantenligne.com//smart-Tv-hisense-100-Pouces-android-uhd-laser-classe-l5-4k-hdr-f100w.jpg;;;;;;;;
Mixeur plongeant SENCOR 400w SHB 4110WH;SHB 4110WH;15000;Mixeur & Jus;https://ambulantenligne.com/10521/mixeur-plongeant-sencor-400w-shb-4110wh.jpg;;;;;;;;
Machine à  pain SENCOR  SBR-0770WH white;SBR-0770WH;70000;Peit déjeuner;https://ambulantenligne.com/10522/machine-a-pain-sencor-sbr-0770wh-white.jpg;;;;;;;;
Plaque à  induction SENCOR SCP 3701BK;SCP 3701BK;39900;Réchaud ELECTRIQUE;https://ambulantenligne.com/10524/plaque-a-induction-sencor-scp-3701bk.jpg;;;;;;;;
Batteur SENCOR Bol en inox STM 3620WH-MEG2 600W;STM 3620WH-MEG2;77500;Robot de Cuisine;https://ambulantenligne.com/10526/batteur-sencor-bol-en-inox-stm-3620wh-meg2-600w.jpg;;;;;;;;
Fer à  repasser SENCOR IRON SSI 5421TQ-MEG2 2200W;SSI 5421TQ-MEG2;15000;Repassage;https://ambulantenligne.com/10529/fer-a-repasser-sencor-iron-ssi-5421tq-meg2-2200w.jpg;;;;;;;;
Machine a laver SHARP 7KG ESX705;ESX705;202500;Accueil;https://ambulantenligne.com/10531/machine-a-laver-sharp-7kg-esx705.jpg;;;;;;;;
Smart contact grill Electrique SENCOR SBG 6031SS;SBG 6031SS;75000;Appareil de Cuisson;https://ambulantenligne.com/10532/smart-contact-grill-electrique-sencor-sbg-6031ss.jpg;;;;;;;;
Sandwich maker SENCOR SSM 1100;SSM 1100;12500;Cuisine;https://ambulantenligne.com/10534/sandwich-maker-sencor-ssm-1100.jpg;;;;;;;;
Friteuse Electrique SENCOR 3.2 Litres SFR 7200SS;SFR 7200SS;50000;Appareil de Cuisson;https://ambulantenligne.com/10537/friteuse-electrique-sencor-32-Litres-sfr-7200ss.jpg;;;;;;;;
Friteuse à  air SENCOR1500w avec Panier SFR 3220WH-MEG2;SFR 3220WH-MEG2;60000;Appareil de Cuisson;https://ambulantenligne.com/10540/friteuse-a-air-sencor1500w-avec-panier-sfr-3220wh-meg2.jpg;;;;;;;;
Sèche cheveux SENCOR 2200W SHD 7170WH;SHD 7170WH;10000;BEAUTE & BIEN-ETRE;https://ambulantenligne.com/10543/seche-cheveux-sencor-2200w-shd-7170wh.jpg;;;;;;;;
Machine a laver SHARP 8kg ES-FE812CX-W;ES-FE812CX-W;260000;Accueil;https://ambulantenligne.com/10547/machine-a-laver-sharp-8kg-es-fe812cx-w.jpg;;;;;;;;
Machine a laver SHARP top loading 8kg ES-G80G;ES-G80G;265000;7 à  9 kg;https://ambulantenligne.com/10551/machine-a-laver-sharp-top-loading-8kg-es-g80g-2.jpg;;;;;;;;
Tondeuse à  cheveux SENCOR clipper SHP 3301BL;SHP 3301BL;14000;Rasoir électrique;https://ambulantenligne.com/10552/tondeuse-a-cheveux-sencor-clipper-shp-3301bl.jpg;;;;;;;;
Tondeuse à  cheveux SENCOR clipper SHP 4501BL;SHP 4501BL;15000;Rasoir électrique;https://ambulantenligne.com/10554/tondeuse-a-cheveux-sencor-clipper-shp-4501bl.jpg;;;;;;;;
Tondeuse à  cheveux SENCOR clipper SHP 4502BL bleu blanc;SHP 4502BL;13900;Rasoir électrique;https://ambulantenligne.com/10556/tondeuse-a-cheveux-sencor-clipper-shp-4502bl-bleu-blanc.jpg;;;;;;;;
Téléphone INFINIX Smart 6 ROM 32Go / RAM 2Go +4G X6511B;X6511B;55000;Accueil;https://ambulantenligne.com/10558/telephone-infinixi-smart-6-rom32go-ram-2go-4g-x6511b.jpg;;;;;;;;
Smart Tv LG 55 Pouces nano cell 4k Ultra HD 55NANO75VPA;55NANO75VPA;420000;Nanocell Tv;https://ambulantenligne.com/10565/smart-Tv-lg-55-Pouces-nano-cell-4k-ultra-hd-55nano75vpa.jpg;;;;;;;;
Smart Tv Android GLOBAL AIR 32 Pouces DLed GE32;GE32;97500;22 - 40 Pouces;https://ambulantenligne.com/10568/smart-Tv-android-global-air-32-Pouces-dLed-ge32.jpg;;;;;;;;
Balance perSonnelle SENCOR SBS 2300BK;SBS 2300BK;11500;Petit électro;https://ambulantenligne.com/10570/balance-perSonnelle-sencor-sbs-2300bk.jpg;;;;;;;;
Pà¨se-bagages de voyage SENCOR SLS 900WH;SLS 900WH;12000;Produit d'entretien;https://ambulantenligne.com/10572/pese-bagages-de-voyage-sencor-sls-900wh.jpg;;;;;;;;
BALANCE de Cuisine SENCOR SKS 5028RS;SKS 5028RS;13000;Ustensile de Cuisine;https://ambulantenligne.com/10574/balance-de-Cuisine-sencor-sks-5028rs.jpg;;;;;;;;
Téléphone INFINIX SMART 6 32Go RAM 2GO X657 Noir;X657;53000;Smartphone;https://ambulantenligne.com/10577/telephone-infinix-smart-6-32go-ram-2go-x657-noir.jpg;;;;;;;;
BALANCE de Cuisine SENCOR SKS 5026YL;SKS 5026YL;12500;Ustensile de Cuisine;https://ambulantenligne.com/10579/balance-de-Cuisine-sencor-sks-5026yl.jpg;;;;;;;;
BALANCE de Cuisine SENCOR SKS 5024RD;SKS 5024RD;12500;Ustensile de Cuisine;https://ambulantenligne.com/10580/balance-de-Cuisine-sencor-sks-5024rd.jpg;;;;;;;;
BALANCE de Cuisine SENCOR SKS 5022BL;SKS 5022BL;12500;Ustensile de Cuisine;https://ambulantenligne.com/10582/balance-de-Cuisine-sencor-sks-5022bl.jpg;;;;;;;;
BALANCE de Cuisine SENCOR SKS 5021GR;SKS 5021GR;12500;Ustensile de Cuisine;https://ambulantenligne.com/10584/balance-de-Cuisine-sencor-sks-5021gr.jpg;;;;;;;;
Trancheuse alimentaire SENCOR SFS 1000WH;SFS 1000WH;28500;Ustensile de Cuisine;https://ambulantenligne.com/10589/trancheuse-alimentaire-sencor-sfs-1000wh.jpg;;;;;;;;
Bouilloire Electrique SENCOR 1;8L SWK 1811GR;SWK 1811GR;12000;Peit déjeuner;https://ambulantenligne.com/10592/bouilloire-electrique-sencor-18l-swk-1811gr.jpg;;;;;;;
Bouilloire Electrique SENCOR 1;8L SWK 1816YL;SWK 1816YL;12000;Peit déjeuner;https://ambulantenligne.com/10594/bouilloire-electrique-sencor-18l-swk-1816yl.jpg;;;;;;;
Bouilloire Electrique SENCOR 1;8L SWK 1817TQ;SWK 1817TQ;12000;Peit déjeuner;https://ambulantenligne.com/10596/bouilloire-electrique-sencor-18l-swk-1817tq.jpg;;;;;;;
Bouilloire Electrique SENCOR 1;8L SWK-1810-WH-MEG;SWK-1810-WH-MEG;12000;Peit déjeuner;https://ambulantenligne.com/10600/bouilloire-electrique-sencor-18l-swk-1810-wh-meg-.jpg;;;;;;;
Aspirateur en sac SENCOR 850W VC SVC 45 BK EUE3;VC SVC 45 BK EUE3;38500;Aspirateur;https://ambulantenligne.com/10604/Aspirateur-en-sac-sencor-850w-vc-svc-45-bk-eue3.jpg;;;;;;;;
Aspirateur en sac SENCOR 1200W BVC SVC 45 GR MEG 2;BVC SVC 45 GR MEG 2;34000;Aspirateur;https://ambulantenligne.com/10609/Aspirateur-en-sac-sencor-1200w-bvc-svc-45-gr-meg-2.jpg;;;;;;;;
Aspirateur sans sac SENCOR 890W SVC-511TQ;SVC-511TQ;50000;Aspirateur;https://ambulantenligne.com/10611/Aspirateur-sans-sac-sencor-890w-svc-511tq.jpg;;;;;;;;
Machine a laver LG 16kg top loading smart inverter T1666NEHT2B;T1666NEHT2B;425000;10 kg et Plus;https://ambulantenligne.com/10614/machine-a-laver-lg-16kg-top-loading-smart-inverter-t1666neht2b.jpg;;;;;;;;
Smart Tv SOLSTAR 50 Pouces android 50AD7000SS;50AD7000SS;212500;42 - 50 Pouces;https://ambulantenligne.com/10618/smart-Tv-solstar-50-Pouces-android-50ad7000ss.jpg;;;;;;;;
"Téléphone INFINIX HOT 12i - 6.6"" HD RAM 4Go ROM 128Go";HOT 12i - 64go;70000;Smartphone;https://ambulantenligne.com/10621/telephone-infinix-hot-12i-66-hd-ram-4go-rom-128go.jpg;;;;;;;;
Téléphone INFINIX HOT 12 RAM 4GO ROM 128GO;HOT 12 - 128go;67500;Smartphone;https://ambulantenligne.com/10628/telephone-infinix-hot-12play-ram-4go-rom-128go-x6816.jpg;;;;;;;;
Téléphone INFINIX HOT 12 PLAY RAM 4GO ROM 128GO;HOT 12 PLAY;70000;Smartphone;https://ambulantenligne.com/10633/telephone-infinix-hot-12-play-ram-4go-rom-128go-x6816.jpg;;;;;;;;
Téléphone INFINIX HOT 12 PLAY RAM 4GO ROM 64GO;HOT 12 PLAY - 64go;65000;Smartphone;https://ambulantenligne.com/10636/telephone-infinix-hot-12-play-ram-4go-rom-64go-x6816.jpg;;;;;;;;
Téléphone INFINIX NOTE 12 RAM 4GO ROM 128GO;note 12;110000;Smartphone;https://ambulantenligne.com/10638/telephone-infinix-note-12-ram-4go-rom-128go-x663.jpg;;;;;;;;
Téléphone INFINIX NOTE 12i RAM 4GO ROM 128GO;X6819;70000;Smartphone;https://ambulantenligne.com/10644/telephone-infinix-note-12i-ram-4go-rom-128go-.jpg;;;;;;;;
Smart Tv CONTINENTAL 32 Pouces CONT32;CONT32;98500;22 - 40 Pouces;https://ambulantenligne.com/10648/smart-Tv-continental-32-Pouces-cont32.jpg;;;;;;;;
Congélateur SOLSTAR Vertical 6 Tiroirs UF 2400SLVSS;UF 2400SLVSS;225000;3 - 6 Tiroirs;https://ambulantenligne.com/10651/Congélateur-solstar-vertical-6-Tiroirs-uf-2200slvss.jpg;;;;;;;;
Ventilateur SOLSTAR rechargeable 16'' + télécommande + lampe RFS3006U-WH SS;RFS3006U-WH SS;38500;Ventilo Rechargeable;https://ambulantenligne.com/10658/Ventilateur-solstar-rechargeable-16-telecommande-lampe-rfs3006u-wh-ss.jpg;;;;;;;;
Réfrigérateur SHARP 2 portes 180 Litres SJ-KE195-BS2;SJ-KE195-BS2;193500;Moins de 200 Litres;https://ambulantenligne.com/10661/Réfrigerateur-sharp-2-portes-180-Litres-sj-ke195-bs2.jpg;;;;;;;;
Réfrigérateur SHARP 1 porte 185 Litres SJ-DC19SN-MS;SJ-DC19SN-MS;175000;Moins de 200 Litres;https://ambulantenligne.com/10663/Réfrigerateur-sharp-1-porte-185-Litres-sj-dc19sn-ms.jpg;;;;;;;;
Réfrigérateur SHARP 1 porte 146 Litres SJ-DC15SN-MS;SJ-DC15SN-MS;162500;Moins de 200 Litres;https://ambulantenligne.com/10665/Réfrigerateur-sharp-1-porte-146-Litres-sj-dc15sn-ms.jpg;;;;;;;;
Réfrigérateur SOLSTAR 2 portes 138 Litres RF175TDINVSS;RF175TDINVSS;177500;Moins de 200 Litres;https://ambulantenligne.com/10667/Réfrigerateur-solstar-2-portes-138-Litres-rf175tdinvss-.jpg;;;;;;;;
Réfrigérateur LG  2 portes 395 Litres smart inverter GN-B392PL;GN-B392PL;375000;351 Litres & Plus;https://ambulantenligne.com/10669/Réfrigerateur-lg-2-portes-395-Litres-gn-b392plgk-.jpg;;;;;;;;
Réfrigérateur LG  2 portes 254 Litres smart inverter GN-B272SQCB;GN-B272SQCB;365000;201 - 350 Litres;https://ambulantenligne.com/10671/Réfrigerateur-lg-2-portes-254-Litres-smart-inverter-gn-b272sqcb.jpg;;;;;;;;
Réfrigérateur LG  2 portes 547 Litres smart inverter GN-C702SGSU;GN-C702SGSU;690000;351 Litres & Plus;https://ambulantenligne.com/10673/Réfrigerateur-lg-2-portes-547-Litres-smart-inverter-gn-c702sgsu.jpg;;;;;;;;
Réfrigérateur LG 2 portes 438 Litres smart inverter GL-H652HLHU;GL-H652HLHU;589900;Frigo 2 Portes;https://ambulantenligne.com/10675/Réfrigerateur-lg-2-portes-438-Litres-smart-inverter-gl-h652hlhu.jpg;;;;;;;;
Réchaud SOLSTAR 3 Feux à  gaz GBG36SS;GBG36SS;27500;Réchaud à gaz;https://ambulantenligne.com/10677/Réchaud-solstar-3-Feux-a-gaz-gbg36ss-.jpg;;;;;;;;
Micro onde SOLSTAR 25 Litres MWO 25MDWH SS avec grill;MWO 25MDWH SS;0;AVEC GRILL;https://ambulantenligne.com/10678/Micro-onde-solstar-25-Litres-mwo-25mdwh-ss-avec-grill.jpg;;;;;;;;
Micro onde SOLSTAR 23 Litres MWO 23M-MBKB SS;MWO 23M-MBKB SS;0;SANS GRILL;https://ambulantenligne.com/10679/Micro-onde-solstar-23-Litres-mwo-23m-mbkb-ss.jpg;;;;;;;;
Machine à  laver Semi automatique HISENSE 14KG XPB140-SXC14;XPB140-SXC14;232500;10 kg et Plus;https://ambulantenligne.com/10680/machine-a-laver-semi-automatique-hisense-14kg-xpb140-sxc14.jpg;;;;;;;;
Machine à  laver Semi automatique SAMSUNG 8.5KG WT85H3210MB;WT85H3210MB;199900;Accueil;https://ambulantenligne.com/10682/machine-a-laver-semi-automatique-samsung-85kg-wt85h3210mb.jpg;;;;;;;;
Ensemble Bocal Carrà© kitchen love 3L et 1L;;3888;Ustensile de Cuisine;https://ambulantenligne.com/10687/ensemble-bocal-carre-kitchen-love-3l-et-1l.jpg;;;;;;;;
Ensemble bocal carrà© kitchen love rouge;;3525;Ustensile de Cuisine;https://ambulantenligne.com/10688/ensemble-bocal-carre-kitchen-love-rouge.jpg;;;;;;;;
Ensemble de 6 Verres multicolores LAV ARAS 263;ARAS263;4500;Ustensile de Cuisine;https://ambulantenligne.com/10689/ensemble-de-6-verres-multicolores-lav-aras-263.jpg;;;;;;;;
Ensemble 6 Verres EMPIRE 364;Empire364;4200;Ustensile de Cuisine;https://ambulantenligne.com/10692/ensemble-6-verres-empire-364.jpg;;;;;;;;
Ensemble de 6 Verres ADA 389;ADA 389;4000;Ustensile de Cuisine;https://ambulantenligne.com/10693/ensemble-de-6-verres-ada-389.jpg;;;;;;;;
Ensemble de 6 Verres à  pied MISKET 549;MISKET 549;4400;Ustensile de Cuisine;https://ambulantenligne.com/10694/ensemble-de-6-verres-a-pied-misket-549.jpg;;;;;;;;
Ensemble de 6 Verres à  pied MIS 571F;MIS 571F;5000;Ustensile de Cuisine;https://ambulantenligne.com/10695/ensemble-de-6-verres-a-pied-mis-571f.jpg;;;;;;;;
Ensemble de 6 Verres à  pied MIS 535;MIS 535;4400;Ustensile de Cuisine;https://ambulantenligne.com/10696/ensemble-de-6-verres-a-pied-mis-535.jpg;;;;;;;;
Ensemble de 6 Verres à  pied EMP 568F;EMP 568F;4700;Ustensile de Cuisine;https://ambulantenligne.com/10697/ensemble-de-6-verres-a-pied-emp-568f.jpg;;;;;;;;
Oreillers EDEN souplesse line 70/50;souplesse line;8500;Matelas & Sommier;https://ambulantenligne.com/10703/oreillers-eden-souplesse-line-7050.jpg;;;;;;;;
Matelas TEDYDOM 90x190 Epaisseur 27cm;TEDYDOM;46000;Matelas & Sommier;https://ambulantenligne.com//matelas-tedydom-90190-epaisseur-27cm.jpg;;;;;;;;
Ensemble set 12 pièces â Tasse et soucoupes;E12PTS;8550;Peit déjeuner;https://ambulantenligne.com/10710/ensemble-set-12-pieces-tasse-et-soucoupes.jpg;;;;;;;;
Matelas ressort SUPER 180/190 Epaisseur 20cm;SUPER;94500;Matelas & Sommier;https://ambulantenligne.com/10713/matelas-ressort-super-180190-epaisseur-20cm.jpg;;;;;;;;
Réchaud/Table De CuisSon  à gaz  3 Feux Geepas GK6759;GK6759;32500;Réchaud à gaz;https://ambulantenligne.com/10714/Réchaudtable-de-cuisSon-a-gaz-3-Feux-geepas-gk6759.jpg;;;;;;;;
Double bocal carrà© kitchen love rouge;PBCKR;3525;Conditionnement;https://ambulantenligne.com/10726/double-bocal-carre-kitchen-love-rouge.jpg;;;;;;;;
Double bocal carrà© kitchen love 3L et 1L Noir;DBCKL3L1L;3890;Conditionnement;https://ambulantenligne.com/10727/double-bocal-carre-kitchen-love-3l-et-1l-noir.jpg;;;;;;;;
MiniCHOPPER Moulin viande + là©gume Electrique 2L pot en verre;MC2L;15000;Robot de Cuisine;https://ambulantenligne.com/10728/mini-chopper-moulin-viande-legume-electrique-2l-pot-en-verre.jpg;;;;;;;;
MiniCHOPPER Moulin viande Electrique 500w 3 vitesses;MCMV;20000;Robot de Cuisine;https://ambulantenligne.com/10729/mini-chopper-moulin-viande-electrique-500w.jpg;;;;;;;;
MiniCHOPPER Moulin viande et là©gume 1808-306;1808-306;15000;Robot de Cuisine;https://ambulantenligne.com/10730/mini-chopper-moulin-viande-et-legume-1808-306.jpg;;;;;;;;
MiniCHOPPER Moulin viande et là©gume;MCMVL;27000;Robot de Cuisine;https://ambulantenligne.com/10731/mini-chopper-moulin-viande-et-legume.jpg;;;;;;;;
MiniCHOPPER Moulin Hachoir à  viande et là©gume vert;MVLEV;6750;Robot de Cuisine;https://ambulantenligne.com/10732/moulin-a-viande-legumes-electriques-vert.jpg;;;;;;;;
Mixer Blender SonIFER 2 en 1 400W SF-8031;SF-8031;27000;Mixeur & Jus;https://ambulantenligne.com/10733/mixer-blender-Sonifer-2-en-1-400w-sf-8031.jpg;;;;;;;;
Mixer blender de bar industriel           SANTOS 1;25 Litres 33GE;33GE;307800;Matériel de Cuisine;https://ambulantenligne.com/10735/mixer-blender-de-bar-industriel          -santos-125-Litres-33ge.jpg;;;;;;;
Mixer-blender industriel           SANTOS sans bol nÂ°37 4 L Bol en copolyester 307812;SANTOS_307812;704700;Matériel de Cuisine;https://ambulantenligne.com/10736/mixer-blender-industriel          -santos-sans-bol-n37-4-l-bol-en-copolyester-307812.jpg;;;;;;;;
Mixer blender plongeant;;13500;Mixeur & Jus;https://ambulantenligne.com/10737/mixer-blender-plongeant-.jpg;;;;;;;;
Mixer blender plongeant SonIFER double vitesse 400W SF-8046;SF-8046;13500;Mixeur & Jus;https://ambulantenligne.com/10738/mixer-blender-plongeant-Sonifer-double-vitesse-400w-sf-8046.jpg;;;;;;;;
Robot Multifonction ROYALTY LINE acier Inoxydable 1050w Rouge RL-PKM1900;RL-PKM1900;109000;Robot de Cuisine;https://ambulantenligne.com/10739/robot-multifonction-royalty-line-acier-inoxydable-1050w-rouge-rl-pkm1900.jpg;;;;;;;;
Mixeur multifonction 2 en 1 GEEPAS de 400w 1;5 Litres GSB44027N;GSB44027N;16900;Mixeur & Jus;https://ambulantenligne.com/10741/mixeur-multifonction-2-en-1-geepas-de-400w-15-Litres-gsb44027n.jpg;;;;;;;
Robot Multifonction Batteur Mixer GEEPAS 5 en 1 GSM43011 800W;GSM43011;83850;Robot de Cuisine;https://ambulantenligne.com/10742/robot-multifonction-batteur-mixer-geepas-5-en-1-gsm43011-800w.jpg;;;;;;;;
Hachoir à  viande SonIFER acier inoxydable de 3000w SF-5012 ROUGE;SF-5012;69950;Robot de Cuisine;https://ambulantenligne.com/10745/hachoir-a-viande-Sonifer-acier-inoxydable-de-3000w-sf-5012-rouge.jpg;;;;;;;;
Onduleur MPOWER 1200va;MPOWER 1200va;46500;Onduleur;https://ambulantenligne.com/10916/Onduleur-mpower-1200va.jpg;;;;;;;;
Onduleur APC SRV 3000Va;SRV 3000Va;713900;Onduleur;https://ambulantenligne.com/10927/Onduleur-apc-srv-3000Va.jpg;;;;;;;;
Onduleur JC TECH 750va;JC TECH 750va;25000;Onduleur;https://ambulantenligne.com//Onduleur-jc-tech-750va.jpg;;;;;;;;
Friteuse à  air Electrique SonIFER 4.2L 1400W SF-1011;SF-1011;43500;Appareil de Cuisson;https://ambulantenligne.com/10749/friteuse-a-air-electrique-Sonifer-42l-1400w-sf-1011.jpg;;;;;;;;
Batterie Onduleur MPOWER 12v 7;MPOWER 12v 7;0;Onduleur;https://ambulantenligne.com//batterie-Onduleur-mpower-12v-7.jpg;;;;;;;;
Batterie Onduleur MPOWER 12v 9;MPOWER 12v 9;0;Onduleur;https://ambulantenligne.com//batterie-Onduleur-mpower-12v-9.jpg;;;;;;;;
Regulateur de tension QUALITEC 2000Va;QUALITEC 2000Va;27500;1500 - 2000Va;https://ambulantenligne.com/10932/regulateur-de-tension-qualitec-2000Va.jpg;;;;;;;;
Regulateur de tension QUALITEC 5000Va;QUALITEC 5000Va;65000;3000Va & Plus;https://ambulantenligne.com/10934/regulateur-de-tension-qualitec-5000Va.jpg;;;;;;;;
Réfrigérateur Encastrable CANDY combiné 3 Tiroirs 264 Litres CBL3518F white;CBL3518F;267500;201 - 350 Litres;https://ambulantenligne.com/10759/Réfrigerateur-Encastrable-candy-combine-3-Tiroirs-264-Litres-cbl3518f-white-.jpg;;;;;;;;
Imprimante EPSon L850;L850;319000;Imprimante Jet d'encre    ;https://ambulantenligne.com/10830/imprimante-epSon-l850.jpg;;;;;;;;
Hachoir/Broyeur industriel           3Litres Cutter 1508-012;Cutter 1508-012;380000;Matériel de Cuisine;https://ambulantenligne.com/10769/hachoirbroyeur-industriel          -3Litres-cutter-1508-012-.jpg;;;;;;;;
Imprimante CANON i-SENSYS MF3010;MF3010;228000;Imprimante Laser;https://ambulantenligne.com/10910/imprimante-canon-i-sensys-mf3010.jpg;;;;;;;;
Imprimante CANON i-SENSYS 453DW;453DW;354000;Imprimante Laser;https://ambulantenligne.com//imprimante-canon-i-sensys-453dw.jpg;;;;;;;;
Imprimante CANON PIXMA G3420;G3420;198000;Imprimante Laser;https://ambulantenligne.com//imprimante-canon-pixma-g3420.jpg;;;;;;;;
Imprimante CANON Pixma G540;G540;274000;Imprimante WIFI;https://ambulantenligne.com//imprimante-canon-pixma-g540.jpg;;;;;;;;
Serveur DELL PowerEdge T40-138 Intel Xeon E-2224G;E-2224G;845000;Unité centrale;https://ambulantenligne.com/10886/serveur-dell-poweredge-t40-138-intel-xeon-e-2224g.jpg;;;;;;;;
Imprimante LASE HP Laser 107W 4ZB78A;107W;148000;Imprimante Laser;https://ambulantenligne.com/10884/imprimante-lase-hp-laser-107w.jpg;;;;;;;;
"Smart Tv SAMSUNG 75"" Crystal 4K UHD 75AU8000";75AU8000;790000;Accueil;https://ambulantenligne.com/10792/smart-Tv-samsung-65-crystal-4k-uhd-65au8000.jpg;;;;;;;;
mprimante HP Laser 135W;135W;184000;Imprimante WIFI;https://ambulantenligne.com//mprimante-hp-laser-135w.jpg;;;;;;;;
Ecran LENOVO 19 Pouces L1900;L1900;115000;Accueil;https://ambulantenligne.com//ecran-lenovo-19-Pouces-l1900.jpg;;;;;;;;
Imprimante HP Multifonction Deskjet 2130;Deskjet 2130;34500;Imprimante Jet d'encre    ;https://ambulantenligne.com//imprimante-hp-multifonction-deskjet-2130.jpg;;;;;;;;
Bouilloire Electrique LONGLI;Longli;15000;Peit déjeuner;https://ambulantenligne.com/10799/bouilloire-electrique-longli-.jpg;;;;;;;;
Bouilloire en acier inoxydable 1;5 Litres + thà©ià¨re en verre 1 litre MINMAX;CTvMB;55000;Peit déjeuner;https://ambulantenligne.com/10801/chauffe-eau-theiere-en-verre-minmax.jpg;;;;;;;
Ecran ordinateur LENOVO 27 Pouces L27I;L27I;185000;Ecran pc;https://ambulantenligne.com/10864/ecran-ordinateur-lenovo-27-Pouces-l27i.jpg;;;;;;;;
Bouilloire en acier inoxydable 1;5 Litres + thà©ià¨re en verre 1 litre MINMAX;CTvMS;20000;Peit déjeuner;https://ambulantenligne.com/10802/chauffe-eau-theiere-en-verre-minmax.jpg;;;;;;;
Boite de rangement transparent de grande capacità©;;0;Accueil;https://ambulantenligne.com/10804/boite-de-rangement-transparent-de-grande-capacite.jpg;;;;;;;;
Boite de rangement transparent de grande capacità©;;6200;Conditionnement;https://ambulantenligne.com/10805/boite-de-rangement-transparent-de-grande-capacite.jpg;;;;;;;;
Panier/Boite à  pain avec fermeture hermà©tique;BPFH;4725;Conditionnement;https://ambulantenligne.com/10806/panierboite-a-pain-avec-fermeture-hermetique.jpg;;;;;;;;
Bocal à  à©pices transparents verre bois;BEVB;4500;Matériel de Cuisine;https://ambulantenligne.com/10807/bocal-a-epices-transparents-verre-bois.jpg;;;;;;;;
Pack Bocal à  Gauffre;PBG;4500;Conditionnement;https://ambulantenligne.com/10808/pack-bocal-a-gauffre-.jpg;;;;;;;;
Pack Bocal à  Gauffre dà©coratif;PBGD;4500;Ustensile de Cuisine;https://ambulantenligne.com/10809/pack-bocal-a-gauffre-decoratif.jpg;;;;;;;;
Beurrier inox avec couvercle;BIAC;2200;Peit déjeuner;https://ambulantenligne.com/10817/beurrier-inox-avec-couvercle.jpg;;;;;;;;
Batteur avec bol multifonction SonIFER 400w SF-7008;SF-7008;35000;Robot de Cuisine;https://ambulantenligne.com/10819/batteur-avec-bol-multifonction-Sonifer-400w-sf-7008.jpg;;;;;;;;
Ecran vidéo projecteur Electrique 3m/3m;E 3m/3m;205000;Ecran pc;https://ambulantenligne.com/10822/ecran-video-projecteur-electrique-3m3m.jpg;;;;;;;;
"Smart Tv SAMSUNG 50"" Crystal 4K UHD BU8000 (2022)";BU8000;355000;Accueil;https://ambulantenligne.com/10827/smart-Tv-samsung-55-crystal-4k-uhd-bu8000-2022.jpg;;;;;;;;
Ordinateur de Bureau HP Dual Core 4GB-1 Tera 290 G2;290 G2;320000;Ordinateur Fixe;https://ambulantenligne.com//ordinateur-de-Bureau-hp-dual-core-4gb-1-tera-290-g2.jpg;;;;;;;;
"Smart Tv ROCH 32"" Android RH-LE32DSA-B";RH-LE32DSA-B;95000;22 - 40 Pouces;https://ambulantenligne.com/10938/smart-Tv-roch-32-android-rh-le32dsa-b.jpg;;;;;;;;
Poubelle à  dà©chet de 240Litres;PAD-240;42500;;https://ambulantenligne.com/10944/poubelle-a-dechet-de-240Litres.jpg;;;;;;;;
Sèche linge avec charge maximale de 20 kg;SL20;15000;;https://ambulantenligne.com/10945/seche-linge-avec-charge-maximale-de-20-kg-.jpg;;;;;;;;
Bouilloire Electrique SonIFER SF-2058;SF-2058;8500;Peit déjeuner;https://ambulantenligne.com/10946/bouilloire-electrique-Sonifer-sf-2058.jpg;;;;;;;;
Speaker SHARP system PS-920;PS-920;0;Connectique;https://ambulantenligne.com/10948/speaker-sharp-system-ps-920.jpg;;;;;;;;
Réfrigérateur Side by side HITACHI avec fontaine RW-V800PUN7KBBK -;RW-V800PUN7KBBK -;0;Side by side & Multiportes;https://ambulantenligne.com/10953/Réfrigerateur-side-by-side-hitachi-avec-fontaine-.jpg;;;;;;;;
Réfrigérateur HITACHI 2 portes;;0;351 Litres & Plus;https://ambulantenligne.com/10961/Réfrigerateur-hitachi-2-portes-.jpg;;;;;;;;
Smart Tv TCL 75 Pouces android 4K TCL75K;TCL75K;0;55 Pouces & Plus;https://ambulantenligne.com/10959/smart-Tv-tcl-75-Pouces-android-4k-tcl75k.jpg;;;;;;;;
Mixeur SOLSTAR 1.6L  BL6107;BL6107;0;Accueil;https://ambulantenligne.com/10963/mixeur-solstar-16l-bl6107.jpg;;;;;;;;
Batteur a main SOLSTAR MH3007A RDV SS;MH3007A RDV SS;0;Accueil;https://ambulantenligne.com/10964/batteur-a-main-solstar-mh3007a-rdv-ss.jpg;;;;;;;;
Minichaine LG hi-fi 1000W XBOOM;;0;Hi-Fi System;https://ambulantenligne.com/10965/mini-chaine-lg-hi-fi-1000w-xboom-.jpg;;;;;;;;
Micro onde ROCH 20 Litres miroir RMW-20LD7CP;RMW-20LD7CP;45000;Micro-onde;https://ambulantenligne.com/10972/Micro-onde-roch-20-Litres-miroir-rmw-20ld7cp.jpg;;;;;;;;
Bouilloire Electrique kettle ROCH 2 Litres REK-840-D;REK-840-D;6000;Petit électro;https://ambulantenligne.com/10973/bouilloire-electrique-kettle-roch-2-Litres-rek-840-d.jpg;;;;;;;;
Bouilloire Electrique kettle RAF 2 Litres R-7863;R-7863;7500;Appareil de Cuisson;https://ambulantenligne.com/10975/bouilloire-electrique-kettle-raf-2-Litres-r-7863.jpg;;;;;;;;
Mixeur Blender ROCH bol en verre RBL-114C-SS;RBL-114C-SS;20000;Mixeur & Jus;https://ambulantenligne.com/10978/mixeur-blender-roch-bol-en-verre-rbl-114c-ss.jpg;;;;;;;;
Mixeur Blender ROCH  RBL-113C;RBL-113C;13500;Mixeur & Jus;https://ambulantenligne.com/10982/mixeur-blender-roch-rbl-113c.jpg;;;;;;;;
Mixeur Blender ROCH RBL-111-C;RBL-111-C;13500;Mixeur & Jus;https://ambulantenligne.com/10984/mixeur-blender-roch-rbl-111-c.jpg;;;;;;;;
Mixeur Blender ROCH RBL-116-C blanc;RBL-116-C;13500;Mixeur & Jus;https://ambulantenligne.com/10985/mixeur-blender-roch-rbl-116-c-blanc.jpg;;;;;;;;
Machine à  Café moulu 0;75L ROCH RCM-101P;RCM-101P;22500;Machine à Café;https://ambulantenligne.com/10990/machine-a-cafe-moulu-075l-roch-rcm-101p.jpg;;;;;;;
Réfrigérateur ROCH combiné 5 Tiroirs A+ 251L RFR-31DBL;RFR-31DBL;250000;201 - 350 Litres;https://ambulantenligne.com/10992/Réfrigerateur-roch-combine-5-Tiroirs-a-251l-rfr-31dbl.jpg;;;;;;;;
Machine à  Café SENCOR SCE-5000KB;SCE-5000KB;35000;Machine à Café;https://ambulantenligne.com/10994/machine-a-cafe-sencor-sce-5000kb.jpg;;;;;;;;
Presse-Agrumes SENCOR SCJ-6050SS;SCJ6050SS;22500;Mixeur & Jus;https://ambulantenligne.com/10996/presse-agrumes-sencor-scj6050ss.jpg;;;;;;;;
Machine à  Café SENCOR SCE-2100BK;SCE-2100BK;32500;Machine à Café;https://ambulantenligne.com/10998/machine-a-cafe-sencor-sce-2100bk.jpg;;;;;;;;
Extracteur de jus SENCOR SJE-741SS;SJE-741SS;45000;Mixeur & Jus;https://ambulantenligne.com/11003/extracteur-de-jus-sencor-sje-741ss.jpg;;;;;;;;
Mixeur de Cuisine à  Smoothie SENCOR SBL-7172BL;SBL-7172BL;39500;Mixeur & Jus;https://ambulantenligne.com/11005/mixeur-de-Cuisine-a-smoothie-sencor-sbl-7172bl.jpg;;;;;;;;
Insecticide SENCOR SIK-5000BK;SIK-5000BK;20000;ENTRETIEN;https://ambulantenligne.com/11007/insecticide-sencor-sik-5000bk.jpg;;;;;;;;
Mixeur de Cuisine à  Smoothie SENCOR 800W SBL-7178BL;SBL-7178BL;45000;Mixeur & Jus;https://ambulantenligne.com/11010/mixeur-de-Cuisine-a-smoothie-sencor-800w-sbl-7178bl.jpg;;;;;;;;
Vitrine à  chaud BOMBàE RTR-45L;RTR-45L;200000;Froid;https://ambulantenligne.com/11024/Vitrine-a-chaud-bombee-rtr-45l.jpg;;;;;;;;
Ordinateur de Bureau HP 24 Pouces all in one CORE i5 8GB-1 tera DF1036;DF1036;615000;Ordinateur Portable;https://ambulantenligne.com/11027/ordinateur-de-Bureau-hp-24-Pouces-all-in-one-core-i5-8gb-1-tera-df1036.jpg;;;;;;;;
Ensemble set de table 6pcs 1808;1808;3500;Peit déjeuner;https://ambulantenligne.com/11033/ensemble-set-de-table-6pcs-1808.jpg;;;;;;;;
Ensemble set de table 4pcs Vert 1808-265;1808-265;3900;Peit déjeuner;https://ambulantenligne.com/11034/ensemble-set-de-table-4pcs-vert-1808-265.jpg;;;;;;;;
Poele avec support en bois diffà©rentes taille PSB-1910;PSB-1910;5450;Ustensile de Cuisine;https://ambulantenligne.com/11045/poele-avec-support-en-bois-differentes-taille-psb-1910.jpg;;;;;;;;
Presse Café et thà© HEREVIN Presse franà§aise avec filtre 350 ml 131062;131062;2500;Machine à Café;https://ambulantenligne.com/11049/presse-cafe-et-the-herevin-presse-francaise-avec-filtre-350-ml-131062.jpg;;;;;;;;
Glacière garde au frais KEEPCOLD 150 Litres GKC150G;GKC150G;147500;Ustensile de Cuisine;https://ambulantenligne.com/11052/glaciere-garde-au-frais-150-Litres-gkc150g.jpg;;;;;;;;
Escabot marchepied pour enfant EMPE;EMPE;5000;Accueil;https://ambulantenligne.com/11053/escabot-marchepied-pour-enfant-empe.jpg;;;;;;;;
Ordinateur de Bureau HP pavillon 27 Pouces tactiles all in one CORE i7 16GB-1tera DP1387;DP1387;905000;Ordinateur Portable;https://ambulantenligne.com/11068/ordinateur-de-Bureau-hp-pavillon-27-Pouces-tactiles-all-in-one-core-i7-16gb-1tera-dp1387.jpg;;;;;;;;
Ordinateur de Bureau HP 22 Pouces  all in one CORE i3 4GB-1tera HP-200-G4-I3;HP-200-G4-I3;450000;Ordinateur Portable;https://ambulantenligne.com/11070/ordinateur-de-Bureau-hp-22-Pouces-all-in-one-core-i3-4gb-1tera-hp-200-g4.jpg;;;;;;;;
Chauffe eau VENUS 100 Litres 100VLX;100VLX;105000;Chauffe eau;https://ambulantenligne.com/11074/chauffe-eau-venus-100-Litres-100vlx.jpg;;;;;;;;
Bouilloire Electrique kettle RAF 2.3 Litres R-7873;R-7873;7500;Appareil de Cuisson;https://ambulantenligne.com/11077/bouilloire-electrique-kettle-raf-23-Litres-r-7873.jpg;;;;;;;;
Fer à  repasser ROCH a vapeur 2000W RIR-109-D;RIR-101-D;9000;Aspirateur;https://ambulantenligne.com/11078/fer-a-repasser-roch-a-vapeur-2000w-rir-109-d.jpg;;;;;;;;
Aspirateur ROCH RAF 1200w R8662;R8662;55000;Aspirateur;https://ambulantenligne.com/11079/Aspirateur-roch-raf-1200w-r8662.jpg;;;;;;;;
Micro onde ROCH 23L RMW-23LP2B;RMW-23LP2B;49900;Micro-onde;https://ambulantenligne.com/11088/Micro-onde-roch-23l-rmw-23lp2b.jpg;;;;;;;;
Centrifugeuse Mixeur Broyeur Hachoir Roch 1.25L RJB-4IN1B-D;RJB-4IN1B-D;55000;Robot de Cuisine;https://ambulantenligne.com/11089/centrifugeuse-mixeur-broyeur-hachoir-roch-125l-rjb-4in1b-d.jpg;;;;;;;;
Extracteur de jus ROCH 500ML 1000w RJB-301-D;RJB-301-D;55000;Mixeur & Jus;https://ambulantenligne.com/11091/extracteur-de-jus-roch-500ml-1000w-rjb-301-d.jpg;;;;;;;;
Aspirateur ROCH RAF 2800w R-8670;R-8670;75000;Aspirateur;https://ambulantenligne.com/11099/Aspirateur-roch-raf-2800w-r-8670.jpg;;;;;;;;
Réfrigérateur combiné 3 Tiroirs HOTPOINT Ariston 462 Litres HA70BI31W No-Frost;HA70BI31W;450000;351 Litres ET Plus;https://ambulantenligne.com/11108/Réfrigerateur-combine-3-Tiroirs-hotpoint-ariston-462-Litres-ha70bi31w-no-frost.jpg;;;;;;;;
Réfrigérateur combiné 3 Tiroirs HOTPOINT Ariston 470 Litres ENBLH-19122  No-Frost;ENBLH-19122;480000;351 Litres ET Plus;https://ambulantenligne.com/11128/Réfrigerateur-combine-3-Tiroirs-hotpoint-ariston-470-Litres-enblh-19122-no-frost.jpg;;;;;;;;
Machine à  laver ARISTON 11Kg A+++ AQ113D-697D- X EX;AQ113D-697D- X EX;350000;10 kg & Plus;https://ambulantenligne.com/11115/machine-a-laver-ariston-11kg-a-aq113d-697d-x-ex.jpg;;;;;;;;
Smart Tv 32 Pouces SMART TECHNOLOGY STT-3211S;STT-3211S;65000;Accueil;https://ambulantenligne.com/11112/smart-Tv-32-Pouces-amart-technology-stt-3211s.jpg;;;;;;;;
Lave Vaisselle LG 13 couverts DFB512FW blanc;DFB512FW;495000;Accueil;https://ambulantenligne.com/11113/Lave-vaisselle-lg-13-couverts-dfb512fw-blanc.jpg;;;;;;;;
Smart Tv SAMSUNG 43 Pouces crystal UHD 4K 43TU7002;43TU7002;229900;Smart Tv 4K;https://ambulantenligne.com/11117/smart-Tv-samsung-43-Pouces-crystal-uhd-4k-43tu7002.jpg;;;;;;;;
Smart Tv SAMSUNG 85 Pouces NEO Qled UHD 8K QA85QN800A;QA85QN800A;4150000;Qled Tv;https://ambulantenligne.com/11122/smart-Tv-samsung-85-Pouces-neo-Qled-uhd-8k-qa85qn800a.jpg;;;;;;;;
Réfrigérateur combiné 3 Tiroirs HOTPOINT Ariston avec DISPLAY 502 Litres A+ inox;DISPLAY;530000;351 Litres ET Plus;https://ambulantenligne.com/11131/Réfrigerateur-combine-3-Tiroirs-hotpoint-ariston-avec-display-502-Litres-a-inox.jpg;;;;;;;;
Split CAC 1.5Cv 12000BTU Gaz 410;;168500;12.000 Btu/1.5Cv;https://ambulantenligne.com/11162/split-cac-15cv-12000btu-gaz-410.jpg;;;;;;;;
Split CAC 3Cv 24000BTU Gaz 410;;302500;24.000 BTU/3CV;https://ambulantenligne.com/11164/split-cac-3cv-24000btu-gaz-410.jpg;;;;;;;;
Micro Onde LG 25L Neo chef avec grill MH6535GIS Blanc;MH6535GISW;88500;Accueil;https://ambulantenligne.com/11168/Micro-onde-lg-25l-neo-chef-avec-grill-mh6535gis-blanc.jpg;;;;;;;;
Réfrigérateur HITACHI Side by Side 605L inverter A++ R-S700PUC2 black;R-S700PUC2;760000;501 - 650 Litres;https://ambulantenligne.com/11169/Réfrigerateur-hitachi-side-by-side-605l-inverter-a-r-s700puc2-black.jpg;;;;;;;;
"Smart Tv EVVOLI 55"" Qled 4K Android UHD 55EV250QA";55EV250QA;325000;Oled Tv;https://ambulantenligne.com/11171/smart-Tv-evvoli-55-Qled-4k-android-uhd-55ev250qa.jpg;;;;;;;;
Plaque Encastrable ASTECH  à gaz  60cm PL60GA3NO;PL60GA3NO;135000;4 Feux 60/60;https://ambulantenligne.com/11179/plaque-Encastrable-astech-4-Feux-a-gaz-noir.jpg;;;;;;;;
Plaque Encastrable ASTECH à  gaz 5 Feux PL90GZ222NO noir;PL90GZ222NO;170000;5 Feux 90/60;https://ambulantenligne.com/11183/plaque-Encastrable-astech-a-gaz-5-Feux-pl90gz222no-noir-.jpg;;;;;;;;
Hotte   de Cuisine ASTECH 60cm H060S-66GRN noir;H060S-66GRN;109900;Hotte   60cm;https://ambulantenligne.com/11184/astech.jpg;;;;;;;;
Plaque Encastrable ASTECH 4 Feux mixte 2 Feux + 2 Electriques  PL60CG600NO;PL60CG600NO;235000;4 Feux 60/60;https://ambulantenligne.com/11186/astech.jpg;;;;;;;;
Autocuiseur  électrique SENCOR SPR-3600WH;SPR-3600WH;85000;Accueil;https://ambulantenligne.com/11187/autocuiseur-electrique-sencor-spr-3600wh.jpg;;;;;;;;
ASTECH;;0;Fontaine à Eau;https://ambulantenligne.com/11196/astech.jpg;;;;;;;;
Fontaine de table ASTECH FNT77TB-MA;FNT77TB-MA;77500;Sans Frigo;https://ambulantenligne.com/11200/astech-.jpg;;;;;;;;
ASTECH;;0;Fontaine à Eau;https://ambulantenligne.com/11201/astech.jpg;;;;;;;;
Micro onde Encastrable ASTECH 25 Litres MO25KH-NT;MO25KH-NT;134900;25 à  40 Litres;https://ambulantenligne.com/11203/astech.jpg;;;;;;;;
ASTECH;;0;Frigo combiné;https://ambulantenligne.com/11216/astech-.jpg;;;;;;;;
ASTECH;;0;Frigo 2 Portes;https://ambulantenligne.com/11220/astech-.jpg;;;;;;;;
ASTECH;;0;Frigo 2 Portes;https://ambulantenligne.com/11224/astech-.jpg;;;;;;;;
ASTECH;;0;Side by side & Multiportes;https://ambulantenligne.com/11226/astech-.jpg;;;;;;;;
ASTECH;;0;Accueil;https://ambulantenligne.com/11230/astech-.jpg;;;;;;;;
ASTECH;;0;Side by side & Multiportes;https://ambulantenligne.com/11232/astech-.jpg;;;;;;;;
ASTECH;;0;Side by side & Multiportes;https://ambulantenligne.com/11234/astech-.jpg;;;;;;;;
ASTECH;;0;FRIGO 1 PORTE;https://ambulantenligne.com/11240/astech-.jpg;;;;;;;;
Minifour ASTECH 42 Litres PL42JF-NZ;PL42JF-NZ;67500;MiniFour Electrique;https://ambulantenligne.com/11301/astech-.jpg;;;;;;;;
DESKA;;0;Ventilo Sur Pied;https://ambulantenligne.com/11243/deska.jpg;;;;;;;;
DESKA;;0;Ventilo Sur Pied;https://ambulantenligne.com/11244/deska.jpg;;;;;;;;
Fontaine à Eau ASTECH Sans Frigo FNT-22;FNT-22;70000;Sans Frigo;https://ambulantenligne.com/11269/fontaine-a-eau-astech-sans-frigo-fnt-22.jpg;;;;;;;;
Fontaine à Eau ASTECH avec frigo FNT-33;FNT-33;75000;AVEC FRIGO;https://ambulantenligne.com/11271/fontaine-a-eau-astech-avec-frigo-fnt-33.jpg;;;;;;;;
ASTECH;;0;Matériel industriel          ;https://ambulantenligne.com/11272/astech.jpg;;;;;;;;
Batteur acier SonIFER 1000W 5L 6 vitesses SF-8083;SF-8083;75000;Robot de Cuisine;https://ambulantenligne.com/11273/batteur-acier-Sonifer-1000w-5l-6-vitesses-sf-8083.jpg;;;;;;;;
Lave-vaisselle Sharp 14 couverts 8 programmes QW-MA814-WH2;QW-MA814-WH2;239900;Dimension60cm;https://ambulantenligne.com/11280/Lave-vaisselle-sharp-14-couverts-8-programmes-qw-ma814-wh2.jpg;;;;;;;;
Aspirateur Toshiba 5 Litres VCDR200ABF 2000 W;VCDR200ABF;115000;Aspirateur;https://ambulantenligne.com/11285/Aspirateur-toshiba-5-Litres-vcdr200abf-2000-w.jpg;;;;;;;;
Aspirateur Toshiba 22 Litres VCDR220ABF 2200 W;VCDR220ABF;125000;Aspirateur;https://ambulantenligne.com/11287/Aspirateur-toshiba-22-Litres-vcdr220abf-2200-w.jpg;;;;;;;;
Presse-agrumes PHILIPS 300W 500ml HR1811;HR1811;65000;Accueil;https://ambulantenligne.com/11288/presse-agrumes-philips-300w-500ml-hr1811.jpg;;;;;;;;
Fer à  repasser à  vapeur PHILIPS 2400W GC2994;GC2994;42500;Repassage;https://ambulantenligne.com/11290/fer-a-repasser-a-vapeur-philips-2400w-gc2994.jpg;;;;;;;;
Fer à  repasser à  vapeur PHILIPS 2300W GC2990;GC2990;35000;Repassage;https://ambulantenligne.com/11293/fer-a-repasser-a-vapeur-philips-2300w-gc2990.jpg;;;;;;;;
Fer à  repasser à  vapeur PHILIPS sà©rie 6000 DST6001/26;DST6001/26;40000;Repassage;https://ambulantenligne.com/11294/fer-a-repasser-a-vapeur-philips-serie-6000-dst600126.jpg;;;;;;;;
Extracteur de jus KENWOOD 800w JEM02;JEM02;59500;Mixeur & Jus;https://ambulantenligne.com/11298/extracteur-de-jus-kenwood-800w-jem02.jpg;;;;;;;;
Four Encastrable ASTECH Electrique  avec affichage FO60EL-650MA;FO60EL-650MA;220000;Four Electrique 60cm;https://ambulantenligne.com/11303/four-Encastrable-astech-electrique-avec-affichage-fo60el-650ma.jpg;;;;;;;;
"Smart Tv SAMSUNG 85"" 4K crystal UHD 85AU8000 new 2021";85AU8000;1360000;Smart Tv 4K;https://ambulantenligne.com/11305/smart-Tv-samsung-85-4k-crystal-uhd-85au8000-new-2021.jpg;;;;;;;;
Téléphone SAMSUNG GALAXY A04 Mémoire 32Go Ram 3Go Ecran 6.5â³ Photo 50 Mpx;GALAXY A04-32GO;55000;Accueil;https://ambulantenligne.com/11318/telephone-samsung-galaxy-a04-memoire-32go-ram-3go-ecran-65-photo-50-mpx.jpg;;;;;;;;
Téléphone SAMSUNG GALAXY A04 Mémoire 64Go Ram 4Go Ecran 6.5â³ Photo 50 Mpx;GALAXY A04-64GO;60000;Accueil;https://ambulantenligne.com/11320/telephone-samsung-galaxy-a04-memoire-64go-ram-4go-ecran-65-photo-50-mpx.jpg;;;;;;;;
Téléphone SAMSUNG GALAXY A04e Mémoire 64Go Ram 3Go Ecran 6.5â³ Photo 13Mpx;GALAXY A04e-64GO;58000;Accueil;https://ambulantenligne.com/11323/telephone-samsung-galaxy-a04e-memoire-64go-ram-3go-ecran-65-photo-13mpx.jpg;;;;;;;;
Téléphone SAMSUNG GALAXY A04e Mémoire 128Go Ram 4Go Ecran 6.5â³ Photo 13Mpx;GALAXY A04e-128GO;70000;Accueil;https://ambulantenligne.com/11325/telephone-samsung-galaxy-a04e-memoire-128go-ram-4go-ecran-65-photo-13mpx.jpg;;;;;;;;
Barre de Son     TECNOLUX 1000W Bluetooth TEC-12SB;TEC-12SB;42500;Accueil;https://ambulantenligne.com/11330/barre-de-Son-tecnolux-1000w-bluetooth-tec-12sb.jpg;;;;;;;;
Friteuse Electrique professionnelle 2 compartiments 8 Litres Inox;7856.EF8DS.08;250000;Cuisine;https://ambulantenligne.com/11339/friteuse-electrique-professionnelle-ozti-2-compartiments-8-Litres-inox.jpg;;;;;;;;
Fer à  repasser Philips vapeur 1400W semelle antiadhà©sive GC1426;GC1426;18000;Repassage;https://ambulantenligne.com/11380/fer-a-repasser-philips-vapeur-1400w-semelle-antiadhesive-gc1426-.jpg;;;;;;;;
Table de Repassage grand modèle;;30000;Accueil;https://ambulantenligne.com/11386/table-de-Repassage-petit-modele.jpg;;;;;;;;
Fontaine à  eau HAIER 2 sorties avec frigo HSM-2JXR-2 Noir;HSM-2JXR-2;88500;Fontaine à Eau;https://ambulantenligne.com/11387/fontaine-a-eau-haier-2-sorties-avec-frigo-hsm-2jxr-2-noir.jpg;;;;;;;;
Fontaine à  eau HAIER 2 sorties avec frigo HSM-2JXR-5;HSM-2JXR-5;87500;Fontaine à Eau;https://ambulantenligne.com/11388/fontaine-a-eau-haier-2-sorties-avec-frigo-hsm-2jxr-5.jpg;;;;;;;;
Fontaine à  eau HAIER 2 sorties avec frigo HSM-2JXR-8 Bleu de Nuit / Gris;HSM-2JXR-8;92500;Fontaine à Eau;https://ambulantenligne.com/11389/fontaine-a-eau-haier-2-sorties-avec-frigo-hsm-2jxr-8-bleu-de-nuit-gris.jpg;;;;;;;;
Machine à  laver SAMSUNG 16kg Top loading WW16t6260;WW16t6260;425000;10 kg et Plus;https://ambulantenligne.com/11393/machine-a-laver-samsung-16kg-top-loading-ww16t6260.jpg;;;;;;;;
Aspirateur PHILIPS  3L 2000W FC8295;FC8295;89900;Aspirateur;https://ambulantenligne.com/11395/Aspirateur-philips-3l-2000w-fc8295.jpg;;;;;;;;
Machine à  laver BINATONE 9kg semi automatique BWM-090B;BWM-090B;150000;7 - 9 kg;https://ambulantenligne.com/11401/machine-a-laver-binatone-9kg-semi-automatique-bwm-090b.jpg;;;;;;;;
ReFroidisseur d'air Bajaj  antibactà©rien; 95 Litres; blanc et noir DMH-95;DHM-95;150000;VENTILO A EAU;https://ambulantenligne.com/11402/reFroidisseur-d-air-bajaj-antibacterien-95-Litres-blanc-et-noir-dmh95.jpg;;;;;;
ReFroidisseur d'air Bajaj antibactà©rien 36 Litres blanc TMH36;TMH36 SKIVE;85000;VENTILO A EAU;https://ambulantenligne.com/11403/reFroidisseur-d-air-bajaj-antibacterien-36-Litres-blanc-tmh36.jpg;;;;;;;;
Ventilateur mural EVERNAL TG-60;TG-60;20000;Ventilo Mural;https://ambulantenligne.com/11407/Ventilateur-mural-evernal-tg-60.jpg;;;;;;;;
Ventilateur EVERNAL sur pied avec télécommande TG-50;TG-50;20000;Ventilo Sur Pied;https://ambulantenligne.com/11409/Ventilateur-evernal-sur-pied-avec-telecommande-tg-50.jpg;;;;;;;;
Ventilateur EVERNAL sur pied TG-40;TG-40;8500;Ventilo Sur Pied;https://ambulantenligne.com/11411/Ventilateur-evernal-sur-pied-tg-40.jpg;;;;;;;;
Smart Tv Android HISENSE 43 Pouces 4K 43E3G;43E3G;170000;42 - 50 Pouces;https://ambulantenligne.com/11420/smart-Tv-android-hisense-43-Pouces-ultra-high-contrast-43e4g.jpg;;;;;;;;
"Smart Tv Hisense 55"" 4K HD à©cran slim 55E3G-PRO + Mi Tv stick";55E3G-PRO;225000;55 Pouces & Plus;https://ambulantenligne.com/11425/smart-Tv-hisense-55-4k-hd-ecran-slim-55e3g-pro-mi-Tv-stick.jpg;;;;;;;;
Smart Tv TCL 43 Pouces 4K Sà©rie 5 43S54;43S54;150000;42 - 50 Pouces;https://ambulantenligne.com/11427/smart-Tv-tcl-43-Pouces-4k-serie-5-43s54.jpg;;;;;;;;
Smart Tv TCL 55 Pouces Qled HDR Smart google Tv 55S546;55S546;300000;55 Pouces & Plus;https://ambulantenligne.com/11429/smart-Tv-tcl-55-Pouces-Qled-hdr-smart-google-Tv-55s546.jpg;;;;;;;;
Smart Tv Hisense 65 Pouces 4K HD à©cran slim 2+32Go 65E3G-PRO;65E3G-PRO;515000;55 Pouces & Plus;https://ambulantenligne.com/11432/smart-Tv-hisense-65-Pouces-4k-hd-ecran-slim-232go-65e3g-pro.jpg;;;;;;;;
Support Tv mural pivotant jusqu'à  75 Pouces CP502;CP502;15000;Accessoires Tv;https://ambulantenligne.com/11437/support-Tv-mural-pivotant-jusqu-a-75-Pouces-cp502.jpg;;;;;;;;
Support mural split 9.000 - 12.000 btu TNT STAR TG-B420;TG-B420;7000;Accessoires;https://ambulantenligne.com/11438/support-mural-split-9000-24000-btu-tnt-star-tg-b420.jpg;;;;;;;;
Split LG Dual inverter 1.5Cv 12.000 btu chaud & Froid KFR-35GW;KFR-35GW;300000;12.000 Btu/1.5Cv;https://ambulantenligne.com/11439/split-lg-dual-inverter-15cv-12000-btu-kfr-35gw.jpg;;;;;;;;
Split LG Dual inverter 3Cv 24.000 btu chaud & Froid KFR-72GW;KFR-72GW;510000;24.000 BTU/3CV;https://ambulantenligne.com/11440/split-lg-dual-inverter-3cv-24000-btu-chaud-Froid-kfr-72gw.jpg;;;;;;;;
Cuisiniere HAIER 4 Feux 3 Gaz 1 Electrique 60/60 HCR2031EESB Four Electrique;HCR2031EESB;169900;4 Feux 60/60;https://ambulantenligne.com/11458/cuisiniere-haier-4-Feux-3-gaz-1-electrique-6060-hcr2031eesb.jpg;;;;;;;;
Robot Pà¢tissier Multifonction Noir Aicok 1000W MK-37;MK-37;65000;Robot de Cuisine;https://ambulantenligne.com/11456/robot-patissier-multifonction-noir-aicok-1000w-mk-37.jpg;;;;;;;;
Ventilateur à  eau / ReFroidisseur dâair 54 Litres Bajaj MD2020;MD2020;97500;VENTILO A EAU;https://ambulantenligne.com/11464/Ventilateur-a-eau-reFroidisseur-dair-54-Litres-bajaj-md2020.jpg;;;;;;;;
Ventilateur à  eau / ReFroidisseur dâair Bajaj 36 Litres PMH36;PMH36;85000;VENTILO A EAU;https://ambulantenligne.com/11466/Ventilateur-a-eau-reFroidisseur-dair-bajaj-36-Litres-pmh36.jpg;;;;;;;;
Ventilateur à  eau / ReFroidisseur dâair Bajaj 70 Litres DC2050DLX;DC2050DLX;132500;VENTILO A EAU;https://ambulantenligne.com/11468/Ventilateur-a-eau-reFroidisseur-dair-bajaj-70-Litres-dc2050dlx.jpg;;;;;;;;
Ventilateur à  eau / ReFroidisseur dâair Bajaj 80 Litres DMH80 WAVE;DMH80 WAVE;137500;VENTILO A EAU;https://ambulantenligne.com/11470/Ventilateur-a-eau-reFroidisseur-dair-bajaj-65-Litres-dmh80-wave.jpg;;;;;;;;
Cuisinière GEHOT 4 Feux à  gaz 50/50 FF4401GXZU Beige/Noir;FF4401GXZU;110000;4 Feux 50/50;https://ambulantenligne.com/11479/cuisiniere-gehot-4-Feux-a-gaz-5050-ff4401gxzu-beigenoir.jpg;;;;;;;;
Congélateur ASTECH horizontal CH520WB;CH520WB;250000;501 Litres & Plus;https://ambulantenligne.com/11487/Congélateur-astech-horizontal-ch520wb.jpg;;;;;;;;
Machine à  Laver Sharp 9 KG ES-FE912CZL-S;ES-FE912CZL-S;277500;7 - 9 kg;https://ambulantenligne.com/11489/machine-a-laver-sharp-9-kg-es-fe912czl-s.jpg;;;;;;;;
Machine à  laver LG 8kg semi automatique 2 bacs système roller jet TT08NOMG;TT08NOMG;160000;7 - 9 kg;https://ambulantenligne.com/11494/machine-a-laver-lg-8kg-semi-automatique-2-bacs-systeme-roller-jet-tt08nomg.jpg;;;;;;;;
Machine à  laver LG 9kg semi automatique 2 bacs système roller jet TT09NOMG;TT09NOMG;185000;7 - 9 kg;https://ambulantenligne.com/11498/machine-a-laver-lg-9kg-semi-automatique-2-bacs-systeme-roller-jet-tt09nomg.jpg;;;;;;;;
Machine à  laver Toshiba 7.5kg semi automatique 2 bacs système VH-H85MT;VH-H85MT;130000;7 à  9 kg;https://ambulantenligne.com/11499/machine-a-laver-toshiba-75kg-semi-automatique-2-bacs-systeme-vh-h85mt.jpg;;;;;;;;
Congélateur ROCH horizontal RCF-270G;RCF-270G;167500;251 - 500 Litres;https://ambulantenligne.com/11505/Congélateur-roch-horizontal-rcf-270g.jpg;;;;;;;;
Congélateur Vertical SOLSTAR 7 Tiroirs UF2600SLVSS;UF2600SLVSS;245000;7 Tiroirs & Plus;https://ambulantenligne.com/11509/Congélateur-vertical-solstar-7-Tiroirs-uf2600slvss.jpg;;;;;;;;
Réfrigerateur Samsung 2 portes 365 Litres Twin Cooling Plus digital Inverter RT35K5534S8/ST;RT35K5534S8/ST;350000;351 Litres & Plus;https://ambulantenligne.com/11522/Réfrigerateur-samsung-2-portes-365-Litres-twin-cooling-Plus-digital-inverter-rt35k5534s8st.jpg;;;;;;;;
Réfrigerateur Samsung 2 portes 400 Litres Nofrost RT38K501JS8/ST;RT38K501JS8/ST;380000;351 Litres & Plus;https://ambulantenligne.com/11525/Réfrigerateur-samsung-2-portes-400-Litres-nofrost-rt38k501js8st.jpg;;;;;;;;
Réfrigérateur LG 2 portes 184 Litres compresseur smart inverter GN-B202SQBB;GN-B202SQBB;237500;Moins de 200 Litres;https://ambulantenligne.com/11526/Réfrigerateur-lg-2-portes-184-Litres-compresseur-smart-inverter-gn-b202sqbb.jpg;;;;;;;;
Split SAMSUNG Triple Inverter 1;5CV 12000btu Wind-free AR12BVHCMWK;AR12BVHCMWK;395000;12.000 Btu/1.5Cv;https://ambulantenligne.com/11529/split-samsung-triple-inverter-15cv-12000btu-wind-free-ar12bvhcmwk.jpg;;;;;;;
Machine à  laver SMART TECHNOLOGY 9Kg A++ STML-9SH;STML-9SH;218500;7 - 9 kg;https://ambulantenligne.com/11537/machine-a-laver-smart-technology-9kg-a-stml-9sh.jpg;;;;;;;;
Fer à  repasser PHILIPS vapeur 2100W DST3011;DST3011;25000;Repassage;https://ambulantenligne.com/11543/fer-a-repasser-philips-vapeur-2100w-dst3011.jpg;;;;;;;;
Smart Tv LG 75 Pouces 4K Ultra HD 75UQ80;75UQ80;725000;Smart Tv 4K;https://ambulantenligne.com/11588/smart-Tv-lg-75-Pouces-4k-ultra-hd-75uq80.jpg;;;;;;;;
Machine à  laver BEKO 7Kg A+++ WTv7513BB NOIR;;229900;7 - 9 kg;https://ambulantenligne.com/11610/machine-a-laver-beko-7kg-a-wTv7513bb-noir.jpg;;;;;;;;
Congélateur SMART TECHNOLOGY vertical 6 Tiroirs 170 Litres STCB-345F;STCB-345F;165000;Accueil;https://ambulantenligne.com/11619/Congélateur-smart-technology-vertical-6-Tiroirs-170-Litres-stcb-345f.jpg;;;;;;;;
Bouilloire Electrique RONSTAR 1;8 Litres RGK777AS;RGK777AS;6500;Peit déjeuner;https://ambulantenligne.com/11631/bouilloire-electrique-ronstar-18-Litres-rgk777as.jpg;;;;;;;
Réfrigérateur combiné SMART TECHNOLOGY 3 Tiroirs 157 Litres STCB-270M;STCB-270M;135000;Accueil;https://ambulantenligne.com/11638/Réfrigerateur-combine-smart-technology-3-Tiroirs-248-Litres-stcb-270m.jpg;;;;;;;;
Smart Tv  WEST 43 Pouces  ANDROID 43ZBM1W;43ZBM1W;0;42 - 50 Pouces;https://ambulantenligne.com/11643/televiseur-west-43-android-smart-43zbm1w.jpg;;;;;;;;
"Téléviseur LG 49"" Smart NanoCell 4K HDR WebOS 49NANO80";49NANO80;290000;Smart Tv 4K;https://ambulantenligne.com/11651/televiseur-lg-49-smart-nanocell-4k-hdr-webos-49nano80.jpg;;;;;;;;
"Téléviseur LG 49"" Smart HDR avec ThinQ AI 49LK5730";49LK5730;265000;Smart Tv;https://ambulantenligne.com/11653/televiseur-lg-49-smart-hdr-avec-thinq-ai-49lk5730.jpg;;;;;;;;
"Téléviseur LG 50"" Smart Tv 4K HDR 50UQ7506";50UQ7506;295000;Smart Tv 4K;https://ambulantenligne.com/11655/televiseur-lg-50-smart-4k-hdr-50uq7506-.jpg;;;;;;;;
"Téléviseur LG 75"" Smart HDR 4K UHD 75UP77";75UP77;775000;Accueil;https://ambulantenligne.com/11659/televiseur-lg-75-smart-hdr-4k-uhd-75up77-.jpg;;;;;;;;
"Téléviseur LG 86"" Smart Nanocell UHD 4K NANO766QA";NANO766QA;1335000;Accueil;https://ambulantenligne.com/11672/televiseur-lg-86-smart-nanocell-uhd-4k-nano766qa.jpg;;;;;;;;
Réfrigérateur combiné SOLSTAR 3 Tiroirs 182 Litres RF257K-BDSLVSS;RF257K-BDSLVSS;175000;Frigo combiné;https://ambulantenligne.com/11681/Réfrigerateur-combine-solstar-3-Tiroirs-182-Litres-rf257k-bdslvss.jpg;;;;;;;;
Machine à  laver SHARP 8kg semi automatique ES-T85A-Z;ES-T75X-WN-BK;145000;Accueil;https://ambulantenligne.com/11693/machine-a-laver-sharp-8kg-semi-automatique-es-t85a-z.jpg;;;;;;;;
Téléphone SAMSUNG GALAXY A54 Mémoire 128Go Ram 6Go Ecran 6;4'' Photo 50Mpx;A54;175000;Accueil;https://ambulantenligne.com/11703/telephone-samsung-galaxy-a54-memoire-128go-ram-6go-ecran-64-photo-50mpx-.jpg;;;;;;;
Téléphone SAMSUNG GALAXY A53 Mémoire 128Go Ram 6Go;A53;210000;Accueil;https://ambulantenligne.com/11702/telephone-samsung-galaxy-a53-memoire-128go-ram-6go-.jpg;;;;;;;;
Téléphone SAMSUNG GALAXY A34 Mémoire 128Go Ram 6Go;A34;138000;Accueil;https://ambulantenligne.com/11709/telephone-samsung-galaxy-a34-memoire-128go-ram-6go.jpg;;;;;;;;
Téléphone SAMSUNG GALAXY A33 Mémoire 128Go Ram 6Go;A33;175000;Accueil;https://ambulantenligne.com/11708/telephone-samsung-galaxy-a34-memoire-128go-ram-6go.jpg;;;;;;;;
Téléphone SAMSUNG GALAXY A24 Mémoire 128Go Ram 4Go;A24;130000;Accueil;https://ambulantenligne.com/11711/telephone-samsung-galaxy-a24-memoire-128go-ram-4go.jpg;;;;;;;;
Téléphone SAMSUNG GALAXY A23 Mémoire 64Go Ram 4Go;A23;105000;Accueil;https://ambulantenligne.com/11713/telephone-samsung-galaxy-a23-memoire-64go-ram-4go.jpg;;;;;;;;
Téléphone SAMSUNG GALAXY A23 Mémoire 128Go Ram 4Go;A23;122500;Accueil;https://ambulantenligne.com/11715/telephone-samsung-galaxy-a23-memoire-128go-ram-4go.jpg;;;;;;;;
Téléphone SAMSUNG GALAXY A14 Mémoire 128Go Ram 4Go;A14;90000;Accueil;https://ambulantenligne.com/11717/telephone-samsung-galaxy-a14-memoire-128go-ram-4go.jpg;;;;;;;;
Téléphone SAMSUNG GALAXY A14 Mémoire 64Go Ram 4Go;A14;80000;Accueil;https://ambulantenligne.com/11719/telephone-samsung-galaxy-a14-memoire-64go-ram-4go.jpg;;;;;;;;
Téléphone SAMSUNG GALAXY A54 Mémoire 256Go Ram 8Go Ecran 6;4'' Photo 50Mpx;note 12;80000;Smartphone;https://ambulantenligne.com/11720/telephone-infinix-note-12-ram-8go-rom-256go.jpg;;;;;;;
Téléphone INFINIX SMART 6 ROM 64Go RAM 4GO;X657;53000;Smartphone;https://ambulantenligne.com/11723/telephone-infinix-smart-6-rom-64go-ram-4go-.jpg;;;;;;;;
"Téléviseur TCL 43"" Smart Android 4K P635 avec support offert";43P635;155000;Accueil;https://ambulantenligne.com/11731/televiseur-tcl-43-smart-android-4k-p635.jpg;;;;;;;;
"Téléviseur TCL 75"" Smart Android 4K P635";75P635;515000;Accueil;https://ambulantenligne.com/11732/televiseur-tcl-75-smart-android-4k-p635.jpg;;;;;;;;
"Téléviseur TCL 50"" Smart Android 4K P635";50P635;220000;Accueil;https://ambulantenligne.com/11730/televiseur-tcl-50-smart-android-4k-p635.jpg;;;;;;;;
Téléphone TECNO T454 Double SIM 1500mAh;T454;12000;Téléphone;https://ambulantenligne.com/11737/telephone-tecno-t454-double-sim-1500mah.jpg;;;;;;;;
Bouilloire électrique SMART TECHNOLOGY 1.8L Litres STPE-249R ROUGE;STPE-249R;6000;Peit déjeuner;https://ambulantenligne.com/11739/bouilloire-electrique-smart-technology-18l-Litres-stpe-249r-rouge.jpg;;;;;;;;
Bouilloire Electrique SMART TECHNOLOGY 1.8L Litres STPE-249S SILVER;STPE-249S;5500;Peit déjeuner;https://ambulantenligne.com/11740/bouilloire-electrique-smart-technology-18l-Litres-stpe-249s-silver.jpg;;;;;;;;
Mixeur Plongeant SMART TECHNOLOGY STPE-871P;STPE-871P;6500;Mixeur & Jus;https://ambulantenligne.com/11744/mixeur-plongeant-smart-technology-stpe-871p.jpg;;;;;;;;
Mixeur / Blender SMART TECHNOLGY 1.5L 300W STPE-8858;STPE-8858;8000;Mixeur & Jus;https://ambulantenligne.com/11745/mixeur-blender-psmart-technolgy-15l-300w-stpe-8858.jpg;;;;;;;;
Batteur / Mélangeur avec bol SMART TECHNOLOGY 200W STPE-312;STPE-312;9000;Accueil;https://ambulantenligne.com/11746/batteur-melangeur-avec-bol-smart-technology-200w-stpe-312.jpg;;;;;;;;
Minichaine SMART TECHNOLOGY STHB-7979;STHB-7979;24500;Hi-Fi System;https://ambulantenligne.com/11750/mini-chaine-smart-technology-sthb-7979.jpg;;;;;;;;
Minichaine SMART TECHNOLOGY STHB-9999;STHB-9999;27500;Hi-Fi System;https://ambulantenligne.com/11751/mini-chaine-smart-technology-sthb-9999.jpg;;;;;;;;
MICRO ONDE SMART TECHNOLOGY 25Litres NOIR STMW-25;STMW-25;50000;Micro-onde;https://ambulantenligne.com/11752/Micro-onde-smart-technology-25Litres-noir-stmw-25.jpg;;;;;;;;
Réfrigérateur Bar SMART TECHNOLOGY 2 portes 53 Litres STR-65F;STR-65F;62500;Réfrigerateur Bar;https://ambulantenligne.com/11754/Réfrigerateur-smart-technology-bar-2-portes-53-Litres-str-65f.jpg;;;;;;;;
Minichaine SMART TECHNOLOGY STH-807;STH-807;65000;Hi-Fi System;https://ambulantenligne.com/11757/mini-chaine-smart-technology-sth-807.jpg;;;;;;;;
Minichaine SMART TECHNOLOGY STHB-3818;STHB-3818;22500;Accueil;https://ambulantenligne.com/11761/mini-chaine-smart-technology-sthb-3818.jpg;;;;;;;;
Réfrigérateur combiné SMART TECHNOLOGY 3 Tiroirs  STCB-257F;STCB-257F;135000;Moins de 200 Litres;https://ambulantenligne.com/11778/Réfrigerateur-combine-smart-technology-3-Tiroirs-160-Litres-stcb-259f.jpg;;;;;;;;
Four HISENSE Encastrable Electrique 61 Litres 60cm HBO60203;HBO60203;115000;Four Electrique 60cm;https://ambulantenligne.com/11786/four-hisense-Encastrable-electrique-61-Litres-60cm-hbo60203-.jpg;;;;;;;;
Machine à  laver SMART TECHNOLOGY 8Kg A++ STML-8SH;STML-8SH;200000;7 - 9 kg;https://ambulantenligne.com/11796/machine-a-laver-smart-technology-8kg-a-stml-8sh.jpg;;;;;;;;
Smart Tv SOLSTAR 85 Pouces 4K ANDROID  85HSU6200SS;85HSU6200SS;790000;Smart Tv 4K;https://ambulantenligne.com/11803/smart-Tv-solstar-85-Pouces-androind-85hsu6200ss.jpg;;;;;;;;
"Téléviseur TCL 85"" Smart Tv 4K Android 85ZX500QD";85ZX500QD;910000;Smart Tv 4K;https://ambulantenligne.com/11805/televiseur-tcl-85-smart-4k-android-85zx500qd.jpg;;;;;;;;
Fer à  repasser Philips vapeur 2500W PerfectCare GC3920;GC3920;45000;Repassage;https://ambulantenligne.com/11815/fer-a-repasser-philips-vapeur-2500w-perfectcare-gc3920.jpg;;;;;;;;
Mixeur / Blender HAVELLS 1.5L 400W ASPRO;ASPRO;15000;Mixeur & Jus;https://ambulantenligne.com/13332/mixeur-blender-havells-15l-400w-aspro.jpg;;;;;;;;
Centrale à  Vapeur Beko SGA6126R;SGA6126R;75000;Repassage;https://ambulantenligne.com/11824/centrale-a-vapeur-beko-sga6126r-.jpg;;;;;;;;
Centrale à  Vapeur Beko 1;8L SGA 8328B;SGA 8328B;90000;Repassage;https://ambulantenligne.com/11827/centrale-a-vapeur-beko-18l-sga-8328b.jpg;;;;;;;
Centrale à  Vapeur Philips 1;8L PerfectCare Elite GC9611/20;GC9611/20;85000;Repassage;https://ambulantenligne.com/11834/centrale-a-vapeur-philips-18l-perfectcare-elite-gc961120.jpg;;;;;;;
Micro-ondes Encastrable Samsung solo 22L - MS22M8074AT;MS22M8074AT;225000;Moins de 25 Litres;https://ambulantenligne.com/11840/Micro-ondes-Encastrable-samsung-solo-22l-ms22m8074at.jpg;;;;;;;;
Cuisinière induction électrique INDESIT 59Litres 60cm A I63IMP6AW/FR;I63IMP6AW/FR;260000;4 Feux 60/60;https://ambulantenligne.com/11845/cuisiniere-induction-electrique-indesit-59Litres-60cm-a-i63imp6awfr.jpg;;;;;;;;
Cuisinière HISENSE  6 Feux 4 GAZ + 2 ELECTRIQUES INOX HF942GEES;HF942GEES;395000;6 Feux;https://ambulantenligne.com//cuisiniere-hisense-6-Feux-4-gaz-2-electriques-inox-hf942gees.jpg;;;;;;;;
Plaque Encastrable ENDURO 4 Feux à  gaz Noir;;100000;Plaque à Gaz;https://ambulantenligne.com//plaque-Encastrable-enduro-4-Feux-a-gaz-noir-.jpg;;;;;;;;
Congélateur Vertical SAMSUNG 6 Tiroirs BLANC RZ20BG3000WWW;RZ20BG3000WWW;290000;Congélateur Vertical;https://ambulantenligne.com//Congélateur-vertical-samsung-6-Tiroirs-blanc-rz20bg3000www.jpg;;;;;;;;
Réfrigérateur side by side ENDURU 418L multi portes A+ silver SBS418MP75X;SBS418MP75X;495000;Side by side & Multiportes;https://ambulantenligne.com//Réfrigerateur-side-by-side-enduru-418l-multi-portes-a-silver-sbs418mp75x.jpg;;;;;;;;
Four Encastrable ENDURO 60/60 71L Electrique 6 Fonctions inox MFA615IN;MFA615IN;167500;Four Electrique 60cm;https://ambulantenligne.com//four-Encastrable-enduro-6060-71l-electrique-6-fonctions-inox-mfa615in.jpg;;;;;;;;
Réfrigérateur ENDURO combiné 4 Tiroirs A+ 269 Litres RCN295X;RCN295X;217500;Frigo combiné;https://ambulantenligne.com//Réfrigerateur-enduro-combine-4-Tiroirs-a-269-Litres-rcn295x.jpg;;;;;;;;
Chambre à  Coucher vip complète ALAS-ECACG;ALAS-ECACG;1250000;;https://ambulantenligne.com/11875/chambre-a-coucher-vip-complete-alas-ecacg.jpg;;;;;;;;
Chambre à  Coucher complète ALAS-ECAC121;ALAS-ECAC121#;750000;Matelas & Sommier;https://ambulantenligne.com/11880/chambre-a-coucher-complete-alas-ecac121-.jpg;;;;;;;;
Chambre à  Coucher complète ALAS-ECAC101B;ALAS-ECAC101B#;750000;Matelas & Sommier;https://ambulantenligne.com/11881/chambre-a-coucher-complete-alas-ecac101.jpg;;;;;;;;
Chambre à  Coucher complète ALAS-ECAC101;ALAS-ECAC101#;750000;Matelas & Sommier;https://ambulantenligne.com/11882/chambre-a-coucher-complete-alas-ecac101.jpg;;;;;;;;
Chambre à  Coucher complète ALAS-ECAC102B;ALAS-ECAC102B;750000;Matelas & Sommier;https://ambulantenligne.com/11883/chambre-a-coucher-complete-alas-ecac102b.jpg;;;;;;;;
Chambre à  Coucher complète ALAS-ECAC103;ALAS-ECAC103#;750000;Matelas & Sommier;https://ambulantenligne.com/11884/chambre-a-coucher-complete-alas-ecac103.jpg;;;;;;;;
Chambre à  Coucher complète ALAS-ECAC105B;ALAS-ECAC105B#;750000;Matelas & Sommier;https://ambulantenligne.com/11885/chambre-a-coucher-complete-alas-ecac105b.jpg;;;;;;;;
Chambre à  Coucher complète ALAS-ECAC106;ALAS-ECAC106#;750000;Matelas & Sommier;https://ambulantenligne.com/11886/chambre-a-coucher-complete-alas-ecac106.jpg;;;;;;;;
Chambre à  Coucher complète ALAS-ECAC114;ALAS-ECAC114#;750000;Matelas & Sommier;https://ambulantenligne.com/11887/chambre-a-coucher-complete-alas-ecac114.jpg;;;;;;;;
Chambre à  Coucher complète ALAS-ECACF001;ALAS-ECACF001#;675000;Accueil;https://ambulantenligne.com/11888/chambre-a-coucher-complete-alas-ecacf001.jpg;;;;;;;;
Chambre à  Coucher complète ALAS-ECACF002;ALAS-ECACF002#;675000;Matelas & Sommier;https://ambulantenligne.com/11889/chambre-a-coucher-complete-alas-ecacf002.jpg;;;;;;;;
Chambre à  Coucher complète ALAS-ECACF003;ALAS-ECACF003#;675000;Matelas & Sommier;https://ambulantenligne.com/11890/chambre-a-coucher-complete-alas-ecacf003.jpg;;;;;;;;
Chambre à  Coucher complète ALAS-ECACF005;ALAS-ECACF005#;675000;Matelas & Sommier;https://ambulantenligne.com/11891/chambre-a-coucher-complete-alas-ecacf005.jpg;;;;;;;;
Chambre à  Coucher complète ALAS-ECACF006;ALAS-ECACF006#;675000;Matelas & Sommier;https://ambulantenligne.com/11892/chambre-a-coucher-complete-alas-ecacf006.jpg;;;;;;;;
Chambre à  Coucher vip complète ALAS-ECAC-B/G06;ALAS-ECAC-B/G06;1075000;Matelas & Sommier;https://ambulantenligne.com/11893/chambre-a-coucher-vip-complete-alas-ecac-bg06.jpg;;;;;;;;
Chambre à  Coucher vip complète ALAS-ECAC-B/G05;ALAS-ECAC-B/G05;1075000;Matelas & Sommier;https://ambulantenligne.com/11894/-chambre-a-coucher-vip-complete-alas-ecac-bg05.jpg;;;;;;;;
Chambre à  Coucher ALAS-ECAC-ZS-6002C;ZS-6002C#;625000;Matelas & Sommier;https://ambulantenligne.com/11895/chambre-a-coucher-alas-ecac-zs-6002c.jpg;;;;;;;;
Chambre à  Coucher ALAS-ECAC-ZS-B/G;ALAS-ECAC-ZS-B/G;625000;Matelas & Sommier;https://ambulantenligne.com/11896/chambre-a-coucher-alas-ecac-zs-bg.jpg;;;;;;;;
Chambre à  Coucher ALAS-ECAC2003B;ALAS-ECAC2003B#;625000;Matelas & Sommier;https://ambulantenligne.com/11897/chambre-a-coucher-alas-ecac2003b.jpg;;;;;;;;
Chambre à  Coucher ALAS-ECAC2003C;ALAS-ECAC2003C#;625000;Matelas & Sommier;https://ambulantenligne.com/11898/chambre-a-coucher-alas-ecac2003c.jpg;;;;;;;;
Chambre à  Coucher ALAS-ECAC2097;ALAS-ECAC2097#;625000;Matelas & Sommier;https://ambulantenligne.com/11899/chambre-a-coucher-alas-ecac20097.jpg;;;;;;;;
Chambre à  Coucher ALAS-ECAC3049B;ALAS-ECAC3049B#;625000;Matelas & Sommier;https://ambulantenligne.com/11900/chambre-a-coucher-alas-ecac3970a.jpg;;;;;;;;
Chambre à  Coucher ALAS-ECAC3970C;ALAS-ECAC3970C#;625000;Matelas & Sommier;https://ambulantenligne.com/11901/chambre-a-coucher-alas-ecac3970a.jpg;;;;;;;;
Chambre à  Coucher ALAS-ECAC3970A;ALAS-ECAC3970A#;625000;Matelas & Sommier;https://ambulantenligne.com/11902/chambre-a-coucher-alas-ecac3970a.jpg;;;;;;;;
Chambre à  Coucher ALAS-ECAC-ZS-6003C;ZS-6003C#;625000;Matelas & Sommier;https://ambulantenligne.com/11903/chambre-a-coucher-alas-ecac-zs-6003c.jpg;;;;;;;;
Chambre à  Coucher vip complète ALAS-ECACB01;ALAS-ECACB01;1550000;Matelas & Sommier;https://ambulantenligne.com/11904/chambre-a-coucher-vip-complete-alas-ecacb01.jpg;;;;;;;;
Chambre à  Coucher vip complète ALAS-ECACB02;ALAS-ECACB02;1550000;Matelas & Sommier;https://ambulantenligne.com/11905/chambre-a-coucher-vip-complete-alas-ecacb02.jpg;;;;;;;;
Table à  manger en Bois EXTENSIBLE NOIR Avec 6 Chaises Gris AMIR-CTG6;AMIR-CTG6;220000;Chaise;https://ambulantenligne.com/11906/table-a-manger-en-bois-extensible-noir-avec-6-Chaises-gris-amir-ctg6.jpg;;;;;;;;
Table à  manger en Bois EXTENSIBLE Marron Avec 6 Chaises Vert AMIR-CTv6;AMIR-CTv6;220000;;https://ambulantenligne.com/11907/table-a-manger-en-bois-extensible-marron-avec-6-Chaises-vert-amir-cTv6.jpg;;;;;;;;
Table à  manger en Bois EXTENSIBLE Marron Avec 6 Chaises AMIR-CTM6;AMIR-CTM6;220000;Chaise;https://ambulantenligne.com/11908/table-a-manger-en-bois-extensible-marron-avec-6-Chaises-amir-ctm6.jpg;;;;;;;;
Table à  manger 6 Places EXTENSIBLE 80X130/80X170 Pied en bois Couleure Marron MOUST-B20;MOUST-B20;195000;Chaise;https://ambulantenligne.com/11909/table-a-manger-6-places-extensible-80x13080x170-pied-en-bois-couleure-marron-moust-b20.jpg;;;;;;;;
Table à  manger 6 Places EXTENSIBLE 80X130/80X170 Pied en bois Couleure Marron Beige MOUST-B70;MOUST-B70;195000;Chaise;https://ambulantenligne.com/11910/table-a-manger-6-places-extensible-80x13080x170-pied-en-bois-couleure-marron-beige-moust-b70.jpg;;;;;;;;
Table à  manger 6 Places EXTENSIBLE 80X130/80X170 Pied en bois Couleure Verte MOUST-B60;MOUST-B60;195000;Chaise;https://ambulantenligne.com/11911/table-a-manger-6-places-extensible-80x13080x170-pied-en-bois-couleure-verte-moust-b60.jpg;;;;;;;;
Table à  manger 6 Places 80X140 Pied en Metal Couleure Beige MOUST-A60;MOUST-A60;215000;Chaise;https://ambulantenligne.com/11913/table-a-manger-6-places-80x140-pied-en-metal-couleure-beige-moust-a60.jpg;;;;;;;;
Table à  manger 6 Places 80X140 Pied en Metal Couleure Blanc-Beige MOUST-A40;MOUST-A40;215000;Chaise;https://ambulantenligne.com/11914/table-a-manger-6-places-80x140-pied-en-metal-couleure-blanc-beige-moust-a40.jpg;;;;;;;;
Table basse de salon ALAST-C-205;ALAST-C-205;47500;;https://ambulantenligne.com/11917/table-basse-de-salon-alast-c-205.jpg;;;;;;;;
Table basse de salon ALAST-N/B01;ALAST-N/B01;47500;;https://ambulantenligne.com/11918/table-basse-de-salon-alast-nb.jpg;;;;;;;;
Table basse de salon ALAST-A8-1;ALAST-A8-1;47500;;https://ambulantenligne.com/11919/table-basse-de-salon-alast-a8-1.jpg;;;;;;;;
Table basse de salon ALAST-C-206;ALAST-C-206;47500;;https://ambulantenligne.com/11920/table-basse-de-salon-alast-c-206.jpg;;;;;;;;
Table basse de salon ALAST-N/B02;ALAST-N/B02;47500;;https://ambulantenligne.com/11922/table-basse-de-salon-alast-nb02.jpg;;;;;;;;
Table basse de salon ALAST-B;ALAST-B;47500;Accueil;https://ambulantenligne.com/11923/table-basse-de-salon-alast-b.jpg;;;;;;;;
Table basse de salon ALAST-C-201;ALAST-C-201;47500;;https://ambulantenligne.com/11924/table-basse-de-salon-alast-c-201.jpg;;;;;;;;
"Téléviseur SMART TECHNOLOGY 32"" SMART STT-5032SA avec support offert";STT-5032SA;75000;Accueil;https://ambulantenligne.com/11952/televiseur-smart-technology-32-smart-stt-5032sa.jpg;;;;;;;;
Réfrigérateur SMART TECHNOLOGY combiné 4 Tiroirs STCB304;STCB304;185000;Accueil;https://ambulantenligne.com/11969/Réfrigerateur-smart-technology-combine-4-Tiroirs-stcb304.jpg;;;;;;;;
Chambre à  Coucher complète ALAS-ECAC605;ALAS-ECAC605;715000;Matelas & Sommier;https://ambulantenligne.com/11983/chambre-a-coucher-complete-alas-ecacbb.jpg;;;;;;;;
Chambre à  Coucher complète ALAS-ECAC607;ALAS-ECAC607;715000;Matelas & Sommier;https://ambulantenligne.com/11984/chambre-a-coucher-complete-alas-ecacmg.jpg;;;;;;;;
Chambre à  Coucher complète ALAS-ECAC606;ALAS-ECAC606;715000;Matelas & Sommier;https://ambulantenligne.com/11985/chambre-a-coucher-complete-alas-ecacgb.jpg;;;;;;;;
Machine à  laver SAMSUNG 12Kg top loading WA12CG5441BYS;WA12CG5441BYS;0;TOP;https://ambulantenligne.com//machine-a-laver-samsung-12kg-top-loading-wa12cg454bys.jpg;;;;;;;;
Machine à  laver SAMSUNG 15Kg top loading WA15CG5441BYS;WA15CG5441BYS;0;TOP;https://ambulantenligne.com//machine-a-laver-samsung-15kg-top-loading-wa15cg5441bys.jpg;;;;;;;;
Aspirateur SAMSUNG 13 Litres 1600W VCC-4320S3A/XST;VCC-4320S3A/XST;0;Aspirateur;https://ambulantenligne.com//Aspirateur-samsung-13-Litres-1600w-vcc-4320s3axst.jpg;;;;;;;;
Aspirateur SAMSUNG 13 Litres 1800W VCC-4540S36A/XST;VCC-4540S36A/XST;0;Aspirateur;https://ambulantenligne.com//Aspirateur-samsung-13-Litres-1800w-vcc-4540s36axst.jpg;;;;;;;;
SAMSUNG Réfrigérateur SAMSUNG 2 Portes 415 Litres RT42CG6644S9ST;RT42CG6644S9ST;410000;Frigo 2 Portes;https://ambulantenligne.com//samsung-Réfrigerateur-samsung-2-portes-415-Litres-rt42cg6644s9st.jpg;;;;;;;;
Table d'appoint ronde au style moderne en cacao DAMAI109;DAMAI109/131079;30000;Accueil;https://ambulantenligne.com/12000/table-dappoint-ronde-au-style-moderne-en-cacao-damai109.jpg;;;;;;;;
Smart Tv LG 75 Pouces 4K UHD 75UR7550PSC;75UR7550PSC;0;Smart Tv 4K;https://ambulantenligne.com//smart-Tv-lg-75-Pouces-4k-uhd-75ur7550psc.jpg;;;;;;;;
Machine à  laver LG 8kg semi automatique TT08NOMG;TT08NOMG;0;TOP;https://ambulantenligne.com//machine-a-laver-lg-8kg-semi-automatique-tt08nomg.jpg;;;;;;;;
Machine à  laver LG 9kg inverter FM1209N6W;;0;Accueil;https://ambulantenligne.com//machine-a-laver-lg-9kg-inverter-fm1209n6w.jpg;;;;;;;;
Réfrigerateur side by side LG  GC-B187JQAM smart inverter;GC-B187JQAM;0;Accueil;https://ambulantenligne.com//Réfrigerateur-side-by-side-lg-gc-b187jqam-smart-inverter.jpg;;;;;;;;
Chambre à  Coucher complète + matelas offert  ALAS-ECA3301;ALAS-ECA3301;1200000;;https://ambulantenligne.com/12005/chambre-a-coucher-vip-complete-alas-eca3301.jpg;;;;;;;;
Chambre à  Coucher complète + matelas offert ALAS-ECA3302;ALAS-ECA3302;1222500;;https://ambulantenligne.com/12011/chambre-a-coucher-complete-alas-eca3302.jpg;;;;;;;;
Hachoir Electrique KING STYLE 12 Litres ZS-G56;ZS-G56;40000;Cuisine;https://ambulantenligne.com/12014/hachoir-electrique-king-style-12-Litres-zs-g56.jpg;;;;;;;;
Chambre à  Coucher complète + matelas offert ALAS-ECA6618;ALAS-ECA6618;1225000;;https://ambulantenligne.com/12015/chambre-a-coucher-complete-alas-eca6618.jpg;;;;;;;;
Grill panini REMTA à  gaz pression R75Z poste unique;R75Z;150000;Petit électro;https://ambulantenligne.com/12021/grill-panini-remta-a-gaz-pression-r75z-poste-unique-.jpg;;;;;;;;
"Téléviseur LG 43"" Smart UHD 4K UQ75 AI ThinQ";43UQ75;220000;Smart Tv 4K;https://ambulantenligne.com/12033/televiseur-lg-43-smart-uhd-4k-uq75-ai-thinq.jpg;;;;;;;;
"Télévisuer LG 65"" 4K IA ThinQ UHD 65UR8050PSB";65UR8050PSB;470000;Smart Tv 4K;https://ambulantenligne.com/12035/televisuer-lg-65-4k-ia-thinq-uhd-65ur8050psb.jpg;;;;;;;;
"Téléviseur LG 75"" 4K UHD 75UR7550PSC 2023";75UR7550PSC;735000;Smart Tv 4K;https://ambulantenligne.com/12036/televiseur-lg-75-4k-uhd-75ur7550psc-2023.jpg;;;;;;;;
Meuble Tv Toby 4' Noir;Toby 4'/3302171;60000;Accessoires;https://ambulantenligne.com/12050/meuble-Tv-toby-4-noir-.jpg;;;;;;;;
Meuble Tv Toby 4' Blanc;Toby 4'/3343001;55000;Accessoires;https://ambulantenligne.com/12057/meuble-Tv-toby-4-blanc.jpg;;;;;;;;
Meuble Tv Moderne Auburn Colombia;Auburn/333005;75000;Accessoires;https://ambulantenligne.com/12062/meuble-Tv-moderne-auburn-colombia.jpg;;;;;;;;
Meuble Tv INGLEWOOD 1;5 M Columbia;INGLEWOOD/335064;80000;Accessoires;https://ambulantenligne.com/12066/meuble-Tv-inglewood-18-m-columbia.jpg;;;;;;;
Meuble Tv MAXTON 1;8m Cacao/Noir;MAXTON/336018;85000;Accessoires;https://ambulantenligne.com/12083/meuble-Tv-maxton-18m-cacaonoir.jpg;;;;;;;
Meuble Tv BLACKBURN 1;8M Columbia/Gris foncé;BLACKBURN/336024;95000;Accueil;https://ambulantenligne.com/12085/meuble-Tv-blackburn-18m-columbiagris-fonce.jpg;;;;;;;
Meuble Tv INGLEWOOD 1;8 M Columbia;INGLEWOOD/336025;90000;Accueil;https://ambulantenligne.com/12087/meuble-Tv-inglewood-18-m-columbia.jpg;;;;;;;
Meuble Tv Lumière  Cappuccino Fleton Chaine  ;Fleton/531001;40000;;https://ambulantenligne.com/12090/meuble-Tv-lumiere-cappuccino-fleton-chene-.jpg;;;;;;;;
Machine à  laver ASTECH 9Kg MLV90B-N9INV-LC inverter;MLV90B-N9INV-LC;217500;Lavante Séchante;https://ambulantenligne.com/12108/machine-a-laver-astech-9kg-mlv90b-n9inv-lc.jpg;;;;;;;;
Réfrigérateur MIDEA ( Vandelo )Side by Side multi-portes 416L  BCD-416WGPZV;BCD-416WGPZV;599900;Side by side & Multiportes;https://ambulantenligne.com/12112/Réfrigerateur-midea-side-by-side-multi-portes-416l-bcd-416wgpzv.jpg;;;;;;;;
Smart Tv SENCOR 24 Pouces Android SLE24S602TCS;SLE24S602TCS;50000;22 - 40 Pouces;https://ambulantenligne.com/12149/smart-Tv-sencor-24-Pouces-android-sle24s602tcs.jpg;;;;;;;;
Smart Tv Philips 43 Pouces 4K Android 43HFL6014U/12;43HFL6014U/12;155000;42 - 50 Pouces;https://ambulantenligne.com/12152/smart-Tv-philips-43-Pouces-android-43hfl6014u12.jpg;;;;;;;;
Smart Tv Philips 55 Pouces 4K UHD Android 8200 series 55PUT8215;55PUT8215;260000;55 Pouces & Plus;https://ambulantenligne.com/12129/smart-Tv-philips-55-Pouces-4k-uhd-android-8200-series-55put8215.jpg;;;;;;;;
Smart Tv Philips 65 Pouces 4k UHD Android Ambilight 65PUS6804;65PUS6804;365000;55 Pouces & Plus;https://ambulantenligne.com/12130/smart-Tv-philips-65-Pouces-4k-uhd-android-ambilight-65pus6804.jpg;;;;;;;;
Smart Tv Philips 70 Pouces 4k UHD Android 70PUT7605;70PUT7605;499900;55 Pouces & Plus;https://ambulantenligne.com/12134/smart-Tv-philips-70-Pouces-4k-uhd-android-70put7605.jpg;;;;;;;;
Smart Tv Samsung 85 Pouces 4k Qled QA85Q60AA;QA85Q60AA;1200000;55 Pouces & Plus;https://ambulantenligne.com/12182/smart-Tv-samsung-85-Pouces-4k-Qled-qa85q60aa.jpg;;;;;;;;
Barre de Son     LG système 2.1CaisSon de basses sans fil 160W SQC1;SQC1;100000;Barre de Son    ;https://ambulantenligne.com/12136/barre-de-Son-lg-systeme-21caisSon-de-basses-sans-fil-160w-sqc1.jpg;;;;;;;;
Machine à  laver SAMSUNG 10kg inverter WW10T500;WW10T500;395000;10 kg & Plus;https://ambulantenligne.com/12142/machine-a-laver-samsung-10kg-ww10t500-inverter.jpg;;;;;;;;
Autocuiseur électrique SHARP 1.8L KS-FR18ND-BR;KS-FR18ND-BR;25000;Petit électro;https://ambulantenligne.com/12139/autocuiseur-electrique-sharp-18l-ks-fr18nd-br.jpg;;;;;;;;
Smart Tv LG 65 Pouces 4K UHD 65UQ80 AI ThinQ;65UQ80;465000;55 Pouces & Plus;https://ambulantenligne.com/12148/televiseur-lg-65-smart-uhd-4k-65uq80-ai-thinq.jpg;;;;;;;;
Machine à  laver SAMSUNG 12kg inverter WW12T500;WW12T500;425000;Lave-linge;https://ambulantenligne.com//machine-a-laver-samsung-12kg-inverter-ww12t500.jpg;;;;;;;;
Machine a laver Samsung 6KG TOP LOADER inverter XQB80;XQB80;125000;3 à  6 kg;https://ambulantenligne.com/13105/machine-a-laver-samsung-5kg-top-loader-inverter-xqb80.jpg;;;;;;;;
Machine a laver Samsung 10KG TOP LOADER inverter XQB100;XQB100;197500;10 kg et Plus;https://ambulantenligne.com/12178/machine-a-laver-samsung-10kg-top-loader-inverter.jpg;;;;;;;;
Machine a laver Samsung 15KG TOP LOADER inverter XQB150;XQB150;265000;10 kg et Plus;https://ambulantenligne.com/12177/machine-a-laver-samsung-15kg-top-loader-inverter-xqb150.jpg;;;;;;;;
"Smart Tv MYLO 65"" 162.5cm MYLO65";MYLO65;255000;55 Pouces & Plus;https://ambulantenligne.com/12158/smart-Tv-mylo-65-android-bluetooth-1625cm-mylo65.jpg;;;;;;;;
Machine à  laver SAMSUNG 12kg inverter WW12T500;WW12T500;450000;10 kg & Plus;https://ambulantenligne.com/12172/machine-a-laver-samsung-12kg-inverter-ww12t500.jpg;;;;;;;;
Smart Tv SAMSUNG 55 Pouces FHD 55M500;55M500;310000;55 Pouces & Plus;https://ambulantenligne.com/12173/smart-Tv-samsung-55-Pouces-fhd-55m500-.jpg;;;;;;;;
Smart Tv SAMSUNG 43 Pouces FHD M5100K;M5100K;210000;42 - 50 Pouces;https://ambulantenligne.com/12175/smart-Tv-samsung-43-Pouces-fhd-m5100k.jpg;;;;;;;;
Table de Bureau OZ-7001-12;OZ-7001-12;70000;Mobilier de Bureau;https://ambulantenligne.com/12201/table-de-Bureau-oz-7001-12.jpg;;;;;;;;
Table de Bureau OZ-7001-14;OZ-7001-14;80000;Mobilier de Bureau;https://ambulantenligne.com/12202/table-de-Bureau-oz-7001-14.jpg;;;;;;;;
Réfrigerateur combiné SMART TECHNOLOGY 3 Tiroirs STCB-277H;STCB-277H;160000;Frigo combiné;https://ambulantenligne.com/12221/Réfrigerateur-combine-smart-technology-3-Tiroirs-stcb-277h.jpg;;;;;;;;
Réfrigérateur SMART TECHNOLOGY 3 portes 149 Litres STCB-265F;STCB-265F;0;Frigo combiné;https://ambulantenligne.com/12229/Réfrigerateur-smart-technology-3-portes-149-Litres-stcb-265f.jpg;;;;;;;;
Cuisinière SMART TECHNOLOGY 5 Feux 90x60 Inox STC-9060FE;STC-9060FE;0;5 Feux 90/60;https://ambulantenligne.com/12238/cuisiniere-smart-technology-5-Feux-9060-inox-stc-9060fe.jpg;;;;;;;;
Cuisinière SMART TECHNOLOGY 4 Feux100% Inox 60X60 STC-6060FE;STC-6060FE;0;4 Feux 60/60;https://ambulantenligne.com/12239/cuisiniere-smart-technology-4-Feux100-inox-60x60-stc-6060fe.jpg;;;;;;;;
Réfrigérateur side by side SMART TECHNOLOGY STR-677;STR-677;0;Side by side & Multiportes;https://ambulantenligne.com/12240/Réfrigerateur-side-by-side-smart-technology-str-677.jpg;;;;;;;;
Réchaud SMART TECHNOLOGY 3 Feux à  gaz STC-6780;STC-6780;0;Réchaud à gaz;https://ambulantenligne.com/12241/Réchaud-smart-technology-3-Feux-a-gaz-stc-6780.jpg;;;;;;;;
Split/Clim Inverter DAIKIN 2CV 18000BTU RXB18BXVJU;RXB18BXVJU;392500;18.000 BTU/2CV;https://ambulantenligne.com/12313/split-inverter-daikin-2cv-18000btu-rxb18bxvju.jpg;;;;;;;;
Split BRHUM 1.5CV 12000BTU BAS-12RCEW R410;BAS-12RCEW;148500;12.000 Btu/1.5Cv;https://ambulantenligne.com/12316/split-brhum-15cv-12000btu-bas-12rcew-r-410.jpg;;;;;;;;
Split LAVA 1.25CV 9000BTU R410 LAVA09;LAVA09;0;9.000 BTU/1.25CV;https://ambulantenligne.com/12346/split-lava-125cv-9000btu-r410-lava09.jpg;;;;;;;;
Ventilateur SMART TECHNOLOGY sur pied STv-1890C;STv-1890C;15000;Ventilo Sur Pied;https://ambulantenligne.com/12376/Ventilateur-smart-technology-sur-pied-sTv-1890c.jpg;;;;;;;;
Ventilateur ROCH FAN Rechargeable 18 Pouces + télécommande RSF-918;RSF-918;40000;Ventilo Rechargeable;https://ambulantenligne.com/12377/Ventilateur-roch-fan-rechargeable-18-Pouces-telecommande-rsf-918.jpg;;;;;;;;
Ventilateur ROCH 16 Pouces noir doré RSF-1604-D;RSF-1604-D;19900;Ventilo Sur Pied;https://ambulantenligne.com/12380/Ventilateur-roch-16-Pouces-noir-dore-rsf-1604-d.jpg;;;;;;;;
Ventilateur BINATONE sur pied 18 Pouces TS-1880;TS-1880;30000;Ventilo Sur Pied;https://ambulantenligne.com/12683/Ventilateur-binatone-sur-pied-18-Pouces-ts-1880.jpg;;;;;;;;
Ventilateur mural avec télécommande CONTINENTAL FX45-811R;FX45-811R;22000;Ventilo Mural;https://ambulantenligne.com/12383/Ventilateur-mural-avec-telecommande-continental-fx45-811r.jpg;;;;;;;;
Ventilateur plafonnier CONTINENTAL 16 Pouces FB40A;FB40A;22500;Ventilo Plafonnier;https://ambulantenligne.com/12385/Ventilateur-plafonnier-continental-16-Pouces-fb40a.jpg;;;;;;;;
"Ventilateur BINATONE orbit fan16"" OBF-1650";OBF-1650;20000;Ventilo Plafonnier;https://ambulantenligne.com/12386/Ventilateur-binatone-orbit-fan16-obf-1650.jpg;;;;;;;;
Ventilateur BINATONE sur pied avec télécommande A-1612rc;A-1612rc;25000;Ventilo Sur Pied;https://ambulantenligne.com/12684/Ventilateur-binatone-sur-pied-avec-telecommande-a-1612rc.jpg;;;;;;;;
Ventilateur LEFON sur pied avec télécommande FS40-1645;FS40-1645;17500;Ventilo Sur Pied;https://ambulantenligne.com/12388/Ventilateur-lefon-sur-pied-avec-telecommande-fs40-1645.jpg;;;;;;;;
Ventilateur LEFON sur pied avec télécommande FS4011;FS4011;16000;Ventilo Sur Pied;https://ambulantenligne.com/12389/Ventilateur-lefon-sur-pied-avec-telecommande-fs4011.jpg;;;;;;;;
Machine à  laver SHARP 11KG Top loading ES-MW135Z-S;ES-MW135Z-S;227500;10 kg et Plus;https://ambulantenligne.com/12432/machine-a-laver-sharp-11kg-top-loading-es-mw135z-s.jpg;;;;;;;;
Machine à  laver SHARP 10KG Top loading ES-MW125Z-H;;255000;10 kg et Plus;https://ambulantenligne.com/12434/machine-a-laver-sharp-10kg-top-loading-es-mw125z-h.jpg;;;;;;;;
Machine à  laver SMART TECHNOLOGY 15kg semi automatique STMLS-15F;STMLS-15F;160000;10 kg et Plus;https://ambulantenligne.com/12437/machine-a-laver-smart-technology-15kg-semi-automatique-stmls-15f.jpg;;;;;;;;
Machine à  laver SMART TECHNOLOGY 8kg semi automatique STMLS-8F;STMLS-8F;102500;7 - 9 kg;https://ambulantenligne.com/12438/machine-a-laver-smart-technology-8kg-semi-automatique-stmls-8f.jpg;;;;;;;;
Machine à  laver SMART TECHNOLOGY 9kg semi automatique STMLS-9F;STMLS-9F;107500;Accueil;https://ambulantenligne.com/12439/machine-a-laver-smart-technology-9kg-semi-automatique-stmls-9f.jpg;;;;;;;;
Micro onde ASTECH 30 Litres G30FZ500-GZ;G30FZ500-GZ;82500;25 à  40 Litres;https://ambulantenligne.com/12697/Micro-onde-astech-30-Litres-g30fz500-gz.jpg;;;;;;;;
Micro onde ASTECH 38 Litres N38KJ600-GZ;N38KJ600-GZ;85000;25 à  40 Litres;https://ambulantenligne.com/12538/Micro-onde-astech-38-Litres-n38kj600-gz.jpg;;;;;;;;
Micro onde FINIX 20 Litres avec grill MG720CY6 BLACK;MG720CY6;39900;Moins de 25 Litres;https://ambulantenligne.com/12444/Micro-onde-finix-20-Litres-avec-grill-mg720cy6-black.jpg;;;;;;;;
Micro onde FINIX 20 Litres avec grill MG720CPU SILVER;MG720CPU;42500;Moins de 25 Litres;https://ambulantenligne.com/12445/Micro-onde-finix-20-Litres-avec-grill-mg720cpu-silver.jpg;;;;;;;;
Micro Four Electrique HAIER 60 Litres HEO60L-FB noir;HEO60L-FB;60000;MiniFour Electrique;https://ambulantenligne.com/12451/micro-four-electrique-haier-60-Litres-heo60l-fb-noir.jpg;;;;;;;;
Micro Four Electrique HAIER 60 Litres HEO60L-FS silver;HEO60L-FS;60000;MiniFour Electrique;https://ambulantenligne.com/12452/micro-four-electrique-haier-60-Litres-heo60l-fs-silver.jpg;;;;;;;;
Micro onde Encastrable SUMMIT 1.4L MHOTR243SS gris-noir;MHOTR243SS;88500;Encastrable;https://ambulantenligne.com/12471/Micro-onde-Encastrable-summit-14l-mhotr243ss-gris-noir.jpg;;;;;;;;
Micro onde Encastrable TECNOLUX 25 Litres noir MOB 25TEC;MOB 25TEC;130000;Moins de 25 Litres;https://ambulantenligne.com/12473/Micro-onde-Encastrable-tecnolux-25-Litres-noir-mob-25tec.jpg;;;;;;;;
Micro onde Encastrable TECNOLUX 28 Litres noir TEC28;TEC28;139900;25 à  40 Litres;https://ambulantenligne.com/12475/Micro-onde-Encastrable-tecnolux-28-Litres-noir-tec28.jpg;;;;;;;;
Plaque Encastrable VOV 4 Feux à  Gaz inox VGH4007S;VGH4007S;55000;Plaque à Gaz;https://ambulantenligne.com/12491/plaque-Encastrable-vov-4-Feux-a-gaz-inox-vgh4007s.jpg;;;;;;;;
Plaque Encastrable ENDURO 4 Feux 60/60 à  Gaz Verre Noir B60BHG;B60BHG;82500;Plaque à Gaz;https://ambulantenligne.com/12497/plaque-Encastrable-enduro-4-Feux-6060-a-gaz-verre-noir-b60bhg-.jpg;;;;;;;;
Plaque Encastrable TECNOLUX  60/60 4 Feux mixte 3  à  gaz + 1 Electrique Noir TEC4GE;TEC4GE;84500;Plaque de cuisson;https://ambulantenligne.com/12510/plaque-Encastrable-tecnolux-6060-4-Feux-mixte-3-a-gaz-1-electrique-noir-tec4ge.jpg;;;;;;;;
Plaque Encastrable VOV 4 Feux à  Gaz 60/60 Verre Noir VGH4002BK;VGH4002BK;92500;Plaque à Gaz;https://ambulantenligne.com/12514/plaque-Encastrable-vov-4-Feux-a-gaz-6060-verre-noir-vgh4002bk.jpg;;;;;;;;
Réfrigérateur ASTECH combiné 3 Tiroirs Encastrable RE358BI-HA;RE358BI-HA;285000;Frigo & Congel;https://ambulantenligne.com/12518/Réfrigerateur-astech-combine-3-Tiroirs-Encastrable-re358bi-ha.jpg;;;;;;;;
Réfrigérateur combiné ASTECH 4 Tiroirs FC-293CM-AGS;FC-293CM-AGS;227500;Frigo combiné;https://ambulantenligne.com/12527/Réfrigerateur-combine-astech-4-Tiroirs-fc-293cm-ags.jpg;;;;;;;;
Cuisinière ENDURO 4 Feux 60/60 avec four commande 2 boutons S6060cm;S6060cm;215000;4 Feux 60/60;https://ambulantenligne.com/12562/cuisiniere-enduro-4-Feux-6060-avec-four-commande-2-boutons-s6060cm.jpg;;;;;;;;
Cuisinière ENDURO 5 Feux 80/55 avec tourne broche S8502CMRI;S8502CMRI;292500;5 Feux;https://ambulantenligne.com/12615/cuisiniere-enduro-5-Feux-8055-avec-tourne-broche-s8502cmri.jpg;;;;;;;;
Cuisinière ENDURO 5 Feux 90/60 inox S9502CMRI;S9502CMRI;329900;5 Feux 90/60;https://ambulantenligne.com/12560/cuisiniere-enduro-5-Feux-9060-inox-s9502cmri.jpg;;;;;;;;
Réfrigérateur side by side ASTECH 430 Litres Noir FSS5000DD-OG;FSS5000DD-OG;370000;Side by side & Multiportes;https://ambulantenligne.com/12543/Réfrigerateur-side-by-side-astech-430-Litres-noir-fss5000dd-og.jpg;;;;;;;;
Cuisinière ASTECH 5 Feux 90/60 full option ventilo + à©cran CK96MS;CK96MS;360000;5 Feux 90/60;https://ambulantenligne.com/12545/cuisiniere-astech-5-Feux-9060-full-option-ventilo-ecran-ck96ms.jpg;;;;;;;;
Cuisinière CAC 4 Feux 60/60 CAC60 NOIR;CAC60;107500;4 Feux 60/60;https://ambulantenligne.com/12547/cuisiniere-cac-4-Feux-6060-cac60-noir.jpg;;;;;;;;
Cuisinière CAC 4 Feux 60/60 FULL OPTION CAC60F INOX;CAC60F;107500;Accueil;https://ambulantenligne.com/12614/cuisiniere-cac-4-Feux-6060-full-option-cac60f-inox.jpg;;;;;;;;
Cuisinière ASTECH 4 Feux 60/60 full option ventilo + à©cran CK64GAZF;CK64GAZF;242500;4 Feux 60/60;https://ambulantenligne.com/12559/cuisiniere-astech-4-Feux-6060-full-option-ventilo-ecran-ck64gazf.jpg;;;;;;;;
Cuisinière HAIER 5 Feux 4 Gaz +1 Electrique 90/60 HCR6041;HCR6041;300000;5 Feux 90/60;https://ambulantenligne.com/14335/cuisiniere-haier-5-Feux-4-gaz-1-electrique-9060-hcr6041-four-a-gaz.jpg;;;;;;;;
Cuisinière NGO 5 Feux 80/55 NG8055SL INOX;;207500;5 Feux 80/60;https://ambulantenligne.com/12577/cuisiniere-ngo-5-Feux-8055-ng8055sl-inox.jpg;;;;;;;;
Cuisinière TECNOLUX 5 Feux à  gaz 90/60 TEC90;TEC90;230000;5 Feux 90/60;https://ambulantenligne.com/12588/cuisiniere-tecnolux-5-Feux-a-gaz-9060-tec90.jpg;;;;;;;;
Cuisinière TECNOLUX 4 Feux Electrique 60/60 TCX66FSXVTC;TCX66FSXVTC;267500;4 Feux 60/60;https://ambulantenligne.com/12591/cuisiniere-tecnolux-4-Feux-electrique-6060-tcx66fsxvtc.jpg;;;;;;;;
Congélateur ASCOLI horizontal 200L AWS-165C BLANC;AWS-165C;108500;Moins de 250 Litres;https://ambulantenligne.com/12618/Congélateur-ascoli-horizontal-200l-aws-165c-blanc.jpg;;;;;;;;
Congélateur ASTECH horizontal CH650WB;CH650WB;305000;501 Litres & Plus;https://ambulantenligne.com/12620/Congélateur-astech-horizontal-ch650wb.jpg;;;;;;;;
Congélateur horizontal ELACTRON 550 Litres EL75CFS;EL75CFS;252500;501 Litres & Plus;https://ambulantenligne.com/12646/Congélateur-horizontal-elactron-550-Litres-el75cfs.jpg;;;;;;;;
Congélateur HISENSE horizontal 400L avec vitre noir FC-490DD4SA;FC-490DD4SA;259900;251 - 500 Litres;https://ambulantenligne.com/12663/Congélateur-hisense-horizontal-310l-avec-vitre-noir-fc-490dd4sa.jpg;;;;;;;;
Congélateur Vertical FINIX 7 Tiroirs GT/N332;GT/N332;288500;7 Tiroirs & Plus;https://ambulantenligne.com/12673/Congélateur-vertical-finix-7-Tiroirs-gtn332.jpg;;;;;;;;
Réfrigérateur BEKO combiné 3 Tiroirs 350 Litres BAC622EU;BAC622EU;337500;201 - 350 Litres;https://ambulantenligne.com/12702/Réfrigerateur-beko-combine-3-Tiroirs-350-Litres-bac622eu.jpg;;;;;;;;
Réfrigérateur CAC Side by side 2 portes 399 Litres CAC410SY;CAC410SY;385000;Moins de 500 Litres;https://ambulantenligne.com/12708/Réfrigerateur-cac-side-by-side-2-portes-399-Litres-cac410sy.jpg;;;;;;;;
Réfrigérateur CAC Side by side 2 portes avec fontaine 531 Litres CAC550SD;CAC550SD;460000;501 - 650 Litres;https://ambulantenligne.com/12710/Réfrigerateur-cac-side-by-side-2-portes-avec-fontaine-531-Litres-cac550sd.jpg;;;;;;;;
MiniRéfrigérateur bar DESKA 2 portes TM -103DK;TM -103DK;70000;Moins de 100 Litres;https://ambulantenligne.com/12717/frigo-bar-deska-2-portes-pm-tm-103dk.jpg;;;;;;;;
Réfrigerateur Bar DESKA 1 porte RF90DK NOIR;RF90DK;69900;Accueil;https://ambulantenligne.com//frigo-bar-deska-1-porte-rf90dk-noir.jpg;;;;;;;;
Réfrigérateur side by side ELACTRON 421 Litres EL57MDI;EL57MDI;440000;Accueil;https://ambulantenligne.com/12743/Réfrigerateur-side-by-side-elactron-421-Litres-el57mdi.jpg;;;;;;;;
Réfrigérateur ENDURO combiné 4 Tiroirs A++ 251L RCS280X;RCS280X;212500;201 - 350 Litres;https://ambulantenligne.com/12758/Réfrigerateur-enduro-combine-4-Tiroirs-a-251l-rcs280x.jpg;;;;;;;;
Réfrigérateur ENDURO combiné 4 Tiroirs A++ 269L RCS295X;RCS295X;222500;201 - 350 Litres;https://ambulantenligne.com/12760/Réfrigerateur-enduro-combine-4-Tiroirs-a-269l-rcs295x.jpg;;;;;;;;
"Smart Tv SAMSUNG 50"" 4K Crystal UHD AU7090";AU7090;282500;42 - 50 Pouces;https://ambulantenligne.com/12772/smart-Tv-samsung-50-4k-crystal-uhd-au7090.jpg;;;;;;;;
"Smart Tv SAMSUNG 55"" 4K Crystal UHD 2023 UA55CU8100";UA55CU8100;329900;55 Pouces & Plus;https://ambulantenligne.com/12773/smart-Tv-samsung-55-4k-crystal-uhd-2023-ua55cu8100.jpg;;;;;;;;
"Smart Tv SAMSUNG 55"" 4K Crystal UHD 2023 AU/CU7170";55AU/CU7170;330000;55 Pouces & Plus;https://ambulantenligne.com/12775/smart-Tv-samsung-55-4k-crystal-uhd-2023-aucu7170.jpg;;;;;;;;
"Smart Tv SAMSUNG 55"" 4K  Crystal UHD AU/TU7170";55AU/TU7170;330000;55 Pouces & Plus;https://ambulantenligne.com/12776/smart-Tv-samsung-55-4k-crystal-uhd-autu7170.jpg;;;;;;;;
"Téléviseur ATv 19"" Pouces Led UHD Tv 19KAP";19KAP;28500;22 - 40 Pouces;https://ambulantenligne.com/12813/televiseur-aTv-19-Pouces-Led-uhd-Tv-19kap.jpg;;;;;;;;
Réfrigerateur bar FINIX 2 portes 113 Litres GRIS FXTM87S;FXTM87S;97500;Réfrigerateur Bar;https://ambulantenligne.com//Réfrigerateur-bar-finix-2-portes-113-Litres-gris-fxtm87s.jpg;;;;;;;;
"Téléviseur ATv 26"" Pouces Led  Tv 26KAP";26KAP;42500;22 - 40 Pouces;https://ambulantenligne.com/12817/televiseur-aTv-26-Pouces-Led-Tv-26kap.jpg;;;;;;;;
"Téléviseur ATv 28"" Pouces Led  Tv 28KAP";28KAP;47500;22 - 40 Pouces;https://ambulantenligne.com/12831/televiseur-aTv-28-Pouces-Led-Tv-28kap.jpg;;;;;;;;
"Téléviseur ELACTRON 32"" Led TS3201N";TS3201N;69900;Led Tv;https://ambulantenligne.com/12839/televiseur-elactron-32-Led-ts3201n.jpg;;;;;;;;
"Téléviseur ELACTRON 32"" Smart Tv TS-3261AS";TS-3261AS;88500;22 - 40 Pouces;https://ambulantenligne.com/12841/televiseur-elactron-32-smart-Tv-ts-3261as.jpg;;;;;;;;
Réfrigérateur HAIER combiné 4 Tiroirs 229L HRD-290BS noir;HRD-290BS;225000;201 - 350 Litres;https://ambulantenligne.com/12848/Réfrigerateur-haier-combine-4-Tiroirs-229l-hrd-290bs-noir.jpg;;;;;;;;
"TELEVISEUR HISENSE 75"" Smart Tv 4K VIDAA ULed Quantum Dot 75U7H";75U7H;550000;55 Pouces & Plus;https://ambulantenligne.com/12879/televiseur-hisense-75-smart-4k-vidaa-uLed-quantum-dot-75u7h.jpg;;;;;;;;
Réfrigérateur side by side HAIER 2 Tiroirs 458 Litres B3FE742CMJW;B3FE742CMJW;567500;Moins de 500 Litres;https://ambulantenligne.com/12886/Réfrigerateur-side-by-side-haier-2-Tiroirs-458-Litres-b3fe742cmjw.jpg;;;;;;;;
Réfrigérateur Réfrigerateur Mini BAR HAIER HR80VN noir;HR80VN;65000;Moins de 100 Litres;https://ambulantenligne.com/12893/Réfrigerateur-mini-bar-haier-hr80vn-noir.jpg;;;;;;;;
"Téléviseur SOLSTAR 75"" Smart  Android 4K UHD 75HSU6200";75HSU6200;475000;55 Pouces & Plus;https://ambulantenligne.com/12896/televiseur-solstar-75-smart-android-4k-uhd-75hsu6200.jpg;;;;;;;;
"Téléviseur SOLSTAR Smart 85"" Android 85HSU6200SS";85HSU6200SS;705000;55 Pouces & Plus;https://ambulantenligne.com/12907/televiseur-solstar-smart-85-android-85hsu6200ss.jpg;;;;;;;;
Réfrigérateur Bar HISENSE 2 portes 91 Litres RD-11DR4SA;RD-11DR4SA;102500;Moins de 100 Litres;https://ambulantenligne.com/12898/Réfrigerateur-bar-hisense-2-portes-91-Litres-rd-11dr4sa.jpg;;;;;;;;
"Téléviseur SMART TECHNOLOGY 55"" Smart Android UHD STT-5597K";STT-5597K;200000;55 Pouces & Plus;https://ambulantenligne.com/12916/televiseur-smart-technology-55-smart-android-uhd-stt-5597k.jpg;;;;;;;;
"Téléviseur TEKO 32"" Pouces Smart Tv QBF1W";32QBF1W;72500;22 - 40 Pouces;https://ambulantenligne.com/12934/televiseur-teko-32-Pouces-smart-Tv-qbf1w.jpg;;;;;;;;
"Téléviseur TEKO 43"" Pouces Smart Tv 43QBR1W";43QBR1W;112500;42 - 50 Pouces;https://ambulantenligne.com/12937/televiseur-teko-43-Pouces-smart-Tv-43qbr1w.jpg;;;;;;;;
"Téléviseur SAMSUNG 65"" Smart OLed 4K UHD 65S95BAT";65S95BAT;1590000;Oled Tv;https://ambulantenligne.com/12967/televiseur-samsung-65-smart-oLed-4k-uhd-65s95bat.jpg;;;;;;;;
"Téléviseur SAMSUNG 65"" Smart Qled 4K UHD QN90B";65QN90B;850000;Qled Tv;https://ambulantenligne.com/12968/televiseur-samsung-65-smart-Qled-4k-uhd-qn90b.jpg;;;;;;;;
Réfrigérateur MIDEA combiné 3 Tiroirs avec distributeur no-frost 302 Litres MRDB424G;MRDB424G;325000;201 - 350 Litres;https://ambulantenligne.com/12974/Réfrigerateur-midea-combine-3-Tiroirs-avec-distributeur-no-frost-302-Litres-mrdb424g.jpg;;;;;;;;
Réfrigerateur Bar RISING 100L 1 porte BC92 Blanc;BC92;70000;Moins de 100 Litres;https://ambulantenligne.com/12976/Réfrigerateur-bar-rising-100l-1-porte-bc92-blanc.jpg;;;;;;;;
Réfrigérateur SMART TECHNOLOGY Réfrigerateur Mini BAR 50L STR67H;STR67H;49900;Moins de 100 Litres;https://ambulantenligne.com/13003/Réfrigerateur-smart-technology-mini-bar-50l-str67h.jpg;;;;;;;;
Réfrigérateur SMART TECHNOLOGY combiné 3 Tiroirs avec fontaine 227 Litres STCB459WM;STCB459WM;179900;201 - 350 Litres;https://ambulantenligne.com/13023/Réfrigerateur-smart-technology-combine-3-Tiroirs-avec-fontaine-227-Litres-stcb459wm.jpg;;;;;;;;
Réfrigérateur SMART TECHNOLOGY combiné 3 Tiroirs avec fontaine 262 Litres STCB479WM;STCB479WM;192500;201 - 350 Litres;https://ambulantenligne.com/13026/Réfrigerateur-smart-technology-combine-3-Tiroirs-avec-fontaine-262-Litres-stcb479wm.jpg;;;;;;;;
Réfrigérateur side by side SMART TECHNOLOGY 4 portes 419L STR-520S;STR-520S;415000;Moins de 500 Litres;https://ambulantenligne.com/13029/Réfrigerateur-side-by-side-smart-technology-4-portes-419l-str-520s.jpg;;;;;;;;
Réfrigérateur side by side SMART TECHNOLOGY 4 portes 445L STR677;STR677;390000;Moins de 500 Litres;https://ambulantenligne.com/13036/Réfrigerateur-side-by-side-smart-technology-4-portes-445l-str677.jpg;;;;;;;;
Réfrigérateur side by side SMART TECHNOLOGY 2 portes avec fontaine 506L STCB-708WS;STCB-708WS;525000;501 - 650 Litres;https://ambulantenligne.com/13045/Réfrigerateur-side-by-side-smart-technology-2-portes-avec-fontaine-506l-stcb-708ws.jpg;;;;;;;;
"Téléviseur LG 65"" Smart OLed 4K 65ART90E6OQA";65ART90E6OQA;3675000;Oled Tv;https://ambulantenligne.com/13054/televiseur-lg-65-smart-oLed-4k-65art90e6oqa.jpg;;;;;;;;
Split BEKO inverter 1.25CV 9000BTU;BEKO9000IN;220000;Split/Clim Inverter;https://ambulantenligne.com/13055/split-beko-inverter-125cv-9000btu.jpg;;;;;;;;
Mixeur Blender DESKA 2 en 1 MIX2033-XB;MIX2033-XB;9500;Mixeur & Jus;https://ambulantenligne.com/13077/mixeur-blender-deska-2-en-1-mix2033-xb.jpg;;;;;;;;
Batteur acier DAEWO 800W 4.3L DSX5049;DSX5049;50000;Robot de Cuisine;https://ambulantenligne.com/13080/batteur-acier-daewo-800w-43l-dsx5049.jpg;;;;;;;;
Aspirateur Traineau CAMTECH 800watt HJW 1705-B;HJW 1705-B;40000;Aspirateur;https://ambulantenligne.com/13082/Aspirateur-traineau-camtech-800watt-hjw-1705-b.jpg;;;;;;;;
Fontaine à  eau ASTECH 2 sorties Avec Porte Gobelet FNT26CI;FNT26CI;77000;Fontaine à Eau;https://ambulantenligne.com/13086/fontaine-a-eau-astech-2-sorties-fnt26ci.jpg;;;;;;;;
Chambre A Coucher 6 Battant 4 pièces GRIS ARGENT VD;CH64GRARG-VD;490000;Accueil;https://ambulantenligne.com/13094/chambre-a-coucher-6-battant-4-pieces-gris-argent-vd.jpg;;;;;;;;
Chambre A Coucher 6 Battant 4 pièces BLANC ARGENT VR ORTA DIKME;CH64BLARG-VR;495000;Accueil;https://ambulantenligne.com/13095/chambre-a-coucher-6-battant-4-pieces-blanc-argent-vr-orta-dikme.jpg;;;;;;;;
Fontaine à  eau ELECTROCOOL 3 sorties avec frigo+Congélateur YLR-1.5JXR-12;YLR-1.5JXR-12;87500;Fontaine à Eau;https://ambulantenligne.com/13096/fontaine-a-eau-electrocool-3-sorties-avec-frigoCongélateur-ylr-15jxr-12.jpg;;;;;;;;
Fontaine Smart Technology 3 sorties avec Rangement STF1218;STF-1218;60000;Fontaine à Eau;https://ambulantenligne.com/13104/fontaine-smart-technology-3-sorties-avec-rangement-stf1218.jpg;;;;;;;;
Réfrigerateur combiné Solstar 3 Tiroirs 257 Litres RF257K-BDSLV SS;RF257K-BDSLV SS;200000;201 - 350 Litres;https://ambulantenligne.com/13116/Réfrigerateur-combine-solstar-3-Tiroirs-257-Litres-rf257k-bdslv-ss.jpg;;;;;;;;
Batterie;;45000;Automobile;https://ambulantenligne.com/13122/batterie.jpg;;;;;;;;
Chambre A Coucher 6 Battant 4 pièces GRIS ARGENT VD;CH64GRARG-VD;490000;;https://ambulantenligne.com/13134/chambre-a-coucher-6-battant-4-pieces-gris-argent-vd.jpg;;;;;;;;
Crepière à  gaz double 2x40cm de diamà¨tre;CG2-2X40D;385000;Matériel de Cuisine;https://ambulantenligne.com/13189/crepiere-a-gaz-double-2x40cm-de-diametre.jpg;;;;;;;;
Cutter Professionel de 6 Litres;CT-6L;380000;Matériel de Cuisine;https://ambulantenligne.com/13191/cutter-de-6-Litres-.jpg;;;;;;;;
Four à  Convection Electrique 3 niveaux 600X400;FCE-3N;615000;Matériel de boulangerie;https://ambulantenligne.com/13198/four-a-convection-electrique-3-niveaux-600x400.jpg;;;;;;;;
Four à  pizza electrique 2 niveaux;FPE-2N;355000;Matériel de boulangerie;https://ambulantenligne.com/13200/four-a-pizza-electrique-2-niveaux-.jpg;;;;;;;;
Téléphone SAMSUNG GALAXY A05 Mémoire 128Go Ram 4Go;GALAXY 05;60000;Accueil;https://ambulantenligne.com/13259/telephone-samsung-galaxy-a05-memoire-128go-ram-4go.jpg;;;;;;;;
Téléphone SAMSUNG GALAXY A15 Mémoire 128Go Ram 4Go;GALAXY A15;89900;Accueil;https://ambulantenligne.com/13277/telephone-samsung-galaxy-a15-memoire-128go-ram-4go.jpg;;;;;;;;
Téléphone SAMSUNG GALAXY A15 Mémoire 128Go Ram 6Go;GALAXY A15;91900;Accueil;https://ambulantenligne.com/13279/telephone-samsung-galaxy-a15-memoire-128go-ram-6go.jpg;;;;;;;;
Téléphone SAMSUNG GALAXY A25 Mémoire 128Go Ram 6Go;GALAXY A25;127500;Accueil;https://ambulantenligne.com/13293/telephone-samsung-galaxy-a25-memoire-128go-ram-6go.jpg;;;;;;;;
Téléphone SAMSUNG GALAXY A25 Mémoire 256Go Ram 8Go;GALAXY A25;135000;Accueil;https://ambulantenligne.com/13295/telephone-samsung-galaxy-a25-memoire-256go-ram-8go.jpg;;;;;;;;
Téléphone SAMSUNG GALAXY A35 Mémoire 128Go Ram 6Go;A35;145000;Accueil;https://ambulantenligne.com/13297/telephone-samsung-galaxy-a35-memoire-128go-ram-6go.jpg;;;;;;;;
Téléphone SAMSUNG GALAXY A35 Mémoire 128Go Ram 8Go;A35;155000;Accueil;https://ambulantenligne.com/13299/telephone-samsung-galaxy-a35-memoire-128go-ram-8go.jpg;;;;;;;;
Téléphone SAMSUNG GALAXY A55 Mémoire 128Go Ram 8Go;A55;195000;Accueil;https://ambulantenligne.com/13303/telephone-samsung-galaxy-a55-memoire-128go-ram-8go.jpg;;;;;;;;
Téléphone SAMSUNG GALAXY A55 Mémoire 256Go Ram 8Go;A55;208000;Accueil;https://ambulantenligne.com/13305/telephone-samsung-galaxy-a55-memoire-256go-ram-8go.jpg;;;;;;;;
Friteuse à  air PHILIPS Electrique 6.1L /1.2kg HD9272;HD9272;110000;Appareil de Cuisson;https://ambulantenligne.com/13349/friteuse-a-air-philips-electrique-61l-12kg-hd9272.jpg;;;;;;;;
Matelas OBAMA 160/190 Epaisseur 20cm + 2 Oreillers offerts;OBAMA 160/190/20;70000;Matelas & Sommier;https://ambulantenligne.com/13501/matelas-obama-160190-epaisseur-20cm-2-oreillers-offerts.jpg;;;;;;;;
Matelas OBAMA 90/190 Epaisseur 20cm + 2 Oreillers offerts;OBAMA 90/190/20;45000;Matelas & Sommier;https://ambulantenligne.com/13505/matelas-obama-900190-epaisseur-20cm-2-oreillers-offerts.jpg;;;;;;;;
Hachoir à  viande & légumes KING STYLE multifonction 6L;King style 6L;20000;Accueil;https://ambulantenligne.com/13654/hachoir-a-viande-legumes-king-style-multifonction-6l.jpg;;;;;;;;
Hachoir à  viande & légumes KING STYLE multifonction 8L;King style 8L;25000;Accueil;https://ambulantenligne.com/13655/hachoir-a-viande-legumes-king-style-multifonction-8l.jpg;;;;;;;;
CUISINIERE HAIER HCR6050EGB 90X60 5 Feux NOIR;HCR6050EGB 90X60;250000;5 Feux 90/60;https://ambulantenligne.com/13695/cuisiniere-haier-hcr6050egb-90x60-5-Feux-noir.jpg;;;;;;;;
CUISINIERE HAIER HCR6050EGR 90X60 5 Feux ROUGE;HCR6050EGR 90X60;245000;5 Feux 90/60;https://ambulantenligne.com/13698/cuisiniere-haier-hcr6050egr-90x60-5-Feux-rouge.jpg;;;;;;;;
CUISINIERE HAIER HCR 1040EGSB 4 Feux GRIS;HCR 1040 EGSB 50X60;115000;4 Feux;https://ambulantenligne.com/13706/cuisiniere-haier-hcr-1040egsb-4-Feux-gris.jpg;;;;;;;;
Congélateur HAIER HCF 368H 1 PORTE 319 Litres;HCF 368H;135000;251 - 500 Litres;https://ambulantenligne.com/13722/Congélateur-haier-hcf-368h-1-porte-319-Litres.jpg;;;;;;;;
Congélateur HAIER 251 Litres 328VS;HCF 328VS;225000;251 - 500 Litres;https://ambulantenligne.com/13723/Congélateur-haier-251-Litres-328vs-.jpg;;;;;;;;
Ensemble Chaise Anglaise + urinoire LA-CA-DULIX/GTS-1001;GTS-1001;200000;Equipements de salle de bain;https://ambulantenligne.com/13760/ensemble-lavago-Chaise-anglaise-la-ca-dulixgts-1001.jpg;;;;;;;;
Ensemble Chaise Anglaise + urinoire LA-CA-DULIX/GTS-1013;GTS-1013;200000;Equipements de salle de bain;https://ambulantenligne.com/13761/ensemble-lavago-Chaise-anglaise-la-ca-dulixgts-1013.jpg;;;;;;;;
Ensemble Chaise Anglaise + urinoire LA-CA-DULIX/GTS-1010;GTS-1010;200000;Equipements de salle de bain;https://ambulantenligne.com/13762/ensemble-lavago-Chaise-anglaise-la-ca-dulixgts-1010.jpg;;;;;;;;
Ensemble Chaise Anglaise + urinoire LA-CA-DULIX/GTS-1022;GTS-1022;200000;Equipements de salle de bain;https://ambulantenligne.com/13763/ensemble-lavago-Chaise-anglaise-la-ca-dulixgts-1022.jpg;;;;;;;;
TABLE DE CONFERENCE AI-KB-C0224-SX;AI-KB-C0224-SX;315000;Table de Conférence;https://ambulantenligne.com//table-de-conference-kb-c0224-sx.jpg;;;;;;;;
TABLE DE CONFERENCE AI-EMOG-02C36;AI-EMOG-02C36;590000;Table de Conférence;https://ambulantenligne.com/13939/table-de-conference-ai-emog-02c36.jpg;;;;;;;;
Réfrigérateur side by side SAMSUNG 602L RS65CG56B46H;RS65CG56B46H;1085000;501 - 650 Litres;https://ambulantenligne.com//Réfrigerateur-side-by-side-samsung-602l-rs65cg56b46h.jpg;;;;;;;;
Réfrigérateur 2 portes SAMSUNG avec fontaine 526L RT67K6541/RT53K6541;RT67K6541/RT53K6541;740000;351 Litres & Plus;https://ambulantenligne.com//Réfrigerateur-2-portes-samsung-avec-fontaine-526l-rt67k6541rt53k6541-.jpg;;;;;;;;
Réfrigérateur SAMSUNG 334L nofrost BSPOKE RZ32R744541/UT;RZ32R744541/UT;1280000;201 - 350 Litres;https://ambulantenligne.com//Réfrigerateur-samsung-334l-nofrost-bspoke-rz32r744541ut.jpg;;;;;;;;
Machine à  laver SAMSUNG 7kg WW3000TM;WW3000TM;284900;7 - 9 kg;https://ambulantenligne.com//machine-a-laver-samsung-7kg-ww3000tm-.jpg;;;;;;;;
Machine à  laver SAMSUNG 9Kg avec Quick Cash WW90T3040BS/NQ;WW90T3040BS/NQ;385000;7 - 9 kg;https://ambulantenligne.com//machine-a-laver-samsung-9kg-avec-quick-cash-ww90t3040bsnq.jpg;;;;;;;;
Machine à  laver SAMSUNG 9KG WW90TA0464X/EF;WW90TA0464X/EF;395000;7 - 9 kg;https://ambulantenligne.com//machine-a-laver-samsung-9kg-ww90ta0464xef.jpg;;;;;;;;
Machine à  laver SAMSUNG 9KG DD WASH Ecobubble L60 Cm Essorage 1400 Trs/min WiFi WW90T654DX/S3;WW90T654DX/S3;425000;7 - 9 kg;https://ambulantenligne.com//machine-a-laver-samsung-9kg-dd-wash-ecobubble-l60-cm-essorage-1400-trsmin-wifi-ww90t654dxs3.jpg;;;;;;;;
Machine à  laver SAMSUNG 11KG l Wash Digital Inverter Noir WWW11CGC04DAESG;WWW11CGC04DAESG;425000;10 kg & Plus;https://ambulantenligne.com//machine-a-laver-samsung-11kg-l-wash-digital-inverter-noir-www11cgc04daesg.jpg;;;;;;;;
Machine à  laver SAMSUNG 9kg Lavage + 6kg Séchage WD90T634DBH/S3;WD90T634DBH/S3;525000;7 - 9 kg;https://ambulantenligne.com//machine-a-laver-samsung-9kg-lavage-6kg-sechage-wd90t634dbhs3.jpg;;;;;;;;
Micro-onde SAMSUNG avec grill  32L noir MG32DG4524AGE;MG32DG4524AGE;145000;25 à  40 Litres;https://ambulantenligne.com//Micro-onde-samsung-avec-grill-32l-noir-mg32dg4524age.jpg;;;;;;;;
Micro onde Encastrable SAMSUNG 23L MS23A7013AT/EF;MS23A7013AT/EF;155000;Moins de 25 Litres;https://ambulantenligne.com/14004/Micro-onde-gril-Encastrable-samsung-23l-ms23a7013atef.jpg;;;;;;;;
Réfrigérateur Bar HAIER 90 Litres noir HR-99VNBS AI-CH;HR-99VNBS;105000;Moins de 100 Litres;https://ambulantenligne.com//Réfrigerateur-bar-haier-145-Litres-noir-hr-99vnbs-ai-ch.jpg;;;;;;;;
Réfrigérateur Bar HAIER 90 Litres Silver HR-110S AI-CH;HR-110S;105000;Moins de 100 Litres;https://ambulantenligne.com//Réfrigerateur-bar-haier-90-Litres-silver-hr-110s-ai-ch.jpg;;;;;;;;
Réfrigérateur side by side HAIER multi-portes 446 Litres avec fontaine B3FE742CMJW AI-CH;HCN390CT;545000;Moins de 500 Litres;https://ambulantenligne.com//Réfrigerateur-side-by-side-haier-multi-portes-446-Litres-avec-fontaine-b3fe742cmjw-.jpg;;;;;;;;
Réfrigérateur side by side HAIER multi-portes 528 Litres HCR3818EWMM AI-CH;HCR3818EWMM;645000;501 - 650 Litres;https://ambulantenligne.com//Réfrigerateur-side-by-side-haier-multi-portes-528-Litres-hcr3818ewmm-ai-ch.jpg;;;;;;;;
Réfrigérateur side by side HAIER multi-portes 528 Litres HRF-525MB AI-CH;HRF-525MB;450000;501 - 650 Litres;https://ambulantenligne.com//Réfrigerateur-side-by-side-haier-multi-portes-528-Litres-hrf-525mb-ai-ch.jpg;;;;;;;;
Réfrigérateur side by side HAIER 611 Litres HRF 6200BG AI-CH;HRF 6200BG;745000;501 - 650 Litres;https://ambulantenligne.com//Réfrigerateur-side-by-side-haier-611-Litres-hrf-6200bg-ai-ch.jpg;;;;;;;;
Réfrigérateur side by side HAIER 585 Litres HRF 700BG AI-CH;HRF 700BG;695000;501 - 650 Litres;https://ambulantenligne.com//Réfrigerateur-side-by-side-haier-585-Litres-hrf-700bg-ai-ch.jpg;;;;;;;;
Réfrigérateur side by side HAIER 521 Litres avec distributeur de glaçon HSR3918EWPG AI-CH;HSR3918EWPG;595000;Moins de 500 Litres;https://ambulantenligne.com//Réfrigerateur-side-by-side-haier-521-Litres-avec-distributeur-de-glacon-hsr3918ewpg-ai-ch.jpg;;;;;;;;
Réfrigérateur side by side HAIER 504 Litres avec fontaine HSR3918FIPB AI-CH;HSR3918FIPB;645000;501 - 650 Litres;https://ambulantenligne.com//Réfrigerateur-side-by-side-haier-504-Litres-avec-fontaine-hsr3918fipb-ai-ch.jpg;;;;;;;;
Réfrigérateur side by side HAIER 504 Litres avec fontaine HSR3918FIMP AI-CH;HSR3918FIMP;645000;501 - 650 Litres;https://ambulantenligne.com//Réfrigerateur-side-by-side-haier-504-Litres-avec-fontaine-hsr3918fimp-ai-ch.jpg;;;;;;;;
Réfrigérateur side by side HAIER 601 Litres avec fontaine HSW59F18EIMM AI-CH;HSW59F18EIMM;695000;501 - 650 Litres;https://ambulantenligne.com//Réfrigerateur-side-by-side-haier-601-Litres-avec-fontaine-hsw59f18eimm-ai-ch.jpg;;;;;;;;
Réfrigérateur side by side HAIER 601 Litres avec fontaine HSW59F18EIPT AI-CH;HSW59F18EIPT;695000;501 - 650 Litres;https://ambulantenligne.com//Réfrigerateur-side-by-side-haier-601-Litres-avec-fontaine-hsw59f18eipt-ai-ch.jpg;;;;;;;;
Huile moteur;;0;Accueil;https://ambulantenligne.com//solution-auto-regenerante-blanche-avec-canule-500g-zby101.jpg;;;;;;;;
Smart Tv HAIER 43 Pouces H43K800UG AI-CH;H43K800UG;139900;42 - 50 Pouces;https://ambulantenligne.com/14132/smart-Tv-haier-43-Pouces-h43k800ug.jpg;;;;;;;;
Machine à  laver HAIER 8Kg HW-08CP1439NS AI-CH;HW-08CP1439NS;230000;7 - 9 kg;https://ambulantenligne.com//machine-a-laver-haier-8kg-hw-08cp1439ns-ai-ch.jpg;;;;;;;;
Machine à  laver HAIER 15Kg HW150-BP14986ES8 AI-CH;HW150-BP14986ES8;470000;10 kg & Plus;https://ambulantenligne.com//machine-a-laver-haier-15kg-hw150-bp14986es8-ai-ch.jpg;;;;;;;;
Spot Encastré Moderne MAX.50W GU10 IP23;GU10 IP23;0;Electricité;https://ambulantenligne.com/14149/spot-encastre-moderne-max50w-gu10-ip23.jpg;;;;;;;;
Spot Encastrable Salle de Bain IP65;IP65;0;Electricité;https://ambulantenligne.com//spot-Encastrable-salle-de-bain-ip65.jpg;;;;;;;;
Projecteur NHOUSE Led;;0;Electricité;https://ambulantenligne.com//projecteur-nhouse-Led-.jpg;;;;;;;;
Evier Christiana 1 bac AID-Christiana 1bac-ARA;AID-Christiana1bac-ARA;65000;Robinetterie;https://ambulantenligne.com/14278/evier-christiana-1-bac-aid-christiana1bac-ara.jpg;;;;;;;;
copy of Téléphone SAMSUNG GALAXY Z FLIP 6 Mémoire 512Go Ram 12Go;Z FLIP 6;615000;Smartphone;https://ambulantenligne.com/14279/telephone-samsung-galaxy-z-flip-6-memoire-256go-ram-12go.jpg;;;;;;;;
"Téléphone TECNO POP 7 Ecran 6.6"" ROM 64Go RAM 2Go";POP 7;44500;Smartphone;https://ambulantenligne.com/14301/telephone-tecno-pop-7-ecran-66-rom-64go-ram-2go.jpg;;;;;;;;
Téléphone TECNO SPARK 20 PRO + ROM 256Go RAM 8Go;SPARK 20 PRO +;128500;Smartphone;https://ambulantenligne.com/14309/telephone-tecno-spark-20-pro-rom-256go-ram-8go.jpg;;;;;;;;
Téléphone TECNO CAMON 30S ROM 128Go RAM 6Go;CAMON 30S;114900;Smartphone;https://ambulantenligne.com/14313/telephone-tecno-camon-30s-rom-128go-ram-6go.jpg;;;;;;;;
Téléphone TECNO CAMON 30S PRO ROM 256Go RAM 8Go;CAMON 30S PRO;155000;Smartphone;https://ambulantenligne.com/14320/telephone-tecno-camon-30s-pro-rom-256go-ram-8go.jpg;;;;;;;;
Tablette TECNO MEGAPAD 10 Pouces ROM 128Go RAM 4Go;MEGAPAD 10;91500;Tablette avec Sim;https://ambulantenligne.com/14322/Tablette-tecno-megapad-10-Pouces-rom-128go-ram-4go.jpg;;;;;;;;
Lave vaisselle BEKO 13 couverts pose libre A++ DFN05321B;DFN05321B;235000;Dimension60cm;https://ambulantenligne.com/14348/Lave-vaisselle-beko-13-couverts-pose-libre-a-dfn05321b.jpg;;;;;;;;
Machine à  laver HAIER 15Kg HW150-BP14986ES8 SILVER;HW150-BP14986ES8;435000;10 kg & Plus;https://ambulantenligne.com/14398/machine-a-laver-haier-15kg-hw150-bp14986es8-silver.jpg;;;;;;;;
Four HAIER Encastrable Electrique 72 Litres 60cm K2ANN3GB/SA;K2ANN3GB/SA;185000;Four Electrique 60cm;https://ambulantenligne.com/14401/four-haier-Encastrable-electrique-72-Litres-60cm-k2ann3gbsa.jpg;;;;;;;;
Four HAIER Encastrable Electrique 72 Litres 60cm HOQ-K5AAN3GB/SA;HOQ-K5AAN3GB/SA;205000;Four Electrique 60cm;https://ambulantenligne.com/14405/four-haier-Encastrable-electrique-72-Litres-60cm-k2ann3gbsa.jpg;;;;;;;;
Chaise Anglaise + RESERVOIR B03 KE-5455-DA;KE-5455-DA;0;Plomberie;https://ambulantenligne.com/14542/ensemble-lavabo-Chaise-anglaise-bleu-frencia-ke-04038483-da.jpg;;;;;;;;
Ensemble Lavabo + Chaise Anglaise IRANI FRENCIA KE-552728-DA;KE-552728-DA;0;Plomberie;https://ambulantenligne.com/14549/ensemble-lavabo-Chaise-anglaise-bleu-frencia-ke-04038483-da.jpg;;;;;;;;
Chaise Anglaise FRENCIA WC-14 KE-1391-DA;KE-1391-DA;0;Plomberie;https://ambulantenligne.com//Chaise-anglaise-frencia-wc-14-ke-1391-da.jpg;;;;;;;;
Douchette Salle de Bain Colonne de douche KE-1690-DA;KE-1690-DA;0;Robinetterie;https://ambulantenligne.com/14571/douchette-salle-de-bain-colonne-de-douche-ke-1690-da.jpg;;;;;;;;
Hachoir à  viande & légumes minMAX multifonction 3.8L Double;MX6177;15000;Accueil;https://ambulantenligne.com/14812/hachoir-a-viande-legumes-minmax-multifonction-38l-double.jpg;;;;;;;;
Bouilloire TEFAL Morning 1.7 Litres KO2M0B27;O2M0B27;25000;Peit déjeuner;https://ambulantenligne.com/14840/bouilloire-tefal-morning-17-Litres-ko2m0b27.jpg;;;;;;;;
Meuble Tv / Table Tv GRIL Tv UNIT BLANC T727 BLA;UNIT BLANC T727 BLA;150000;Table;https://ambulantenligne.com/14957/meuble-Tv-table-Tv-ayca-unitesi-aksesuar-marron-10.jpg;;;;;;;;
Meuble Tv / Table Tv COLUMBIA AUBURN 1.1M;COLUMBIA AUBURN;40000;Table;https://ambulantenligne.com/15083/meuble-Tv-table-Tv-peru-Tv-volos-18m-808172.jpg;;;;;;;;
Ensemble Table Basse PANRAT Lots De Deux 109/113;109/113;85000;Table;https://ambulantenligne.com/15085/meuble-Tv-table-Tv-peru-Tv-volos-18m-808172.jpg;;;;;;;;
copy of Congélateur FINIX horizontal 200 Litres silver BD(W)-200;BD(W)-200;130000;Accueil;https://ambulantenligne.com/15160/Congélateur-finix-horizontal-200-Litres-silver-bdw-200.jpg;;;;;;;;
Douchette Salle de Bain Colonne de douche CHOO-ITM-10-NA;CHOO-ITM-10-NA;65000;Accessoires Sanitaires;https://ambulantenligne.com/15174/douchette-salle-de-bain-colonne-de-douche-choo-na2.jpg;;;;;;;;
Machine a TACOS DECAKILA 2000W KEEC079M;KEEC079M;35000;Petit électro;https://ambulantenligne.com/15214/machine-a-tacos-decakila-2000w-keec079m-.jpg;;;;;;;;
copy of Minichaine LG CJ98 3500W + BON AUCHAN OFFERT;CJ98;340000;Hi-Fi System;https://ambulantenligne.com/15280/mini-chaine-lg-ck-99-watt.jpg;;;;;;;;
Téléphone INFINIX  HOT 50 RAM 128Go ROM 8Go;HOT 50;90000;Téléphone;https://ambulantenligne.com/15363/telephone-infinix-hot-12i-ecran-66-hd-ram-4go-rom-64go.jpg;;;;;;;;
Split CAC 18.000btu inverter noir avec wifi 18CACIN;18CACIN;285000;18.000 BTU/2CV;https://ambulantenligne.com/15364/split-cac-18000btu-inverter-noir-avec-wifi-18cacin.jpg;;;;;;;;
Plaque Encastrable ASTECH à  gaz 5 Feux PL90GA111GR;PL90GA111GR;75000;5 Feux 90/60;https://ambulantenligne.com/15734/plaque-Encastrable-astech-a-gaz-5-Feux-pl90gz222no-noir-.jpg;;;;;;;;
copy of Lave vaisselle BEKO semi Encastrable 13 couverts + bandeau AP DSN05311X blanc;AP DSN05311X;300000;Lave-vaisselle;https://ambulantenligne.com/15787/Lave-vaisselle-beko-13-couverts-pose-libre-dfn04320w-blanc-.jpg;;;;;;;;
copy of Tablette TECNO MEGAPAD 10 Pouces ROM 128Go RAM 4Go;MEGAPAD 10;91500;Tablette avec Sim;https://ambulantenligne.com/15936/Tablette-tecno-megapad-10-Pouces-rom-128go-ram-4go.jpg;;;;;;;;
Lit 160/190 Blanc + Chevet 41/37/40cm LITB002/CNB001;LITB002/CNB001;165000;Mobilier de chambre;https://ambulantenligne.com/16023/lit-160190-blanc-chevet-413740cm-litb002cnb001.jpg;;;;;;;;
Armoire Réfrigéré 2 portes négative 1400L ARN-1400;ARN-1400;1965000;Accueil;https://ambulantenligne.com/16110/armoire-refrigeree-2-portes-positive-1400l.jpg;;;;;;;;
copy of Congélateur BEKO horizontal 700 Litres 2 battants CF508ST24 silver;CF508ST24;385000;501 Litres & Plus;https://ambulantenligne.com/16259/Congélateur-beko-horizontal-400-Litres-hsm30081s-silver.jpg;;;;;;;;
Minichaine LG CK 99 WATT 5000W + BON AUCHAN OFFERT;LG CK 99 watt;675000;Hi-Fi System;https://ambulantenligne.com/6149/mini-chaine-lg-ck-99-watt.jpg;;;;;;;;
Réfrigérateur side by side Distributeur d'eau et glaçons 617L SAMSUNG SJ-FP910 Miroir;SJ-FP910 Miroir;1005000;Accueil;https://ambulantenligne.com/6760/Réfrigerateur-side-by-side-distributeur-deau-et-glacons-617l-samsung-sj-fp910-miroir.jpg;;;;;;;;
Canapé 2 places MD-C2P;MD-C2P;200000;Accueil;https://ambulantenligne.com/7909/canape-2-places-md-c2p.jpg;;;;;;;;
Canapé 2 places VENISE CMD-C2PIB;CMD-C2PIB;257000;Accueil;https://ambulantenligne.com/7910/canape-2-places-venise-md-c2pib.jpg;;;;;;;;
Canapé 3 places CONFORT CMD-C3PC;CMD-C3PC;297500;Accueil;https://ambulantenligne.com/7911/canape-3-places-confort-cmd-c3pc.jpg;;;;;;;;
Plaque Encastrable BEKO 4 Feux à  gaz 60x60 HIZ64120S;HIZ64120S;99900;Accueil;https://ambulantenligne.com/8023/plaque-Encastrable-beko-4-Feux-a-gaz-60x60-higg64123.jpg;;;;;;;;
Réfrigérateur 2 Portes 367 Litres BEKO nofrost RDNE49S;;405000;Accueil;https://ambulantenligne.com/8026/Réfrigerateur-2-portes-367-Litres-beko-nofrost-rdne49x.jpg;;;;;;;;
Réfrigérateur BEKO 2 Portes NOFROST-SILVER-RDNE49X;RDNE49X;372500;Réfrigerateur;https://ambulantenligne.com/8032/Réfrigerateur-beko-2-portes-nofrost-silver-rdne49x.jpg;;;;;;;;
Réfrigérateur combiné BEKO 3 Tiroirs 501l neofrost RCNE620;RCNE620;510000;Accueil;https://ambulantenligne.com/8046/Réfrigerateur-combine-beko-3-Tiroirs-neofrost-rcne620.jpg;;;;;;;;
Congélateur Vertical HISENSE 7 Tiroirs Alu RS-32DC;RS-32DC;260000;7 Tiroirs & Plus;https://ambulantenligne.com/8051/Congélateur-vertical-7-Tiroirs-hisense-rs-24dc.jpg;;;;;;;;
Congélateur LG Horizontal 130L inverter blanc GCS175SVF;GCS175SVF;190000;251 - 500 Litres;https://ambulantenligne.com/8128/Congélateur-lg-horizontal-130Litres-gcs175svf.jpg;;;;;;;;
Congélateur LG HORIZONTAL 190 Litres CS215SVF;CS215SVF;220000;Accueil;https://ambulantenligne.com/8129/Congélateur-lg-horizontal-190-Litres-cs215svf.jpg;;;;;;;;
MACHINE A LAVER LG Â 10KG/10 KG SEC FH069FD2F+ RV1329CD7P industriel          ;EC FH069FD2F+ RV1329CD7P;1675000;Accueil;https://ambulantenligne.com/8135/machine-a-laver-lg-10kg10-kg-sec-fh069fd2f-rv1329cd7p-industriel          .jpg;;;;;;;;
Micro onde LG  42L Smart inverter MS4295 Silver;MS4295;135000;Accueil;https://ambulantenligne.com/8157/Micro-onde-lg-42l-smart-inverter-ms4295-silver.jpg;;;;;;;;
Micro onde LG 42L smart inverter MH8265DIS Noir;MH8265DIS;150000;Micro-onde;https://ambulantenligne.com/8159/Micro-onde-lg-42l-smart-inverter-mh8265dis-noir.jpg;;;;;;;;
Micro onde LG 42L smart inverter MH8265CIS Silver;MH8265CIS;145000;Cuisinière & Four;https://ambulantenligne.com/8160/Micro-onde-lg-42l-smart-inverter-mh8265cis-silver.jpg;;;;;;;;
Split FINIX 1.5CV 12000BTU R410 12BB;12BB;157500;12.000 Btu/1.5Cv;https://ambulantenligne.com/8226/split-finix-15cv-12000btu-r410-12bb.jpg;;;;;;;;
Smart Tv LG 32 Pouces FULL HD 32LM637;32LM637;135000;Tv & Son;https://ambulantenligne.com/8385/televiseur-lg-32-smart-full-hd-32lm637.jpg;;;;;;;;
"Téléviseur Led LG 32"" HD LP500 avec support offert";LP500;95000;Tv & Son;https://ambulantenligne.com/8386/televiseur-lg-32-Led-hd-lp500.jpg;;;;;;;;
Cuisinière ROCH à  gaz 5 Feux 90/60 F9L50 G2-IL;F9L50;245000;5 Feux 90/60;https://ambulantenligne.com/8421/cuisiniere-a-gaz-5-Feux-9060-roch-f9l50-g2-il.jpg;;;;;;;;
Box Tv Android AIWA ATX-4KBTA;ATX-4KBTA;25000;Accueil;https://ambulantenligne.com/8446/box-Tv-android-aiwa-atx-4kbta.jpg;;;;;;;;
Home Cinéma LG 1000W 5.1 canaux LHD655;LHD655;220000;Home-cinéma;https://ambulantenligne.com/8490/home-cinema-lg-1000w-51-canaux-lhd655.jpg;;;;;;;;
Congélateur SILTAL horizontal 440 Litres CF-485;;265000;Accueil;https://ambulantenligne.com/8560/Congélateur-siltal-horizontal-385-Litres.jpg;;;;;;;;
Split SKAGGU 1.5CV 12000BTU TAC-12CSA R410;TAC-12CSA;157500;12.000 Btu/1.5Cv;https://ambulantenligne.com/8623/split-skaggu-15cv-12000btu-tac-12csa-r410.jpg;;;;;;;;
Split SKAGGU 3CV 24000BTU TAC-24CSA R410;TAC-24CSA;297500;24.000 BTU/3CV;https://ambulantenligne.com/8625/split-skaggu-15cv-12000btu-tac-12csa-r410.jpg;;;;;;;;
Congélateur BEKO vertical 6 Tiroirs aluminium RFSE300S;RFSE300S;258500;Accueil;https://ambulantenligne.com/8708/Congélateur-beko-6-Tiroirs-plaque-aluminium-rfse300s.jpg;;;;;;;;
Congélateur FINIX horizontal 200 Litres silver BD(W)-200;BD(W)-200;135000;Accueil;https://ambulantenligne.com/8711/Congélateur-finix-horizontal-200-Litres-silver-bdw-200.jpg;;;;;;;;
Congélateur FINIX horizontal 800 Litres  silver BDW750;BDW750;380000;Accueil;https://ambulantenligne.com/8713/Congélateur-finix-horizontal-750-Litres-vitre-silver-bdw-750.jpg;;;;;;;;
Congélateur FINIX vertical 6 Tiroirs GT2451 plaque Alu;GT2451;222500;Accueil;https://ambulantenligne.com/9752/Congélateur-finix-vertical-6-Tiroirs-gt2451-plaque-alu.jpg;;;;;;;;
Téléviseur AIWA 32 Pouces Led avec support offert JH32AT700S;JH32AT700S;55000;22 - 40 Pouces;https://ambulantenligne.com/13108/televiseur-aiwa-32-Led-jh32at700s.jpg;;;;;;;;
Cable pour chargeur Iphone ANKER Powerline+ II - 90Cm A8452H41;A8452H41;9000;Accessoires;https://ambulantenligne.com/8738/cable-pour-chargeur-iphone-anker-powerline-ii-3-pi-a8452h41.jpg;;;;;;;;
Split HISENSE Inverter 12000BTU / 1.5CV AS-12TR4SYETG R410;AS-12TR4SYETG;245000;12.000 Btu/1.5Cv;https://ambulantenligne.com/8748/split-hisense-inverter-12000btu-15cv-as-12tr4syetg-r410.jpg;;;;;;;;
Split HISENSE Inverter 18000BTU / 2CV AS-18TR4SMATG R410A;AS-18TR4SMATG;265000;Accueil;https://ambulantenligne.com/8757/split-hisense-inverter-18000btu-2cv-as-18tr4smatg-r410a.jpg;;;;;;;;
Split FINIX 2CV 18000BTU R410 18BB;18BB;217500;18.000 BTU/2CV;https://ambulantenligne.com/8759/split-finix-2cv-18000btu-r410-18bb.jpg;;;;;;;;
Split BEKO inverter 2CV 18000BTU BHIN180;BHIN180;340000;Accueil;https://ambulantenligne.com/12331/split-beko-inverter-2cv-18000btu-bhin180.jpg;;;;;;;;
Split BEKO Inverter 1.5CV 12000BTU BHIN120;BHIN120;245000;Accueil;https://ambulantenligne.com/12333/split-beko-inverter-15cv-12000btu-bhin120.jpg;;;;;;;;
Split ASTECH 2CV 18000BTU 18RB4AM R410;18RB4AM;225000;Accueil;https://ambulantenligne.com/11376/split-astech-2cv-18000btu-18rb4am-r410.jpg;;;;;;;;
Plaque Encastrable HAIER 5 Feux à  gaz noir 90x60 HOB790B;HOB790B;155000;Accueil;https://ambulantenligne.com/8773/plaque-Encastrable-haier-a-gaz-noir-5-Feux-9060-hob790b.jpg;;;;;;;;
Réfrigérateur SAMSUNG  2 Portes 321 Litres RT40K5512S8;;335000;Accueil;https://ambulantenligne.com/8774/Réfrigerateur-samsung-2-portes-400-Litres-rt40k5512s8-.jpg;;;;;;;;
"Téléviseur LG 65"" Smart Tv 4K UHD 65UP7550 avec support offert";65UP7550;535000;Accueil;https://ambulantenligne.com/8809/televiseur-lg-65-smart-4k-uhd-65up7550-.jpg;;;;;;;;
Plaque Encastrable HAIER induction 4 Feux HOD-660;HOD-660;172500;Accueil;https://ambulantenligne.com/8820/plaque-Encastrable-haier-induction-4-Feux-hod-660.jpg;;;;;;;;
Plaque Encastrable HAIER induction 5 Feux HOD-9900;HOD-9900;215000;Accueil;https://ambulantenligne.com/8822/plaque-Encastrable-haier-induction-5-Feux-hod-9900.jpg;;;;;;;;
Smart Tv SMART TECHNOLOGY 50 Pouces STT-5090HS avec support offert;STT-5090HS;167500;42 - 50 Pouces;https://ambulantenligne.com/8827/smart-Tv-technology-50-Pouces-stt-5055s.jpg;;;;;;;;
"Smart Tv 4K SAMSUNG 82"" crystal 4K UHD 82RU8000KXZN";82RU8000KXZN;1420000;Accueil;https://ambulantenligne.com/8840/smart-Tv-4k-samsung-82-Pouces-crystal-4k-uhd-82ru8000kxzn.jpg;;;;;;;;
"Smart Tv SAMSUNG 65"" Qled 4K UHD QA65Q70T (2020)";QA65Q70T;795000;Accueil;https://ambulantenligne.com/8849/smart-Tv-samsung-65-Qled-4k-uhd-qa65q70t-2020.jpg;;;;;;;;
Grille Pain Sencor SBR 1040WH;SBR 1040WH;50000;Peit déjeuner;https://ambulantenligne.com/8860/grille-pain-sencor-sbr-1040wh.jpg;;;;;;;;
Barre de Son     SonY HT-S20R Bluetooth Sans fil 400w;;145000;Accueil;https://ambulantenligne.com/8956/barre-de-Son-Sony-ht-s20r-bluetooth-sans-fil-400w.jpg;;;;;;;;
Mixeur plongeant BRAUN multiquick 600w MQ 500;;32500;Accueil;https://ambulantenligne.com/8961/mixeur-plongeant-braun-muliquick-600w-mq-500.jpg;;;;;;;;
Casque avec microphone FURY Wildcat Bleu Noir NFU-0862;;5000;Accueil;https://ambulantenligne.com/8963/casque-avec-microphone-fury-wildcat-bleu-noir-nfu-0862.jpg;;;;;;;;
Machine à  pain SENCOR en acier inoxydable SBR 2000SS;SBR 2000SS;70000;Peit déjeuner;https://ambulantenligne.com/8966/machine-a-pain-sencor-en-acier-inoxydable-sbr-2000ss.jpg;;;;;;;;
Bouilloire Electrique SENCOR 1;5L SWK-1505VT;SWK-1505VT;14500;Peit déjeuner;https://ambulantenligne.com/8968/bouilloire-electrique-sencor-15l-swk-1505vt.jpg;;;;;;;
Matelas STARFLEX 180x200 Epaisseur 30cm + 2 Oreillers offerts;Starflex 180/200/30;165000;Accueil;https://ambulantenligne.com/9086/matelas-starflex-180200-epaisseur-30cm-2-oreillers-offerts.jpg;;;;;;;;
Téléphone ITEL IT2160 Double SIM;IT2160;9500;Accueil;https://ambulantenligne.com/9105/telephone-itel-it5260-double-sim.jpg;;;;;;;;
Barre de Son     HISENSE 200W HS218;HS218;92500;Barre de Son    ;https://ambulantenligne.com/9349/barre-de-Son-hisense-hs218.jpg;;;;;;;;
Barre de Son     HISENSE 120W HS212;HS212;85000;Barre de Son    ;https://ambulantenligne.com/9353/barre-de-Son-hisense-hs212.jpg;;;;;;;;
HiFi Audio Hisense 50Wx2 HA350;HA350;65000;Hi-Fi System;https://ambulantenligne.com/9354/-mini-hifi-audio-hisense-ha350.jpg;;;;;;;;
Réfrigerateur SMART TECHNOLOGY 2 portes 225L STR-344H;STR-344H;160000;Frigo 2 Portes;https://ambulantenligne.com/9386/Réfrigerateur-smart-technology-2-portes-str-344h.jpg;;;;;;;;
Réfrigérateur combiné SMART TECHNOLOGY 3 Tiroirs 248 Litres STCB-358H;STCB-358H;240000;201 - 350 Litres;https://ambulantenligne.com/9410/Réfrigerateur-smart-technology-248-Litres-stcb-358h.jpg;;;;;;;;
Congélateur horizontal SMART TECHNOLOGY 80 Litres gris STCC-102;STCC-102;95000;Accueil;https://ambulantenligne.com/9415/Congélateur-smart-technology-horizontal-102-Litres-silver-stcc-102.jpg;;;;;;;;
Congélateur Horizontal SMART TECHNOLOGY 131L STCC-200 Blanc;STCC-200;125000;Moins de 250 Litres;https://ambulantenligne.com/9429/Congélateur-horizontal-smart-technology-131l-stcc-200-blanc.jpg;;;;;;;;
Congélateur horizontal SMART TECHNOLOGY STCC-275 Gris;STCC-275;160000;251 - 500 Litres;https://ambulantenligne.com/11368/-Congélateur-smart-technology-horizontal-275Litres-stcc-275.jpg;;;;;;;;
Congélateur horizontal SMART TECHNOLOGY 264 Litres STCC-320 Gris;STCC-320;185000;251 - 500 Litres;https://ambulantenligne.com/11366/Congélateur-horizontal-smart-technology-320-Litres-stcc-320-gris.jpg;;;;;;;;
Congélateur horizontal SMART TECHNOLOGY 385 Litres STCC-385;STCC-385;195000;251 - 500 Litres;https://ambulantenligne.com/12682/Congélateur-horizontal-smart-technology-385-Litres-stcc-385.jpg;;;;;;;;
Congélateur horizontal SMART TECHNOLOGY 550 Litres gris STCC-550;STCC-550;270000;501 Litres & Plus;https://ambulantenligne.com/9438/Congélateur-smart-technology-horizontal-550-Litres-silver-stcc-550.jpg;;;;;;;;
Congélateur horizontal SMART TECHNOLOGY 600 Litres vitré STCC-640;STCC-640;315000;501 Litres & Plus;https://ambulantenligne.com/9440/Congélateur-horizontal-smart-technology-600-Litres-vitre-stcc-640.jpg;;;;;;;;
Congélateur Horizontal SMART TECHNOLOGY 720 Litres STCC-720;STCC-720;350000;501 Litres & Plus;https://ambulantenligne.com/9442/Congélateur-smart-technology-horizontal-720-Litres-stcc-720.jpg;;;;;;;;
Réfrigerateur TCL combiné 3 Tiroirs 306 Litres  A+ TRF-315BF;TRF-315BF;318500;201 - 350 Litres;https://ambulantenligne.com/9814/Réfrigerateur-tcl-300l-trf-315bf.jpg;;;;;;;;
Cuisiniere HAIER 4 Feux 60X60 HCR2040EGB Noir;HCR 2040EGB;150000;4 Feux 60/60;https://ambulantenligne.com/10099/cuisiniere-haier-4-Feux-60x60-hcr-2040egb-noir-.jpg;;;;;;;;
Congélateur FINIX horizontal 300 Litres  BD(W)-300;BD(W)-300;162500;Accueil;https://ambulantenligne.com/9472/Congélateur-finix-horizontal-300-Litres-bdw-300.jpg;;;;;;;;
Congélateur FINIX horizontal 450 Litres BDW-450;BDW-450;255000;Accueil;https://ambulantenligne.com/9474/Congélateur-finix-horizontal-500-Litres-bdw-363.jpg;;;;;;;;
Congélateur ICONA horizontal solaire 160L ILSCF230 blanc;ILSCF230;212500;Moins de 250 Litres;https://ambulantenligne.com/9479/Congélateur-icona-horizontal-solaire-160l-ilscf230-blanc.jpg;;;;;;;;
Congélateur ICONA horizontal solaire 210L ILSCF260 blanc;;255000;Accueil;https://ambulantenligne.com/9481/Congélateur-icona-horizontal-solaire-210l-ilscf260-blanc.jpg;;;;;;;;
Congélateur ICONA horizontal solaire 300L ILSCF-360;ILSCF-360;305000;Accueil;https://ambulantenligne.com/9483/Congélateur-icona-horizontal-solaire-210l-ilscf260-blanc.jpg;;;;;;;;
Congélateur ICONA horizontal solaire 360L ILSCF430 blanc;ILSCF430;310000;Accueil;https://ambulantenligne.com/9486/Congélateur-icona-horizontal-solaire-210l-ilscf260-blanc.jpg;;;;;;;;
Tondeuse à  cheveux WAHL Afro Taper +;Afro Taper +;30000;Rasoir électrique;https://ambulantenligne.com/9492/tondeuse-a-cheveux-wahl-afro-taper-.jpg;;;;;;;;
Tondeuse à  cheveux WAHL home pro 300;home pro 300;23000;Rasoir électrique;https://ambulantenligne.com/9494/tondeuse-a-cheveux-whal-home-pro-300.jpg;;;;;;;;
Tondeuse à  cheveux WAHL Super Taper;Super Taper;47500;Rasoir électrique;https://ambulantenligne.com/9496/tondeuse-a-cheveux-whal-super-taper.jpg;;;;;;;;
Split SMART TECHNOLOGY 1.25CV 9000 BTU R410 STS-9 SMARTY;STS-9 SMARTY;127500;9.000 BTU/1.25CV;https://ambulantenligne.com/9500/split-smart-technology-125cv-9000-btu-r410-sts-9-smarty-.jpg;;;;;;;;
Split SMART TECHNOLOGY 1.5CV 12000 BTU R410STS-12 SMARTY;STS-12 SMARTY;137500;12.000 Btu/1.5Cv;https://ambulantenligne.com/9501/split-smart-technology-15cv-12000-btu-r410sts-12-smarty-.jpg;;;;;;;;
Split SMART TECHNOLOGY 2CV 18000 BTU R410 STS-18 SMARTY;STS-18 SMARTY;207500;18.000 BTU/2CV;https://ambulantenligne.com/9502/split-smart-technology-2cv-18000-btu-r410-sts-18-smarty.jpg;;;;;;;;
Plaque Encastrable HAIER 4 Feux à  Gaz inox HOM-760SS;HOM-760SS;113500;4 Feux 60/60;https://ambulantenligne.com/9503/plaque-Encastrable-haier-4-Feux-a-gaz-inox-hom-760ss.jpg;;;;;;;;
Plaque Encastrable HAIER 5 Feux à  Gaz inox HOB-790SS;HOB-790SS;155000;5 Feux 90/60;https://ambulantenligne.com/9504/plaque-Encastrable-haier-5-Feux-a-gaz-inox-hob-790ss-.jpg;;;;;;;;
SPA Massage des pieds SENCOR SFM 3720GR;SFM 3720GR;49000;Produit d'entretien;https://ambulantenligne.com/9533/spa-massage-des-pieds-sfm-3720gr.jpg;;;;;;;;
Smart Google Tv EVVOLI 55 Pouces OLed 4k UHD 55EV9-OLed;55EV9-OLed;380000;Oled Tv;https://ambulantenligne.com/15314/smart-Tv-evvoli-55-Pouces-Qled-4k-uhd-55ev350-qa.jpg;;;;;;;;
Micro onde Encastrable HAIER 25L HBMW25LBG Noir;HBMW25LBG;165000;Encastrable;https://ambulantenligne.com/9565/Micro-onde-Encastrable-haier-25l-hbmw25lbg-noir.jpg;;;;;;;;
Micro onde Roch 20L RMW-20LP1MGris;RMW-20LP1M;40000;Moins de 25 Litres;https://ambulantenligne.com/9638/Micro-onde-roch-20l-rmw-20lp1mgris.jpg;;;;;;;;
Réfrigérateur SAMSUNG side by side 2 en 1 no frost  RB33 T307029 + RZ32R 744541 BLEU;;1055000;Accueil;https://ambulantenligne.com/9664/Réfrigerateur-samsung-side-by-side-2-en-1-no-frost-rb33-t307029-rz32r-744541-bleu.jpg;;;;;;;;
Machine à  laver SAMSUNG 11KG WA11T5260BY;WA11T5260BY;292500;10 kg et Plus;https://ambulantenligne.com/9672/machine-a-laver-samsung-11kg-wa11t5260by.jpg;;;;;;;;
Congélateur ASTECH Vertical 8 Tiroirs plaque alu PA240CD;PA-240CD;225000;7 Tiroirs & Plus;https://ambulantenligne.com/15353/Congélateur-astech-vertical-8-Tiroirs-plaque-alu-pa240cd.jpg;;;;;;;;
Lave vaisselle BEKO Encastrable 13 couverts A++ DIN34322;;240000;Lave-vaisselle;https://ambulantenligne.com/9684/Lave-vaisselle-beko-Encastrable-13-couverts-a-din34322.jpg;;;;;;;;
Mixeur Blender SMART TECHNOLOGY 1.5L 500w STPE-1110;STPE-1110;13500;Mixeur & Jus;https://ambulantenligne.com/9690/mixeur-blender-smart-technology-15l-500w-stpe-1000.jpg;;;;;;;;
Mixeur Blender SMART TECHNOLOGY 1.5L 500w STPE-1220;;14000;Mixeur & Jus;https://ambulantenligne.com/9691/mixeur-blender-smart-technology-15l-500w-stpe-1220.jpg;;;;;;;;
Chauffe eau Electrique LEGEND 50 Litres 50VLX0;50VLX0;70000;50 - 80 Litres;https://ambulantenligne.com/9694/chauffe-eau-electrique-legend-50-Litres-.jpg;;;;;;;;
Chauffe eau Electrique LEGEND 80 Litres 80VLX0;80VLX0;90000;50 - 80 Litres;https://ambulantenligne.com/9695/chauffe-eau-electrique-legend-50-Litres-.jpg;;;;;;;;
Chauffe eau Electrique LEGEND 100 Litres 100VLX0;100VLX0;105000;100 Litres & Plus;https://ambulantenligne.com/9696/chauffe-eau-electrique-legend-50-Litres-.jpg;;;;;;;;
Cuisinière BEKO 6 Feux 4 Feux à  gaz + 2 Electriques  12121 DX - Inox;;400000;6 Feux;https://ambulantenligne.com/9709/cuisiniere-beko-6-Feux-4-Feux-a-gaz-2-electriques-12121-dx-inox.jpg;;;;;;;;
Congélateur ASTECH horizontal CH500GM Avec vitre;CH500WB;252500;251 - 500 Litres;https://ambulantenligne.com/15934/Congélateur-astech-horizontal-ch500gm-avec-vitre.jpg;;;;;;;;
Congélateur BEKO vertical 8 Tiroirs no Frost inox 277L A+ RFNA450XP;RFNA450XP;405000;7 Tiroirs & Plus;https://ambulantenligne.com/9716/Congélateur-beko-vertical-8-Tiroirs-no-frost-inox-315l-a-rfna450xb.jpg;;;;;;;;
Four Encastrable BEKO 60cm 72L Electrique BBIC12100XD;BBIC12100XD;160000;Four Electrique 60cm;https://ambulantenligne.com/9755/four-Encastrable-beko-60cm-72l-electrique-bbie12100xd.jpg;;;;;;;;
Lave vaisselle BEKO 13 couverts DFN04320W blanc;DFN04320W;250000;Lave-vaisselle;https://ambulantenligne.com/9757/Lave-vaisselle-beko-13-couverts-pose-libre-dfn04320w-blanc-.jpg;;;;;;;;
Machine à  Café SMART TECHNOLOGY capsules expresso 0.8L STPE-787C;;67500;Accueil;https://ambulantenligne.com/9759/machine-a-cafe-smart-technology-capsules-expresso-08l-stpe-787c.jpg;;;;;;;;
Machine à  Café NESPRESSO noir INISSIA D40-GM;;90000;Machine à Café;https://ambulantenligne.com/9760/machine-a-cafe-nespresso-noir-inissia-d40-gm.jpg;;;;;;;;
Hotte   de Cuisine BEKO aspirant décorant 60cm noir inclinée HCA62640BE;;199900;Four Electrique 60cm;https://ambulantenligne.com/9763/Hotte  -de-Cuisine-beko-aspirant-decorant-60cm-noir-incline-hca62640be.jpg;;;;;;;;
Split ICONA 2.5CV 18000 BTU;;225000;18.000 BTU/2CV;https://ambulantenligne.com/9791/split-icona-125cv-9000-btu-ilsac-0910c-r22.jpg;;;;;;;;
Mixeur Blender BINATONE 1.5L 500W BLG-595 Noir;;25000;Mixeur & Jus;https://ambulantenligne.com/9823/mixeur-blender-binatone-15l-500w-blg-595-noir.jpg;;;;;;;;
Fer à  repasser Philips vapeur 2000W 220 ml GC1742/40;GC1742/40;18000;Repassage;https://ambulantenligne.com/9830/-fer-a-repasser-philips-vapeur-2000w-220-ml-gc174240-.jpg;;;;;;;;
Mixeur PHILIPS Series 5000 Core HR2224/00;HR2224/00;40000;Mixeur & Jus;https://ambulantenligne.com/9832/mixeur-philips-series-5000-core-hr222400.jpg;;;;;;;;
Fer à  repasser à  vapeur TEFAL ECOMASTER 1800W FV1721;FV1721;20000;Repassage;https://ambulantenligne.com/14833/fer-a-repasser-a-vapeur-tefal-ecomaster-1800w-fv1721-.jpg;;;;;;;;
Machine a laver LG 15KG Inverter A+++ F0L9DYP2S INOX;F0L9DYP2S;600000;10 kg & Plus;https://ambulantenligne.com/15958/machine-a-laver-lg-15kg-inverter-a-f0l9dyp2s-inox.jpg;;;;;;;;
"Téléviseur ROCH 32"" Led";;47500;Accueil;https://ambulantenligne.com/10686/televiseur-roch-32-Led.jpg;;;;;;;;
Smart Tv SonY 4K 50 Pouces KD50X7500;KD50X7500;310000;Smart Tv 4K;https://ambulantenligne.com/9850/smart-Tv-Sony-50-Pouces-kdl-50w660f.jpg;;;;;;;;
Smart Tv SonY 55 Pouces 4K 55X7500H;KDL55X7500H;365000;Smart Tv 4K;https://ambulantenligne.com/9852/smart-Tv-Sony-55-Pouces-4k-kdl55x7500h.jpg;;;;;;;;
Split BEKO Inverter 1.25CV 9000BTU BHIN090;BHIN090;220000;Accueil;https://ambulantenligne.com/15938/split-beko-inverter-125cv-9000btu-bhin090.jpg;;;;;;;;
ReFroidisseur d'air Binatone BAC201 85W 20 Litres - Noir;;75000;Ventilateur;https://ambulantenligne.com/9860/reFroidisseur-d-air-binatone-bac201-85w-20-Litres-noir.jpg;;;;;;;;
Congélateur ROCH horizontal 251 Litres RCF-300-B;RCF-300-B;167500;251 - 500 Litres;https://ambulantenligne.com/12680/Congélateur-roch-horizontal-251-Litres-rcf-300-b.jpg;;;;;;;;
Congélateur ROCH horizontal RCF-350G;RCF-350G;190000;251 - 500 Litres;https://ambulantenligne.com/9953/Congélateur-roch-horizontal-230-Litres-rcf-230b-b.jpg;;;;;;;;
Congélateur HAIER Horizontal 629 Litres HCF-688;HCF-688;487500;Congélateur Horizontal;https://ambulantenligne.com/9899/Congélateur-haier-horizontal-629-Litres-hcf-688.jpg;;;;;;;;
Split ELACTRON 3CV 24000BTU gaz R410;ELAC24;305000;Climatisation;https://ambulantenligne.com/13148/split-elactron-15cv-12000btu-gaz-r410.jpg;;;;;;;;
Split mobile HISENSE 1.5 cv 12000 btu AP-12HR4;AP-12HR4;175000;12.000 Btu/1.5Cv;https://ambulantenligne.com/9917/split-mobile-hisense-15-cv-12000-btu-ap-12hr4.jpg;;;;;;;;
Cuisinière HAIER 5 Feux Full Option 90/60 HCR-6050EGR rouge;HCR-6050EGR;260000;5 Feux 90/60;https://ambulantenligne.com/9929/cuisiniere-haier-5-Feux-full-option-9060-hcr-6050egr-rouge.jpg;;;;;;;;
Cuisiniere HAIER 4 Feux 60X60 HCR2040EGR rouge;HCR2040EGR;150000;4 Feux 60/60;https://ambulantenligne.com/10100/cuisiniere-haier-4-Feux-60x60-hcr-2040egr-rouge-.jpg;;;;;;;;
Machine à  laver SAMSUNG 21kg / 12kg Séchage WD21T6300GV;WD21T6300GV;710000;Lavante Séchante;https://ambulantenligne.com/15735/machine-a-laver-samsung-21kg-12kg-sechage-wd21t6300gv.jpg;;;;;;;;
Purificateur d'air HISENSE 31m2 AE-15K4AF;AE-15K4AF;107500;Purificateur d'air;https://ambulantenligne.com/9939/purificateur-d-air-hisense-31m2-ae-15k4af.jpg;;;;;;;;
Purificateur d'air HISENSE 48m2 AE-23R4AF;AE-23R4AF;120000;Purificateur d'air;https://ambulantenligne.com/9941/purificateur-d-air-hisense-48m2-ae-23r4af.jpg;;;;;;;;
Fauteuil COCCINELLE 1 place;;100000;Accueil;https://ambulantenligne.com/9975/fauteuil-coccinelle-1-place.jpg;;;;;;;;
Canapé RELAX 6 places MR-6P;MR-6P;445000;Accueil;https://ambulantenligne.com/9986/canape-relax-6-places-mr-6p.jpg;;;;;;;;
Canapé VOGUE 6 places MV-6P;;445000;Accueil;https://ambulantenligne.com/9987/canape-vogue-6-places-mv-6p.jpg;;;;;;;;
Canapé ALLURE 4 places MA-4P;MA-4P;355000;Canapé & Fauteuil;https://ambulantenligne.com/9990/canape-allure-4-places-ma-4p.jpg;;;;;;;;
Canapé COSY MOLTO 5 places MCM-5P;MCM-5P;380000;Canapé & Fauteuil;https://ambulantenligne.com/9993/canape-cosy-molto-5-places-mcm-5p.jpg;;;;;;;;
Moule à  gateau rond en alluminium 1910-493;1910-493;7350;Ustensile de Cuisine;https://ambulantenligne.com/10005/moule-a-gateau-rond-en-alluminium-1910-493.jpg;;;;;;;;
Moule à  gateau rond en alluminium 1910;1910;8990;Ustensile de Cuisine;https://ambulantenligne.com/10007/moule-a-gateau-rond-en-alluminium-1910.jpg;;;;;;;;
Brosse à  défriser lissante PALSon 085;85;3000;Coiffure;https://ambulantenligne.com/10013/brosse-a-defriser-lissante-palSon-085.jpg;;;;;;;;
Moule Genoise à  charnià¨re ronde 3pcs gm mm pm 1810-080;1810-080;4050;Accueil;https://ambulantenligne.com/10034/moule-charniere-genoise-ronde-3pcs-gm-mm-pm-1810-080-.jpg;;;;;;;;
Sous-verres DELUXE 6pcs;SVD6;3950;Ustensile de Cuisine;https://ambulantenligne.com/10058/sous-verres-deluxe-6pcs-.jpg;;;;;;;;
Moule Kouglof Alliage en Alu 1810-07;1810-07;1800;Ustensile de Cuisine;https://ambulantenligne.com/10072/moule-kouglof-alliage-en-alu-1810-07.jpg;;;;;;;;
Porte mouchoir 16010-035;;4725;Accueil;https://ambulantenligne.com/10076/porte-mouchoir-16010-035.jpg;;;;;;;;
Wonderchef  Verseur d'huile en verre 550 ml; rouge;;850;Ustensile de Cuisine;https://ambulantenligne.com/10089/wonderchef-verseur-d-huile-en-verre-550-ml-rouge.jpg;;;;;;;
Manual Plastic Film Machine à  Souder SF-300;SF-300;12500;Accueil;https://ambulantenligne.com/10093/manual-plastic-film-machine-a-souder-sf-300.jpg;;;;;;;;
Cuisinière HAIER 5 Feux 90/60 HCR6050EGB Noir;HCR6050EGB;260000;5 Feux 90/60;https://ambulantenligne.com/10101/cuisiniere-haier-5-Feux-9060-hcr6050egb-noir.jpg;;;;;;;;
Fer à  repasser PHILIPS vapeur 2400W DST5020;DST5020;35000;Repassage;https://ambulantenligne.com/10106/fer-a-repasser-philips-vapeur-2400w-dst5020.jpg;;;;;;;;
Split CAC 1.25CV 9000BTU Gaz 410;;134900;Split/Clim Normal;https://ambulantenligne.com/10112/split-cac-125cv-9000btu-gaz-410.jpg;;;;;;;;
Split ENDURO 1.25CV 9000BTU Gaz R410 EVA090VF;EVA090VF;135000;9.000 BTU/1.25CV;https://ambulantenligne.com/15951/split-enduro-125cv-9000btu-gaz-r410-eva090vf.jpg;;;;;;;;
Split ENDURO 1.5CV 12000BTU Gaz R410 EVA0120VF;EVA0120VF;155000;12.000 Btu/1.5Cv;https://ambulantenligne.com/15953/split-enduro-15cv-12000btu-gaz-r410-eva0120vf.jpg;;;;;;;;
Split ENDURO 2CV 18000BTU Gaz R410 EVA0180VF;EVA0180VF;235000;18.000 BTU/2CV;https://ambulantenligne.com/15954/split-enduro-2cv-18000btu-gaz-r410-eva0180vf.jpg;;;;;;;;
Split ENDURO 3CV 24000BTU Gaz R410 EVA0240VF;EVA0240VF;330000;24.000 BTU/3CV;https://ambulantenligne.com/15957/split-enduro-3cv-24000btu-gaz-r410-eva0240vf.jpg;;;;;;;;
Smart Tv XPER 43 Pouces 43DVB;43DVB;135000;Smart Tv;https://ambulantenligne.com/10129/smart-Tv-xper-43-Pouces-43dvb-.jpg;;;;;;;;
Split Cassette SHARP 3CV 24000BTU GX/GU-A24XAM;GX/GU-A24XAM;705000;Split/Clim Cassette;https://ambulantenligne.com/10139/split-cassette-sharp-3cv-24000btu-gxgu-a24xam.jpg;;;;;;;;
Split Cassette SHARP 2CV 18000BTU GX/GU-A18XAM;GX/GU-A18XAM;620000;Accueil;https://ambulantenligne.com/10140/split-cassette-sharp-2cv-18000btu-gxgu-a18xam.jpg;;;;;;;;
Split MDV Cassette 18000BTU GAZ R410;;560000;Split/Clim Cassette;https://ambulantenligne.com/10141/split-mdv-cassette-18000btu-gaz-r410.jpg;;;;;;;;
Split MDV Cassette 24000BTU MDVCA-24CRN1 GAZ R410;;647500;Split/Clim Cassette;https://ambulantenligne.com/10142/split-mdv-cassette-24000btu-gaz-r410.jpg;;;;;;;;
Split Armoire LG 3Cv 24000 Btu APNQ30GS1K1;APNQ30GS1K1;1090000;24000 - 30000 BTU;https://ambulantenligne.com/10143/split-armoire-astech-3cv-24000-btu-apnq30gs1k1.jpg;;;;;;;;
Split Armoire LG 5Cv inverter 48000 Btu APUQ48LT3S1;;1510000;36000 - 48000 BTU;https://ambulantenligne.com/10144/split-armoire-astech-5cv-48000-btu-apuq48lt3s1.jpg;;;;;;;;
Split ICESTREAM Cassette 18000BTU;;565000;Accueil;https://ambulantenligne.com/10146/zhuua.jpg;;;;;;;;
Split HiSENSE Cassette 3CV 24000 BTU Gaz 410 CAS24HI;CAS24HI;575000;Accueil;https://ambulantenligne.com/10152/split-hisense-cassette-3cv-24000-btu-gaz-410.jpg;;;;;;;;
Split Hisense Cassette 2CV 18000 BTU Gaz 410;;490000;Accueil;https://ambulantenligne.com/10159/split-hisense-cassette-2cv-18000-btu-gaz-410.jpg;;;;;;;;
Split ELACTRON Armoire 4CV 36000BTU ETN-36R1ST;ETN-36R1ST;745500;36000 - 48000 BTU;https://ambulantenligne.com/10164/split-elactron-armoire-4cv-36000btu-etn-36r1st.jpg;;;;;;;;
Split ELACTRON Armoire 3CV 24000BTU ETN-24R1ST;ETN-24R1ST;499900;24000 - 30000 BTU;https://ambulantenligne.com/10165/split-elactron-armoire-3cv-24000btu-etn-24r1st.jpg;;;;;;;;
Split ELACTRON Armoire Inverter 3CV 24000BTU;;599900;24000 - 30000 BTU;https://ambulantenligne.com/10171/split-elactron-armoire-inverter-3cv-24000btu.jpg;;;;;;;;
Smart Tv LG 55 Pouces OLed 4K D55C1;D55C1;800000;Oled Tv;https://ambulantenligne.com/10182/smart-Tv-lg-55-Pouces-oLed-4k-oLed55c1.jpg;;;;;;;;
"Téléviseur LG 55"" Smart OLed 4K 55A1PVA";55A1PVA;675000;Oled Tv;https://ambulantenligne.com/10184/televiseur-lg-55-smart-oLed-4k-55a1pva.jpg;;;;;;;;
"Smart Tv LG 50"" 4K UHD avec magic remote 50UR73006LA";50UR73006LA;260000;Smart Tv 4K;https://ambulantenligne.com/15594/smart-Tv-lg-50-4k-uhd-avec-magic-remote-50ur73006la-.jpg;;;;;;;;
Smart Tv SAMSUNG 85 Pouces 4K 85AU8072U;55AU8072U;1325000;Smart Tv 4K;https://ambulantenligne.com/10199/smart-Tv-samsung-85-Pouces-4k-55au8072u.jpg;;;;;;;;
"Téléviseur SAMSUNG 75"" Smart Tv 4K  UHD 75AU/RU7170";75AU/RU7170;690000;Smart Tv 4K;https://ambulantenligne.com/10201/televiseur-samsung-75-smart-4k-uhd-75auru7170.jpg;;;;;;;;
Machine à  laver 10kg ZEROWATT EOZ1210TE/1-11;EOZ1210TE/1-11;289900;Accueil;https://ambulantenligne.com/10207/machine-a-laver-10kg-zerowat-eoz1210te1-11.jpg;;;;;;;;
Machine à  laver 9kg ZEROWATT OZ 129T-S;OZ 129T-S;225000;Lave-linge;https://ambulantenligne.com/10208/machine-a-laver-9kg-zerowat-oz-129t-s-.jpg;;;;;;;;
Machine à  laver 7kg ZEROWATT EOZ4127TXE/1-11;EOZ4127TXE/1-11;185000;Lave-linge;https://ambulantenligne.com/10209/machine-a-laver-7kg-zerowatt-eoz4127txe1-11.jpg;;;;;;;;
Machine à  laver ASTECH 10kg lavage + 6kg Séchage WD30-TS106LS-688OG;WD30-TS106LS-688OG;355000;Lavante Séchante;https://ambulantenligne.com/15722/machine-a-laver-astech-10kg-lavage-6kg-sechage-wd106ls-625rk.jpg;;;;;;;;
Machine à  laver ASTECH 12kg  MLG12BV;MLG12BV;335000;10 kg & Plus;https://ambulantenligne.com/10216/machine-a-laver-astech-12kg-mlg12bv.jpg;;;;;;;;
Machine à  laver COMFEE 6KG 1000 tours/min MFS6104E;MFS6104E;175000;Lave-linge;https://ambulantenligne.com/10226/machine-a-laver-comfee-6kg-1000-toursmin-mfs7124e.jpg;;;;;;;;
Machine à  laver COMFEE 7KG 1000 tours/min OCLF812;;182500;Lave-linge;https://ambulantenligne.com/10227/machine-a-laver-comfee-6kg-1000-toursmin-oclf812.jpg;;;;;;;;
Machine à  laver ENDURO 6KG A+++ DARK SILVER WMT660TODS;WMT660TODS;157500;Lave-linge;https://ambulantenligne.com/15828/machine-a-laver-enduro-6kg-a-dark-silver-wmt660tods.jpg;;;;;;;;
Machine à  laver ENDURO 8KG A+++ DARK SILVER WMT810TODS;WMT810TODS;190000;7 à  9 kg;https://ambulantenligne.com/15830/machine-a-laver-enduro-8kg-a-dark-ll81200ds-silver.jpg;;;;;;;;
Machine à  laver ENDURO 9KG A+++ DARK WM98100ITB silver;WM98100ITB;215000;Lave-linge;https://ambulantenligne.com/15831/machine-a-laver-enduro-9kg-a-dark-ll91200ds-silver.jpg;;;;;;;;
Machine à  laver HISENSE 7kg semi automatique TWIN-TUB WSQB753W;TWIN-TUB WSQB753W;115000;Accueil;https://ambulantenligne.com/10238/machine-a-laver-hisense-7kg-semi-automatique-twin-tub-wsqb753w.jpg;;;;;;;;
Machine à  laver BERNA 7kg IB127DE/1-11 white;IB127DE/1-11;197500;Accueil;https://ambulantenligne.com/10244/machine-a-laver-berna-7kg-ib127de1-11-white.jpg;;;;;;;;
Machine à  laver INDESIT 9kg 1200 tours/min MTWA91284 W;MTWA91284 W;277500;Accueil;https://ambulantenligne.com/10248/machine-a-laver-indesit-9kg-1200-toursmin-mtwa91284-w-.jpg;;;;;;;;
Machine à  laver LG 10kg ublodome T1066NEFV F2 semi-black;T1066NEFV F2;355000;Lave-linge;https://ambulantenligne.com/10250/machine-a-laver-lg-10kg-ublodome-t1066nefv-f2-semi-black.jpg;;;;;;;;
Machine à  laver LG 15kg lavage + 8kg Séchage FOL9DGP2S;FOL9DGP2S;620000;Lavante Séchante;https://ambulantenligne.com/10251/machine-a-laver-lg-15kg-lavage-8kg-sechage-fol9dgp2s.jpg;;;;;;;;
Machine à  laver LG 20KG Lavage + 12KG Séchage A+++FOL2CRV2T2;FOL2CRV2T2;760000;Lavante Séchante;https://ambulantenligne.com/10255/machine-a-laver-lg-20kg-lavage-12kg-sechage-afol2crv2t2.jpg;;;;;;;;
Machine à  laver OCEAN 8Kg 1200 tours/min OCLF6104E;OCLF6104E;225000;7 à  9 kg;https://ambulantenligne.com/10257/machine-a-laver-ocean-8kg-1200-toursmin-oclf6104e.jpg;;;;;;;;
Réfrigérateur ELECTROLUX side by side 617 Litres 23BC87;23BC87;1002500;501 - 650 Litres;https://ambulantenligne.com/10485/Réfrigerateur-electrolux-side-by-side-23bc87.jpg;;;;;;;;
Réfrigerateur Vitrine ASTECH 2 portes 590 Litres FV590;FV590;515000;400 Litres et Plus;https://ambulantenligne.com/10267/Réfrigerateur-Vitrine-astech-2-portes-590-Litres-fv590.jpg;;;;;;;;
Réfrigerateur vertical BEKO no frost 375 Litres 1 porte RSNE450XP;RSNE450XP;455000;201 Litres & Plus;https://ambulantenligne.com/10272/Réfrigerateur-vertical-beko-no-frost-375-Litres-1-porte-rsne450xp.jpg;;;;;;;;
Réfrigérateur ROMANI combiné 4 Tiroirs RURF-265DB KS silver;RURF-265DB KS;250000;Frigo combiné;https://ambulantenligne.com/10278/Réfrigerateur-romani-combine-4-Tiroirs-rurf-265db-ks-silver.jpg;;;;;;;;
Réfrigérateur ROCH combiné 3 Tiroirs 149L RFR-190B;RFR-190B;175000;Frigo combiné;https://ambulantenligne.com/10279/Réfrigerateur-roch-combine-3-Tiroirs-149l-rfr-190b.jpg;;;;;;;;
Réfrigérateur ROCH 2 portes 155L RFR-170DT-J bleu mirroir;RFR-170DT-J;170000;Frigo 2 Portes;https://ambulantenligne.com/10283/Réfrigerateur-roch-2-portes-155l-rfr-170dt-j-bleu-mirroir.jpg;;;;;;;;
Réfrigérateur NARDI 2 portes NR28X.A000;NR28X.A000;182500;Accueil;https://ambulantenligne.com/10292/Réfrigerateur-nardi-2-portes-nr28xa000.jpg;;;;;;;;
Réfrigérateur MIDEA Side by Side 490L A+ no-frost avec distributeur d'eau MDRS678;MDRS678;630000;Side by side & Multiportes;https://ambulantenligne.com/10294/Réfrigerateur-midea-side-by-side-516l-no-frost-avec-distributeur-d-eau-mdrs678.jpg;;;;;;;;
Réfrigérateur side by side LG 601 Litres GCX257CSES Knock Knock insta view;GCX257CSES;1400000;Accueil;https://ambulantenligne.com/10297/Réfrigerateur-lg-side-by-side-601-Litres-gc-x257cvvv-knock-knock-insta-view.jpg;;;;;;;;
Réfrigérateur LG side by side 4 portes GR-J34 FTBL;GR-J34 FTBL;2105000;Accueil;https://ambulantenligne.com/10300/Réfrigerateur-lg-side-by-side-4-portes-gr-j34-ftbl-.jpg;;;;;;;;
Réfrigérateur Vitrine FINIX 370 Litres SC-370;SC-370;355000;Vitrine;https://ambulantenligne.com/12690/Réfrigerateur-Vitrine-finix-370-Litres-sc-370.jpg;;;;;;;;
Réfrigérateur HAIER combiné 2 Tiroirs No frost 436 Litres A3FE635CGJE;A3FE635CGJE;555000;Frigo combiné;https://ambulantenligne.com/10305/Réfrigerateur-haier-combine-2-Tiroirs-no-frost-436-Litres-a3fe635cgje.jpg;;;;;;;;
Réfrigérateur HISENSE combiné 3 Tiroirs 228 Litres RD-29DC4SA;RD-29DC4SA;215000;Accueil;https://ambulantenligne.com/10307/Réfrigerateur-hisense-combine-3-Tiroirs-228-Litres-rd-29dc4sa.jpg;;;;;;;;
Réfrigérateur combiné HAIER no-frost 483 Litres HW7720ENMB;HW7720ENMB;600000;351 Litres ET Plus;https://ambulantenligne.com/11354/Réfrigerateur-haier-multi-portes-no-frost-477-Litres-hw7720enmb.jpg;;;;;;;;
Réfrigérateur Vitrine ROCH 203 Litres RSF-260;RSF-260-0;245000;Moins de 250 Litres;https://ambulantenligne.com/11608/Réfrigerateur-Vitrine-roch-203-Litres-rsf-260.jpg;;;;;;;;
Réfrigérateur HISENSE 535 Litres No Frost RD-73WR4SA;RD-73WR4SA;505000;Frigo 2 Portes;https://ambulantenligne.com/10315/Réfrigerateur-hisense-535-Litres-no-frost-rd-73wr4sa.jpg;;;;;;;;
Réfrigérateur HISENSE 490 Litres no-frost RD-66WR4SA;RD-65WR4SA;460000;Frigo 2 Portes;https://ambulantenligne.com/10317/Réfrigerateur-hisense-490-Litres-no-frost-rd-65wr4sa.jpg;;;;;;;;
Réfrigérateur ASTECH combiné 4 Tiroirs 253 Litres  FC295CMOG inox noir;FC295CMOG;275000;Frigo combiné;https://ambulantenligne.com/10474/Réfrigerateur-astech-combine-4-Tiroirs-fc295cmog-inox-noir.jpg;;;;;;;;
Réfrigérateur BEKO side by side 554 Litres avec fontaine GN163320DX;GN163320DX;735000;Side by side & Multiportes;https://ambulantenligne.com/10323/Réfrigerateur-beko-side-by-side-554-Litres-avec-fontaine-gn163320dx.jpg;;;;;;;;
Réfrigérateur BEKO side by side 558 Litres GN164022XBR;GN164022XBR;692500;Side by side & Multiportes;https://ambulantenligne.com/10327/Réfrigerateur-beko-side-by-side-558-Litres-gn164022xbr.jpg;;;;;;;;
Réfrigérateur BEKO side by side 558 Litres double portes GN164020GB noir;GN164020GB;865000;Accueil;https://ambulantenligne.com/10329/Réfrigerateur-beko-side-by-side-558-Litres-double-portes-gn164020gb-noir.jpg;;;;;;;;
Réfrigérateur BEKO 2 portes 306 Litres DSA43SX;DSA43SX;297500;201 - 350 Litres;https://ambulantenligne.com/10331/Réfrigerateur-beko-2-portes-306-Litres-dsa43sx.jpg;;;;;;;;
Réfrigérateur BEKO 2 portes 400 Litres RDSE450K20B;RDSE450K20B;343500;351 Litres & Plus;https://ambulantenligne.com/10786/Réfrigerateur-beko-2-portes-400-Litres-rdse450k20b.jpg;;;;;;;;
Réfrigérateur BEKO 2 portes 389 Litres RDSE450K20W;RDSE450K20W;355000;Frigo 2 Portes;https://ambulantenligne.com/10335/Réfrigerateur-beko-2-portes-400-Litres-rdse450k20w.jpg;;;;;;;;
Réfrigérateur CAC combiné 3 Tiroirs  153 Litres CAC172;CAC172;182500;Frigo combiné;https://ambulantenligne.com/10336/Réfrigerateur-cac-combine-3-Tiroirs-175-Litres-cac172.jpg;;;;;;;;
Réfrigérateur ENDURO combiné 4 Tiroirs A+ avec fontaine 412 Litres RCN412X;RCN412X;345000;Frigo combiné;https://ambulantenligne.com/10338/Réfrigerateur-enduro-combine-4-Tiroirs-a-avec-fontaine-412-Litres-rcn412x-no-frost.jpg;;;;;;;;
Réfrigérateur bar ENDURO 90 Litres ROFB90S;ROFB90S;92500;Réfrigerateur Bar;https://ambulantenligne.com/10339/Réfrigerateur-bar-enduro-90-Litres-rofb90s.jpg;;;;;;;;
Réfrigérateur ENDURO combiné 4 Tiroirs A+ 246 Litres RORMP246X;RORMP246X;212500;Frigo combiné;https://ambulantenligne.com/10342/Réfrigerateur-enduro-combine-4-Tiroirs-a-246-Litres-rormp246x.jpg;;;;;;;;
Congélateur CAC horizontal avec vitre 250L CAC270;CAC270;192500;Congélateur Horizontal;https://ambulantenligne.com/10344/Congélateur-cac-horizontal-avec-vitre-250l-cac270-.jpg;;;;;;;;
Congélateur ASTECH horizontal CH160IG Blanc;CH160IG;95000;Congélateur;https://ambulantenligne.com/10346/Congélateur-astech-horizontal-ch160ig-silver.jpg;;;;;;;;
Congélateur ENDURO vertical 6 Tiroirs CV6T200S silver;CV6T200S;215000;Congélateur;https://ambulantenligne.com/10352/Congélateur-enduro-vertical-6-Tiroirs-cv6t200s-silver.jpg;;;;;;;;
Congélateur horizontal ELACTRON 300 Litres EL149CFS;EL149CFS;162500;251 - 500 Litres;https://ambulantenligne.com/10354/Congélateur-elactron-horizontal-el149cfs.jpg;;;;;;;;
Congélateur Vitrine HAIER 376 Litres SD-376A;SD-376A;310000;Vitrine;https://ambulantenligne.com/10356/Congélateur-Vitrine-haier-376-Litres-sd-376a.jpg;;;;;;;;
Congélateur Vitrine HISENSE 303 Litres FL-39DD4HA;FL-39DD4HA;297500;Vitrine;https://ambulantenligne.com/10357/Congélateur-Vitrine-hisense-303-Litres-fl-39dd4ha.jpg;;;;;;;;
Congélateur ICONA horizontal solaire ILSCF-160 blanc;ILSCF-160;195000;Moins de 250 Litres;https://ambulantenligne.com/10358/Congélateur-icona-horizontal-ilrfc-165h-blanc.jpg;;;;;;;;
Congélateur ICONA horizontal solaire 280L ILSCF-330 blanc;ILSCF-330;300000;Accueil;https://ambulantenligne.com/10361/Congélateur-icona-horizontal-solaire-210l-ilscf260-blanc.jpg;;;;;;;;
Congélateur ICONA vertical 9 Tiroirs solaire plaque alum ILSUF-777;ILSUF-777;460000;7 Tiroirs & Plus;https://ambulantenligne.com/10362/Congélateur-icona-vertical-9-Tiroirs-plaque-alum-iluf-320ss.jpg;;;;;;;;
Réfrigérateur Vitrine SMART TECHNOLOGY 1 porte STCDV 1080;STCDV 1080;297500;Vitrine;https://ambulantenligne.com/10367/Réfrigerateur-Vitrine-smart-technology-1-porte-169-Litres-stcdv-483.jpg;;;;;;;;
Réfrigerateur SMART TECHNOLOGY 2 portes 138 Litres STR-160H;STR-160H;117500;Frigo 2 Portes;https://ambulantenligne.com/10369/Réfrigerateur-smart-technology-2-portes-138-Litres-str-160h.jpg;;;;;;;;
Réfrigérateur SOLSTAR combiné 4 Tiroirs avec fontaine 253 Litres FRF-338 BDINV SS;FRF-338 BDINV SS;280000;Frigo combiné;https://ambulantenligne.com/10489/Réfrigerateur-solstar-combine-4-Tiroirs-avec-fontaine-253-Litres-frf-338-bdinv-ss-.jpg;;;;;;;;
Réfrigérateur TCL combiné 3 Tiroirs TRF-275BF;TRF-275BF;295000;Frigo combiné;https://ambulantenligne.com/10374/Réfrigerateur-tcl-combine-3-Tiroirs-trf-275bf.jpg;;;;;;;;
Minichaine SAMSUNG 500W MX-T50;MX-T50;282500;Son;https://ambulantenligne.com/10385/mini-chaine-samsung-500w-mx-t50.jpg;;;;;;;;
Smart Tv LG 70 Pouces 4K UHD 70UP7550;70UP7550;620000;Smart Tv 4K;https://ambulantenligne.com/10388/smart-Tv-lg-70-Pouces-4k-uhd-70up7550-.jpg;;;;;;;;
Barre de Son     LG dolby atoms 380W SN7Y;SN7Y;217500;Barre de Son    ;https://ambulantenligne.com/10392/barre-de-Son-lg-dolby-atoms-380w-sn7y.jpg;;;;;;;;
Barre de Son     LG  600W SNH5;SNH5;199900;Barre de Son    ;https://ambulantenligne.com/10394/barre-de-Son-lg-600w-snh5.jpg;;;;;;;;
Réfrigérateur side by side SAMSUNG 647 Litres avec Froid ventilé RS62R501M9;RS62R501M9;795000;Side by side & Multiportes;https://ambulantenligne.com/10405/Réfrigerateur-side-by-side-samsung-647-Litres-avec-Froid-ventile-rs6r5001m9.jpg;;;;;;;;
Réfrigérateur side by side SAMSUNG 635L distributeur d'eau et de glaçon R65CG5691B4GH;R65CG5691B4GH;1105000;501 - 650 Litres;https://ambulantenligne.com/10407/Réfrigerateur-side-by-side-samsung-647-Litres-avec-distributeur-d-eau-et-de-glacon-r65r5691.jpg;;;;;;;;
Congélateur Vitrine SMART TECHNOLOGY 336 Litres 517 STCCV;517 STCCV;270000;251 - 500 Litres;https://ambulantenligne.com/10412/Congélateur-Vitrine-smart-technology-336-Litres-517-stccv.jpg;;;;;;;;
Réfrigérateur ICONA 2 portes SILVER 150L ILRFC150DDA;ILRFC150DDA;137500;Accueil;https://ambulantenligne.com/10423/Réfrigerateur-icona-2-portes-silver-ilrfc-150dda.jpg;;;;;;;;
Split Armoire TCL 5CV 48000BTU;;800000;36000 - 48000 BTU;https://ambulantenligne.com/10427/split-armoire-tcl-5cv-48000btu.jpg;;;;;;;;
Sèche linge BEKO 7Kg avec sécurité enfant DA7011PA;DA7011PA;245000;Sèche-linge;https://ambulantenligne.com/10428/seche-linge-beko-7kg-avec-securite-enfant-da7011pa.jpg;;;;;;;;
Réfrigérateur Icona Combine 3 Tiroirs 165L ILRFC180H;;180000;Accueil;https://ambulantenligne.com/10433/Réfrigerateur-icona-combine-3-Tiroirs-165l-ilrfc180h.jpg;;;;;;;;
Téléviseur SOLSTAR 43 Pouces Smart 43AA7200SS avec support offert;43AA7200SS;135000;Smart Tv;https://ambulantenligne.com/10438/televiseur-solstar-43-Pouces-smart-43aa7200ss.jpg;;;;;;;;
Réfrigérateur BEKO combiné 3 Tiroirs 406L no frost Prenium RCNE560;RCNE560;630000;Accueil;https://ambulantenligne.com/10454/Réfrigerateur-beko-combine-3-Tiroirs-406l-no-frost-prenium-rcne560.jpg;;;;;;;;
Hotte   de Cuisine BEKO 60cm filtre aluminium CFB6432X;CFB6432X;80000;Hotte   60cm;https://ambulantenligne.com/10464/Hotte  -de-Cuisine-beko-60cm-filtre-aluminium-cfb6432x.jpg;;;;;;;;
Hotte   de Cuisine BEKO 60/30  CTB 6407 X inox;CTB 6407 X;90000;Hotte   60cm;https://ambulantenligne.com/10465/Hotte  -de-Cuisine-beko-6030-ctb-6407-x-inox.jpg;;;;;;;;
Fontaine à  eau SOLSTAR 4 robinets 98 Litres WC-85T4-INBSS;WC-85T4-INBSS;480000;Fontaine à Eau;https://ambulantenligne.com/10470/fontaine-a-eau-solstar-4-robinets-98-Litres-wc-85t4-inbss.jpg;;;;;;;;
Fontaine à  eau SOLSTAR 5 robinets 130 Litres WC-130T4-INBSS;WC-130T4-INBSS;570000;Accueil;https://ambulantenligne.com/10471/fontaine-a-eau-solstar-5-robinets-130-Litres-wc-130t4-inbss.jpg;;;;;;;;
Réfrigérateur BEKO 2 portes 500L RDSE500M20B noir;RDSE500M20B;372500;Frigo 2 Portes;https://ambulantenligne.com/10476/Réfrigerateur-beko-2-portes-500l-rdse500m20b-noir.jpg;;;;;;;;
Réfrigérateur ENDURO combiné 2Tiroirs A+  150 Litres RCD150S DEFROST Silver;RCD150S;162500;Moins de 200 Litres;https://ambulantenligne.com/10483/Réfrigerateur-enduro-combine-2Tiroirs-a-150-Litres-rcd150s-no-frost.jpg;;;;;;;;
Réfrigérateur ELECTROCOOL combiné 4Tiroirs A+ BCD-312 SILVER;BCD-312;417500;Frigo combiné;https://ambulantenligne.com/10496/Réfrigerateur-electrocool-combine-4Tiroirs-a-bcd-312-silver.jpg;;;;;;;;
Split Cassette ASTECH 1.5CV 12000BTU AST-12CA102-TE;AST-12CA102-TE;445000;Split/Clim Cassette;https://ambulantenligne.com/10500/split-cassette-astech-15cv-12000btu-ast-12ca102-te.jpg;;;;;;;;
Split Cassette ASTECH 3CV 24000BTU AST-24CA102-TE;AST-24CA102-TE;565000;Split/Clim Cassette;https://ambulantenligne.com/10502/split-cassette-astech-3cv-24000btu-ast-24ca102-te.jpg;;;;;;;;
Split Cassette ASTECH 2CV 18000BTU AST-18CA102-TE;AST-18CA102-TE;494500;Split/Clim Cassette;https://ambulantenligne.com/10504/split-cassette-astech-2cv-18000btu-ast-18ca102-te.jpg;;;;;;;;
Smart Tv SMART TECHNOLOGY 4K 75 Pouces UHD STT-7597K;STT-7597K;442500;55 Pouces & Plus;https://ambulantenligne.com/10506/smart-Tv-smart-technology-4k-75-Pouces-stt-7711s.jpg;;;;;;;;
Congélateur Verticale vitré UGUR 270 Litres pour stockage d'aliments surgelés -12 / -22° UDD370DTKBK;UDD 370 DTK BK;834000;3 - 6 Tiroirs;https://ambulantenligne.com/10518/Congélateur-verticale-vitre-ugur-pour-stockage-d-aliments-surgeles-udd370dtkbk.jpg;;;;;;;;
Congélateur Verticale vitré UGUR 480 Litres pour stockage d'aliments surgelés -12 / -22° UDD440DTKL;UDD440DTKL;1215000;3 - 6 Tiroirs;https://ambulantenligne.com/10519/Congélateur-verticale-vitre-ugur-480-Litres-pour-stockage-d-aliments-surgeles-12-22-udd440dtkl.jpg;;;;;;;;
Téléphone INFINIX  HOT 50I RAM 128Go ROM 4Go;HOT 50i;64000;Téléphone;https://ambulantenligne.com/15361/telephone-infinix-hot-12i-ecran-66-hd-ram-4go-rom-64go.jpg;;;;;;;;
Smart Tv LG 55 Pouces 4k UHD UP75006LF;UP75006LF;317500;55 Pouces & Plus;https://ambulantenligne.com/10562/smart-Tv-lg-55-Pouces-4k-uhd-up75006lf.jpg;;;;;;;;
Smart Tv GLOBAL AIR 39 Pouces Android DLed GE39;GE39;132500;22 - 40 Pouces;https://ambulantenligne.com/10567/smart-Tv-global-air-39-Pouces-android-dLed-ge39.jpg;;;;;;;;
Televiseur Led Gold 32 Pouces ETEX 32V12 avec support offert;32V12;72500;22 - 40 Pouces;https://ambulantenligne.com/10569/televiseur-Led-gold-32-Pouces-etex-32v12.jpg;;;;;;;;
Televiseur smart SHARP Led full HD 42 Pouces 2T-C42BG1X avec support offert;2T-C42BG1X;207500;42 - 50 Pouces;https://ambulantenligne.com/10586/televiseur-sharp-Led-full-hd-42-Pouces-2t-c42bg1x.jpg;;;;;;;;
"televiseur SAMSUNG 65"" UHD 4K 65AU7002";AU7002;515000;Smart Tv 4K;https://ambulantenligne.com/10625/televiseur-samsung-65-uhd-4k-65au7002.jpg;;;;;;;;
"Téléviseur SHARP Led smart 8k 80"" LC-80XU930X";LC-80XU930X;2650000;55 Pouces & Plus;https://ambulantenligne.com/10627/televiseur-sharp-Led-smart-8k-80-lc-80xu930x.jpg;;;;;;;;
Televiseur CAC 43 SMART avec support offert;;152500;42 - 50 Pouces;https://ambulantenligne.com/10631/televiseur-cac-43-smart.jpg;;;;;;;;
Smart Tv CAC android 55Pouces CAC55;CAC55;252500;55 Pouces & Plus;https://ambulantenligne.com/10632/smart-Tv-cac-android-55Pouces-.jpg;;;;;;;;
Televiseur Led CONTINENTAL 32 Pouces CO32 avec support offert;CO32;83500;22 - 40 Pouces;https://ambulantenligne.com/10650/televiseur-Led-continental-32-Pouces-co32.jpg;;;;;;;;
Matelas Gaindé Plus 90x190 - bleu fleuri;;19500;Matelas & Sommier;https://ambulantenligne.com/10655/matelas-gainde-Plus-90190-bleu-fleuri.jpg;;;;;;;;
Smart Tv CONTINENTAL 43 Pouces CONT43;CONT43;137500;Accueil;https://ambulantenligne.com/10659/smart-Tv-continental-43-Pouces-cont43.jpg;;;;;;;;
Ensemble de 6 Verre TRUVA 338F;388F;3850;Ustensile de Cuisine;https://ambulantenligne.com/10690/ensemble-de-6-verre-truva-338f.jpg;;;;;;;;
Ensemble 6 Verres EMPIRE 368;empire368;4400;Ustensile de Cuisine;https://ambulantenligne.com/10691/ensemble-6-verres-empire-368.jpg;;;;;;;;
Grille Pain Toaster SonIFER Electrique SF-6006;SF-6006;15000;Peit déjeuner;https://ambulantenligne.com/10698/grille-pain-toaster-Sonifer-electrique-sf-6006.jpg;;;;;;;;
Thermos 1 Litres BM100;BM100;3500;Peit déjeuner;https://ambulantenligne.com/10699/thermos-1-Litres-bm100.jpg;;;;;;;;
Pack de sucrier grand modèle avec plateau en bois;;6075;Peit déjeuner;https://ambulantenligne.com/10700/pack-de-sucrier-grand-modele-avec-plateau-en-bois-.jpg;;;;;;;;
Machine Sorbetiere industriel          le crème glacée Galaxy Pro V2;Pro V2;7000000;Matériel industriel          ;https://ambulantenligne.com/10701/machine-sorbetiere-industriel          le-creme-glacee-galaxy-pro-v2.jpg;;;;;;;;
Oreillers EDEN souplesse cooler 70/50;souplesse cooler;12500;Matelas & Sommier;https://ambulantenligne.com/10702/oreillers-eden-souplesse-cooler-7050.jpg;;;;;;;;
Oreillers EDEN souplesse line 60/60;souplesse line;10000;Matelas & Sommier;https://ambulantenligne.com/10704/oreillers-eden-souplesse-line-6060.jpg;;;;;;;;
Matelas TEDYDOM 90x190 Epaisseur 27cm;TEDYDOM;46000;Matelas & Sommier;https://ambulantenligne.com/10705/matelas-tedydom-90190-epaisseur-27cm.jpg;;;;;;;;
Matelas OBAMA 180/190 Epaisseur 15cm + 2 Oreillers offerts;Obama 180/190/15;65000;Accueil;https://ambulantenligne.com/13507/matelas-obama-180190-epaisseur-15cm-2-oreillers-offerts.jpg;;;;;;;;
Matelas OBAMA 180/190 Epaisseur 20cm + 2 Oreillers offerts;OBAMA 180/190/20;75000;Matelas & Sommier;https://ambulantenligne.com/10709/matelas-obama-180190-epaisseur-20cm-2-oreillers-offerts.jpg;;;;;;;;
Presse orange automatique CANCAN type Café 28 oranges/min industriel          ;CAN-0206;2285000;Matériel de Cuisine;https://ambulantenligne.com/10715/presse-orange-automatique-cancan-type-cafe-28-orangesmin.jpg;;;;;;;;
Presse-Oranges Automatique SANTOS 32 Bac;32Bac;6000000;Matériel de Cuisine;https://ambulantenligne.com/10717/presse-oranges-automatique-santos-32-bac-.jpg;;;;;;;;
Presse-Agrumes électrique en Alliage d'Aluminium Peint - SM-CJ4;SM-CJ4;150000;Matériel de Cuisine;https://ambulantenligne.com/10718/presse-agrumes-electrique-en-alliage-d-aluminium-peint-sm-cj4.jpg;;;;;;;;
Plaque/plancha à  snacker gaz en acier chromé â 3 zones de cuisSon PSR900GC;PSR900GC;735000;Matériel de Cuisine;https://ambulantenligne.com/10719/plaqueplancha-a-snacker-gaz-en-acier-chrome-3-zones-de-cuisSon-psr900gc.jpg;;;;;;;;
Pinces Ciseaux à  Gateaux LACOR 62317;Lacor_62317;6600;Ustensile de Cuisine;https://ambulantenligne.com/10720/pinces-ciseaux-a-gateaux-lacor-62317-.jpg;;;;;;;;
Pétrin à  spirale à  cuve fixe PORLANMAZ;PORLANMAZ  PMSP;7000000;Matériel de boulangerie;https://ambulantenligne.com/10721/petrin-a-spirale-a-cuve-fixe-porlanmaz-.jpg;;;;;;;;
Pelle/cuillère INOX tout usage 1 0941 1906-340;1 0941 1906-340;10000;Accueil;https://ambulantenligne.com/10724/pellecuillere-inox-tout-usage-1-0941-1906-340.jpg;;;;;;;;
Robot Multifonction SonIFER 3 en 1 SF-8056;SF-8056;130000;Robot de Cuisine;https://ambulantenligne.com/10740/robot-multifonction-Sonifer-3-en-1-sf-8056.jpg;;;;;;;;
Imprimante HP Color LaserJet Pro M283FDN;M283FDN;350000;Imprimante Laser;https://ambulantenligne.com/10904/imprimante.jpg;;;;;;;;
Onduleur MPOWER 650va;MPOWER 650va;22000;Onduleur;https://ambulantenligne.com/10920/Onduleur-mpower-650va-.jpg;;;;;;;;
Marmite SAFOR en aluminium pur avec couvercle;MSAC;25500;Ustensile de Cuisine;https://ambulantenligne.com/10744/marmite-safor-en-aluminium-pur-avec-couvercle.jpg;;;;;;;;
Onduleur MPOWER 850va;MPOWER 850va;28500;Onduleur;https://ambulantenligne.com/10921/Onduleur-mpower-850va-.jpg;;;;;;;;
Onduleur MPOWER 1000Va;MPOWER 1000Va;55000;Onduleur;https://ambulantenligne.com/10915/Onduleur-mpower-1000Va-.jpg;;;;;;;;
Imprimante EPSon LQ590;LQ590;284000;Imprimante Jet d'encre    ;https://ambulantenligne.com/10907/imprimante-epSon-lq590.jpg;;;;;;;;
Hachoir à  viande industriel           norme CE 180Kg/Heure MG22MD;MG22MD;400000;Matériel de Cuisine;https://ambulantenligne.com/10746/hachoir-a-viande-industriel          -norme-ce-180kgheure-mg22md.jpg;;;;;;;;
Onduleur MPOWER 1500va;MPOWER 1500va;60000;Onduleur;https://ambulantenligne.com/10917/Onduleur-mpower-1500va.jpg;;;;;;;;
Onduleur MPOWER 2000Va;MPOWER 2000Va;83500;Onduleur;https://ambulantenligne.com/10918/Onduleur-mpower-2000Va.jpg;;;;;;;;
Onduleur MPOWER 3000Va;MPOWER 3000Va;130000;Onduleur;https://ambulantenligne.com/10919/Onduleur-mpower-3000Va.jpg;;;;;;;;
Onduleur MPOWER on line 6KVA;MPOWER on line 6KVA;720000;Onduleur;https://ambulantenligne.com/10923/Onduleur-mpower-online-6kva.jpg;;;;;;;;
Onduleur MPOWER on line 10KVA;MPOWER on line 10KVA;845000;Onduleur;https://ambulantenligne.com/10922/Onduleur-mpower-on-line-10kva.jpg;;;;;;;;
Hachoir à  viande industriel           ASAKI normes internationales MG22HD;MG22HD;480500;Matériel de Cuisine;https://ambulantenligne.com/10747/hachoir-a-viande-industriel          -asaki-normes-internationales-mg22hd.jpg;;;;;;;;
Onduleur APC BV1000I;BV1000I;82000;Onduleur;https://ambulantenligne.com/10929/Onduleur-apc-bv1000i.jpg;;;;;;;;
Imprimante EPSon L3110;L3110;154000;Imprimante Jet d'encre    ;https://ambulantenligne.com/10832/imprimante-epSon-l3110.jpg;;;;;;;;
Imprimante HP Color LaserJet Pro M283FDW;M283FDW;415000;Imprimante Laser;https://ambulantenligne.com/10828/imprimante-hp-color-laserjet-pro-m283fdw.jpg;;;;;;;;
Onduleur APC BV650I;APC  BV650I;48900;Onduleur;https://ambulantenligne.com/10925/Onduleur-apc-bv650i.jpg;;;;;;;;
Onduleur APC SRV1000Va;SRV1000Va;255000;Onduleur;https://ambulantenligne.com/10928/Onduleur-apc-srv1000Va.jpg;;;;;;;;
Onduleur APC SRV 2000Va;SRV 2000Va;475000;Onduleur;https://ambulantenligne.com/10926/Onduleur-apc-srv-2000Va.jpg;;;;;;;;
Batterie Onduleur MERCURY 12v 9;MERCURY 12v 9;11500;Onduleur;https://ambulantenligne.com/10914/batterie-Onduleur-mercury-12v-9.jpg;;;;;;;;
Regulateur de tension QUALITEC 500VA;QUALITEC 500VA;15000;500 - 1000Va;https://ambulantenligne.com/10935/regulateur-de-tension-qualitec-500va.jpg;;;;;;;;
Regulateur de tension QUALITEC 1000Va;QUALITEC 1000Va;20000;500 - 1000Va;https://ambulantenligne.com/10930/regulateur-de-tension-qualitec-1000Va.jpg;;;;;;;;
Regulateur de tension QUALITEC 1500VA;QUALITEC 1500VA;22500;1500 - 2000Va;https://ambulantenligne.com/10931/regulateur-de-tension-qualitec-1500va.jpg;;;;;;;;
Regulateur de tension QUALITEC 3000Va;QUALITEC 3000Va;55000;3000Va & Plus;https://ambulantenligne.com/10933/regulateur-de-tension-qualitec-3000Va.jpg;;;;;;;;
Four Electrique à  cuisSon accélérée industriel           SPEED PRO UNOX ESW-03HS-EDDN;XESW-03HS-EDDN;5600000;Matériel de boulangerie;https://ambulantenligne.com/10752/four-electrique-a-cuisSon-acceleree-industriel          -speed-pro-unox-esw-03hs-eddn.jpg;;;;;;;;
Réfrigérateur Encastrable NARDI combiné 4 Tiroirs 290 Litres AS2906GAA;AS2906GAA;255000;201 - 350 Litres;https://ambulantenligne.com/10757/Réfrigerateur-Encastrable-nardi-combine-4-Tiroirs-290-Litres-as2906gaa.jpg;;;;;;;;
Four à  convection industriel           à  gaz de 14 plateaux PORLANMAZ PMPF14;PMPF14;5400000;Matériel de boulangerie;https://ambulantenligne.com/10755/four-a-convection-a-gaz-de-14-plateaux-porlanmaz-pmpf14.jpg;;;;;;;;
Imprimante EPSon L3150;L3150;162500;Imprimante Jet d'encre    ;https://ambulantenligne.com/10833/imprimante-epSon-l3150-.jpg;;;;;;;;
Imprimante EPSon L3160;L3160;209000;Imprimante Jet d'encre    ;https://ambulantenligne.com/10905/imprimante-epSon-l3160.jpg;;;;;;;;
Four à  Charriot rotatif industriel           pour Boulangerie+ de 1000 degrés centigrades;PMDF;14350000;Matériel de boulangerie;https://ambulantenligne.com/10761/four-a-charriot-rotatif-de-1000-degres-centigrades-.jpg;;;;;;;;
Imprimante EPSon L805;L805;254000;Imprimante Jet d'encre    ;https://ambulantenligne.com/10826/imprimante-epSon-l805.jpg;;;;;;;;
Imprimante HP Color Laser MFP178NW;MFP178NW;267500;Imprimante Laser;https://ambulantenligne.com/10839/imprimante-hp-color-laser-mfp178nw.jpg;;;;;;;;
Ensemble Saucià¨re 4 Pieces ES4P;ES4P;4250;Peit déjeuner;https://ambulantenligne.com/10764/ensemble-sauciere-4-pieces-es4p.jpg;;;;;;;;
Ensemble 3 pièces pour salle de bain Mimosa;;4850;Matériel de Salle de bain;https://ambulantenligne.com/10765/ensemble-3-pieces-pour-salle-de-bain-mimosa.jpg;;;;;;;;
Imprimante Laser couleur HP 179FNW;179FNW;290000;Imprimante Laser;https://ambulantenligne.com/10841/imprimante-laser-couleur-hp-179fnw.jpg;;;;;;;;
Imprimante HP LaserJet Pro MFP M182N;MFP M182N;360000;Imprimante Laser;https://ambulantenligne.com/10843/imprimante-hp-laserjet-pro-mfp-m182n.jpg;;;;;;;;
Distributeur industriel           de boisSon réfrigérée SANTOS 3 bacs 12 Litres 34-3;SANTOS_34-3;1500000;Matériel de Cuisine;https://ambulantenligne.com/10767/distributeur-de-boisSon-refrigere-santos-3-bacs-12-Litres-34-3.jpg;;;;;;;;
Distributeur industriel           de boisSon réfrigérée SANTOS 2 bacs 12 Litres 34-2;SANTOS_34-2;1150000;Matériel de Cuisine;https://ambulantenligne.com/10768/distributeur-industriel          -de-boisSon-refrigere-santos-2-bacs-12-Litres-34-2.jpg;;;;;;;;
Imprimante HP LaserJet Pro M479FDN;M479FDN;648000;Imprimante Laser;https://ambulantenligne.com/10848/imprimante-hp-laserjet-pro-m479fdn.jpg;;;;;;;;
Crèpière à  Gaz industriel          le Roller Grill double plaques CDG 400;CDG 400;760000;Matériel de Cuisine;https://ambulantenligne.com/10770/crepiere-a-gaz-industriel          le-roller-grill-double-plaques-cdg-400.jpg;;;;;;;;
Imprimante HP Color Laserjet Pro MFP M479FNW;M479FNW;618000;Imprimante Laser;https://ambulantenligne.com/10856/imprimante-hp-color-laserjet-pro-mfp-m479fnw.jpg;;;;;;;;
Imprimente HP Laserjet pro MFP137FNW;MFP137FNW;244000;Accueil;https://ambulantenligne.com/10867/imprimente-hp-laserjet-pro-mfp137fnw.jpg;;;;;;;;
Imprimante HP LaserJet Pro M428FDW;M428FDW;344000;Accueil;https://ambulantenligne.com/10869/imprimante-hp-laserjet-pro-m428fdw.jpg;;;;;;;;
Imprimante Laser CANON 6030B;6030B;158000;Imprimante Laser;https://ambulantenligne.com/10909/imprimante-laser-canon-6030b.jpg;;;;;;;;
Imprimante HP LaserJet Pro MFP M227SDN;MFP M227SDN;339000;Imprimante Laser;https://ambulantenligne.com/10871/imprimante-hp-laserjet-pro-mfp-m227sdn.jpg;;;;;;;;
"Smart Tv LG 4K 75"" Nanocell UHD 4K NANO 766QA";NANO 766QA;719900;Accueil;https://ambulantenligne.com/10779/smart-Tv-lg-4k-75-nanocell-uhd-4k-nano796qa.jpg;;;;;;;;
Imprimante HP LaserJet Pro MFP M227FDW;MFP M227FDW;368000;Imprimante Laser;https://ambulantenligne.com/10873/imprimante-hp-laserjet-pro-mfp-m227fdw.jpg;;;;;;;;
Imprimante CANON I-SENSYS MF443DW;MF443DW;324000;Imprimante Laser;https://ambulantenligne.com/10911/imprimante-canon-i-sensys-mf443dw.jpg;;;;;;;;
Imprimante CANON i-SENSYS 445DW;445DW;324000;Imprimante Laser;https://ambulantenligne.com/10912/imprimante-canon-i-sensys-445dw.jpg;;;;;;;;
Imprimante HP LaserJet Pro MFP M227FDN;MFP M227FDN;350000;Accueil;https://ambulantenligne.com/10877/imprimante-hp-laserjet-pro-mfp-m227fdn.jpg;;;;;;;;
Imprimante HP LaserJet Pro M404DN;M404DN;234000;Accueil;https://ambulantenligne.com/10878/imprimante-hp-laserjet-pro-m404dn.jpg;;;;;;;;
Imprimante HP LaserJet Pro MFP M130NW;MFP M130NW;218000;Imprimante Laser;https://ambulantenligne.com/10880/imprimante-hp-laserjet-pro-mfp-m130nw.jpg;;;;;;;;
"Téléviseur SAMSUNG 75"" Smart Crystal 4K UHD BU8000 (2022)";BU8000;775000;Accueil;https://ambulantenligne.com/10790/televiseur-samsung-75-smart-crystal-4k-uhd-bu8000-2022.jpg;;;;;;;;
"Smart Tv SAMSUNG 65"" crystal 4K UHD 65BU8000 (2022) avec support offert";BU8000;540000;Accueil;https://ambulantenligne.com/10789/smart-Tv-samsung-65-crystal-4k-uhd-65bu8000-2022.jpg;;;;;;;;
Serveur DELL  T150 XEON E-2314 2TB 16GB;E-2314;1140000;Accueil;https://ambulantenligne.com/10882/serveur-dell-t150-xeon-e-2314-2tb-16gb.jpg;;;;;;;;
Ecran ordinateur HP DESKTOP 19 Pouces V19;V19;110000;Ecran pc;https://ambulantenligne.com/10851/ecran-hp-desktop-19-Pouces-v19.jpg;;;;;;;;
Smart Tv SAMSUNG 55 Pouces Crystal 4K UHD BU8000 (2022);55BU8000;330000;Accueil;https://ambulantenligne.com/10791/smart-Tv-samsung-55-crystal-4k-uhd-bu8000-2022.jpg;;;;;;;;
Ecran ordinateur HP DESKTOP 22 Pouces V22;V22;122500;Ecran pc;https://ambulantenligne.com/10866/ecran-hp-desktop-22-Pouces-v22.jpg;;;;;;;;
Imprimante Laser HP Laser 107A;107A;124000;Imprimante Laser;https://ambulantenligne.com/10888/imprimante-laser-hp-laser-107a.jpg;;;;;;;;
Imprimante Laser Multifonction HP Laser 135A;135A;169000;Imprimante Laser;https://ambulantenligne.com/10890/imprimante-laser-multifonction-hp-laser-135a.jpg;;;;;;;;
Coupeuse de légumes de carottes industriel          le 750W VC65MS;VC65MS;950000;Matériel de Cuisine;https://ambulantenligne.com/10793/coupeuse-de-legumes-de-carottes-industriel          le-750w-vc65ms.jpg;;;;;;;;
Imprimante tout-en-un HP DeskJet 2320;DeskJet 2320;45000;Imprimante Jet d'encre    ;https://ambulantenligne.com/10894/imprimante-tout-en-un-hp-deskjet-2320.jpg;;;;;;;;
Coupe-légumes industriel           multifonction pour hôtel VC60MS;VC60MS;600000;Matériel de Cuisine;https://ambulantenligne.com/10795/coupe-legumes-industriel          -multifonction-pour-hotel-vc60ms.jpg;;;;;;;;
Ecran ordinateur HP DESKTOP 24 Pouces 24F;24F;165000;Ecran pc;https://ambulantenligne.com/10854/ecran-hp-desktop-24-Pouces-24f.jpg;;;;;;;;
Ecran ordinateur HP DESKTOP 24 Pouces 27F;27F;175000;Ecran pc;https://ambulantenligne.com/10857/ecran-hp-desktop-24-Pouces-27f.jpg;;;;;;;;
Hachoir à  légumes industriel           commercial 400W en inox VC20MF;VC20MF;410000;Matériel de Cuisine;https://ambulantenligne.com/10797/hachoir-a-legumes-industriel          -commercial-400w-en-inox-vc20mf.jpg;;;;;;;;
Imprimante Multifonction Hp DESKJET 6475;DESKJET 6475;114000;Imprimante Jet d'encre    ;https://ambulantenligne.com/10896/imprimante-multifonction-hp-deskjet-6475.jpg;;;;;;;;
Coupe-pommes de terre; trancheuse de légumes en acier inoxydable PC3T;PC3T;122500;Matériel de Cuisine;https://ambulantenligne.com/10798/coupe-pommes-de-terre-trancheuse-de-legumes-en-acier-inoxydable-pc3t.jpg;;;;;;;
Imprimante couleur HP OfficeJet Pro 7720;Pro 7720;219000;Imprimante Jet d'encre    ;https://ambulantenligne.com/10898/imprimante-couleur-hp-officejet-pro-7720.jpg;;;;;;;;
Ecran LENOVO 22 Pouces C-22-20;C-22-20;130000;Ecran pc;https://ambulantenligne.com/10860/ecran-lenovo-22-Pouces-c-22-20.jpg;;;;;;;;
Ecran ordinateur LENOVO 24 Pouces L24;L24;170000;Ecran pc;https://ambulantenligne.com/10862/ecran-ordinateur-lenovo-24-Pouces-l24.jpg;;;;;;;;
Imprimante couleur HP OfficeJet Pro 7740;Pro 7740;254000;Imprimante Jet d'encre    ;https://ambulantenligne.com/10900/imprimante-couleur-hp-officejet-pro-7740.jpg;;;;;;;;
Imprimante Tout-en-un HP OfficeJet Pro 9023;Pro 9023;245000;Imprimante Jet d'encre    ;https://ambulantenligne.com/10902/imprimante-tout-en-un-hp-officejet-pro-9023.jpg;;;;;;;;
Unité centrale Lenovo  Dual Core 4GB-1 Tera V530 AZERTY;V530;270000;Unité centrale;https://ambulantenligne.com/11017/ordinateur-de-Bureau-lenovo-dual-core-4gb-1-tera-v530dc-azerty.jpg;;;;;;;;
Chaudière à  oeuf SonIFER SF-1502;SF-1502;11500;Appareil de Cuisson;https://ambulantenligne.com/10803/chaudiere-a-oeuf-Sonifer-sf-1502.jpg;;;;;;;;
Unité centrale Lenovo core i3 4GB-1Tera V50T AZERTY;V50T;273000;Unité centrale;https://ambulantenligne.com/11013/ordinateur-lenovo-core-i3-4gb-1tera-v50t-azerty-.jpg;;;;;;;;
Mixer/Blender Brushless industriel           9 programmes Compact 66;SANTOS_66;910000;Matériel de Cuisine;https://ambulantenligne.com/10810/mixerblender-brushless-industriel          -compact-66.jpg;;;;;;;;
"Smart Tv SAMSUNG 70"" 4K Crystal UHD AU7000";AU7000;680000;Accueil;https://ambulantenligne.com/10824/smart-Tv-samsung-70-4k-crystal-uhd-au7000.jpg;;;;;;;;
Ecran vidéo projecteur Electrique 2m/1.50;E 2m/1.50;105000;Ecran pc;https://ambulantenligne.com/10821/ecran-video-projecteur-electrique-2m150.jpg;;;;;;;;
"Smart Tv SAMSUNG 55"" 4K Crystal UHD 55AU7000";AU7000;340000;Accueil;https://ambulantenligne.com/10818/smart-Tv-samsung-55-4k-crystal-uhd-au7000.jpg;;;;;;;;
"Smart Tv SAMSUNG 50"" 4K Crystal UHD AU7000 avec support offert";AU7000;295000;Accueil;https://ambulantenligne.com/11156/smart-Tv-samsung-50-4k-crystal-uhd-au7000.jpg;;;;;;;;
Ecran vidéo projecteur Electrique 2m/2m;E 2m/2m;124900;Ecran pc;https://ambulantenligne.com/10823/ecran-video-projecteur-electrique-2m2m.jpg;;;;;;;;
Soudeuse de pot automatique industriel          le GS-220;GS-220;845000;Conditionnement;https://ambulantenligne.com/10846/soudeuse-de-pot-automatique-industriel          le-gs-220.jpg;;;;;;;;
"Smart Tv SAMSUNG 43"" crystal 4K UHD 43BU8000 (2022) avec support offert";BU8000;230000;Accueil;https://ambulantenligne.com/10838/smart-Tv-samsung-43-crystal-4k-uhd-43bu8000-2022.jpg;;;;;;;;
"Smart Tv SAMSUNG 85"" crystal 4K UHD 85BU8000 (2022)";BU8000;1325000;Accueil;https://ambulantenligne.com/10845/smart-Tv-samsung-85-crystal-4k-uhd-85bu8000-2022.jpg;;;;;;;;
Scanner HP 2500F1;2500F1;245000;Imprimante & SCANNER;https://ambulantenligne.com/10847/scanner-hp-2500f1.jpg;;;;;;;;
Unité centrale Lenovo  i5-10400 4GB 1Tera V50T;V50T;350000;Ordinateur Fixe;https://ambulantenligne.com/11015/ordinateur-de-Bureau-lenovo-i5-10400-4gb-1tera-v50t.jpg;;;;;;;;
Cuisinière ITIMAT 5 Feux  90/60 INOX 9020T;9020T;285000;5 Feux 90/60;https://ambulantenligne.com/10939/cuisiniere-itimat-5-Feux-a-chaleur-tournante-9060-inox-9020t.jpg;;;;;;;;
Cuisiniere ITIMAT 4 Feux 60/60 INOX 6020T;6020T;170000;4 Feux 60/60;https://ambulantenligne.com/10940/cuisiniere-itimat-4-Feux-a-chaleur-tournante-6060-inox-6020t.jpg;;;;;;;;
Machine à  glaçons SIMAG de 2500/1430/750 cubes pleins avec bac intégré;SCE40;800000;Froid;https://ambulantenligne.com/10943/machine-a-glacons-simag-de-25001430750-cubes-pleins-avec-bac-integre-sce40.jpg;;;;;;;;
Micro onde HISENSE 20 Litres H20MOWS1H;H20MOWS1H;45000;Moins de 25 Litres;https://ambulantenligne.com/10956/Micro-onde-hisense-20l-h20mows1h.jpg;;;;;;;;
Plaque Encastrable ELECTRON 5 Feux à  gaz miroir BL045;BL045;147500;5 Feux 90/60;https://ambulantenligne.com/10986/plaque-Encastrable-electron-5-Feux-a-gaz-miroir-bl045.jpg;;;;;;;;
Machine à  Café moulu 1;5L ROCH RCM-110P;RCM-110P;27500;Machine à Café;https://ambulantenligne.com/10989/machine-a-cafe-moulu-15l-roch-rcm-110p.jpg;;;;;;;
Ordinateur Bureau LENOVO 21 Pouces all in one CORE i3 V30A-22;V30A-22;400000;Ordinateur Fixe;https://ambulantenligne.com/11021/ordinateur-Bureau-lenovo-21-Pouces-all-in-one-core-i3-v30a-22.jpg;;;;;;;;
Ordinateur de Bureau LENOVO 23 Pouces all in one CORE i3 4GB-1 tera A340;A340;485000;Ordinateur Fixe;https://ambulantenligne.com/11022/ordinateur-de-Bureau-lenovo-23-Pouces-all-in-one-core-i3-4gb-1-tera-a340.jpg;;;;;;;;
Ordinateur de Bureau LENOVO 24 Pouces all in one CORE i5 4GB-1 tera A340;A340;540000;Ordinateur Fixe;https://ambulantenligne.com/11025/ordinateur-de-Bureau-lenovo-24-Pouces-all-in-one-core-i5-4gb-1-tera-a340.jpg;;;;;;;;
Vitrine à  pizza Panoramique chauffante 97 Litres RTR 97L;RTR 97L;360000;Matériel de Cuisine;https://ambulantenligne.com/11026/Vitrine-a-pizza-panoramique-chauffante-97-Litres-rtr-97l.jpg;;;;;;;;
Ensemble bols Plus couvercle en inox Penda Mbaye SBIPM-8;SBIPM-8;31000;Ustensile de Cuisine;https://ambulantenligne.com/11029/ensemble-bols-Plus-couvercle-en-inox-penda-mbaye-sbipm-8.jpg;;;;;;;;
Ordinateur de Bureau HP 24 Pouces tactiles  all in one CORE i5 8GB-1 tera HP 24-CR00250NH;HP 24-CR00250NH;665000;Ordinateur Portable;https://ambulantenligne.com/11035/ordinateur-de-Bureau-hp-24-Pouces-tactiles-all-in-one-core-i5-8gb-1-tera-df1103.jpg;;;;;;;;
Réfrigérateur à  gaz 295 Litres XCD-300;XCD-300;830000;Froid;https://ambulantenligne.com/11037/Réfrigerateur-a-gaz-295-Litres-xcd-300.jpg;;;;;;;;
Presse-agrumes professionnel SANTOS 30L/h NÂ°11 Electrique;SANTOS NÂ°11;350000;Matériel de Cuisine;https://ambulantenligne.com/13604/presse-agrumes-professionnel-santos-30lh-n11-electrique-.jpg;;;;;;;;
Glacière garde au frais KEEPCOLD 3 Litres GKC3G;GKC3G;12500;Ustensile de Cuisine;https://ambulantenligne.com/11051/glaciere-garde-au-frais-3-Litres-gkc3g.jpg;;;;;;;;
Unité centrale HP  Dual Core 4GB -500GB 1 Tera MT6300;MT6300 DC;124000;Unité centrale;https://ambulantenligne.com/11056/unite-centrale-hp-dual-core-4gb-500gb-1-tera-mt6300.jpg;;;;;;;;
Unité centrale HP Core i3 4GB -500GB 1 Tera MT6300;MT6300 i3;129900;Unité centrale;https://ambulantenligne.com/11057/unite-centrale-hp-core-i3-4gb-500gb-1-tera-mt6300.jpg;;;;;;;;
Unité centrale HP Core i5 4GB 500GB 1 Tera MT6300;MT6300 i5;184000;Unité centrale;https://ambulantenligne.com/11058/unite-centrale-hp-core-i5-4gb-500gb-1-tera-mt6300.jpg;;;;;;;;
Unité centrale HP Core i7 4GB 500GB 1 Tera MT6300;MT6300 i7;280000;Unité centrale;https://ambulantenligne.com/11059/unite-centrale-hp-core-i7-4gb-500gb-1-tera-mt6300.jpg;;;;;;;;
Unité centrale HP Prodesk 400 G1 Dual Core 4GB 500GB 1 Tera;PRODESK 400 DC;120000;Unité centrale;https://ambulantenligne.com/11060/unite-centrale-hp-prodesk-400-g1-dual-core-4gb-500gb-1-tera.jpg;;;;;;;;
Unité centrale HP Prodesk 400 G1 Core i3 4GB 500GB 1 Tera;PRODESK 400 i3;150000;Unité centrale;https://ambulantenligne.com/11061/unite-centrale-hp-prodesk-400-g1-core-i3-4gb-500gb-1-tera.jpg;;;;;;;;
Unité centrale HP Prodesk 400 G1 Core i5 4GB 500GB 1 Tera;Prodesk 400  i5;210000;Unité centrale;https://ambulantenligne.com/11064/unite-centrale-hp-prodesk-400-g1-core-i5-4gb-500gb-1-tera.jpg;;;;;;;;
Ordinateur de Bureau HP pavillon 27 Pouces tactiles all in one CORE i7 16GB-2 tera CB1157NH;CB1157NH;1100000;Ordinateur Portable;https://ambulantenligne.com/11066/ordinateur-de-Bureau-hp-pavillon-27-Pouces-tactiles-all-in-one-core-i7-16gb-2-tera-d1056.jpg;;;;;;;;
Ordinateur de Bureau HP 22 Pouces  all in one CORE i5 4GB-1tera HP-200-G4-I5;HP-200-G4-I5;535000;Ordinateur Portable;https://ambulantenligne.com/11071/ordinateur-de-Bureau-hp-22-Pouces-all-in-one-core-i5-4gb-1tera-hp-200-g4-i5.jpg;;;;;;;;
Chauffe eau VENUS 80 Litres 80VLX;80VLX;95000;50 - 80 Litres;https://ambulantenligne.com/11072/chauffe-eau-venus-80-Litres-80vlx.jpg;;;;;;;;
Réfrigérateur ROCH combiné 5 Tiroirs A+ 251L RFR-310DB-L;RFR-310DB-L;255000;201 - 350 Litres;https://ambulantenligne.com/11080/Réfrigerateur-roch-combine-5-Tiroirs-a-251l-rfr-310db-l.jpg;;;;;;;;
Réfrigérateur side by side  ROCH 518 Litres RFR-660SBW-L;;535000;Side by side & Multiportes;https://ambulantenligne.com/11083/Réfrigerateur-side-by-side-roch-518-Litres-rfr-660sbw-l.jpg;;;;;;;;
Réfrigérateur SHARP 2 portes 250 Litres no frost SJ-GN365HS2;SJ-GN365HS2;345000;Frigo 2 Portes;https://ambulantenligne.com/11084/Réfrigerateur-sharp-2-portes-250-Litres-no-frost-sj-gn365hs2.jpg;;;;;;;;
"Téléviseur LG 43"" Smart UHD 4K UP75 WebOS AI ThinQ avec support offert";43UP75;240000;Smart Tv 4K;https://ambulantenligne.com/11092/televiseur-lg-43-smart-uhd-4k-up75-webos-ai-thinq.jpg;;;;;;;;
Machine à  laver SAMSUNG 7kg WW70T3010BS;WW70T3010BS;270000;7 - 9 kg;https://ambulantenligne.com/15555/machine-a-laver-samsung-7kg-ww70t3010bs.jpg;;;;;;;;
Smart Tv SAMSUNG 50 Pouces UHD 4K UA50AU8000 avec support offert;UA50AU8000;304900;42 - 50 Pouces;https://ambulantenligne.com/11120/smart-Tv-samsung-50-Pouces-crystal-uhd-4k-50au8070.jpg;;;;;;;;
"Téléviseur SAMSUNG 75"" Smart Tv 4K Crystal UHD AU7000 avec support offert";AU7000;795000;Accueil;https://ambulantenligne.com/11155/televiseur-samsung-75-smart-4k-crystal-uhd-au7000.jpg;;;;;;;;
Mixer blender professionnel grande vitesse ELBEE 1;7 Litres LB-PRO-1 550W;LB-PRO-1;37500;Matériel industriel          ;https://ambulantenligne.com/11157/mixer-blender-professionnel-grande-vitesse-elbee-17-Litres-lb-pro-1-550w.jpg;;;;;;;
Mixeur blender professionnel grande vitesse ELBEE 1;7 Litres LB-PRO-2 550W;LB-PRO-2;43500;Matériel industriel          ;https://ambulantenligne.com/11158/mixeur-blender-professionnel-grande-vitesse-elbee-17-Litres-lb-pro-2-550w.jpg;;;;;;;
Mixeur blender professionnel grande vitesse ELBEE 1;7 Litres LB-PRO-4 750W;LB-PRO-4;45000;Mixeur & Jus;https://ambulantenligne.com/11159/mixeur-blender-professionnel-grande-vitesse-elbee-17-Litres-lb-pro-4-750w.jpg;;;;;;;
Mixeur blender professionnel grande vitesse ELBEE 1;7 Litres LB-PRO-5 750W;LB-PRO-5;47500;Mixeur & Jus;https://ambulantenligne.com/11160/mixeur-blender-professionnel-grande-vitesse-elbee-17-Litres-lb-pro-5-750w.jpg;;;;;;;
Mixeur blender professionnel grande vitesse ELBEE 1;7 Litres LB-PRO-3 550W;LB-PRO-3;45000;Mixeur & Jus;https://ambulantenligne.com/11161/mixeur-blender-professionnel-grande-vitesse-elbee-17-Litres-lb-pro-3-550w.jpg;;;;;;;
"Smart Tv SAMSUNG 65"" 4K Crystal UHD AU7000 avec support offert";AU7000;425000;Accueil;https://ambulantenligne.com/11166/smart-Tv-samsung-65-4k-crystal-uhd-au7000.jpg;;;;;;;;
Cuisinière ASTECH 60/60 3  à gaz  + 1 Electrique EL31GEL;EL31GEL;175000;4 Feux 60/60;https://ambulantenligne.com/11173/cuisiniere-astech-4-Feux-3-gaz-1-electrique-6060-.jpg;;;;;;;;
Cuisinière ASTECH Electrique 4 Feux 60/60 EL04ELE;EL04ELE;240000;4 Feux 60/60;https://ambulantenligne.com/11174/cuisiniere-astech-4-Feux-electrique-6060-.jpg;;;;;;;;
Cuisinière ASTECH 6 Feux 4 gaz + 2 Electriques 90/60 EL42GEL;EL42GEL;292500;6 Feux 90/60;https://ambulantenligne.com/11175/cuisiniere-astech-6-Feux-4-gaz-2-electriques-9060-.jpg;;;;;;;;
Réfrigérateur bar ASTECH 1 porte  marron FB-112WG;FB-112WG;87500;Réfrigerateur Bar;https://ambulantenligne.com/11581/frigo-bar-astech-1-porte-marron.jpg;;;;;;;;
Plaque Encastrable  à gaz  ASTECH 60/60 PL60GA20GRN;PL60GA20GRN;90000;4 Feux 60/60;https://ambulantenligne.com/11181/plaque-Encastrable-astech-4-Feux-a-gaz-inox.jpg;;;;;;;;
Plaque Encastrable ASTECH Electrique 4 Feux PL60CE500NO;PL60CE500NO;237500;4 Feux 60/60;https://ambulantenligne.com/11182/plaque-de-cuisSon-astech-electrique-4-Feux-pl60ce500no.jpg;;;;;;;;
Mijoteuse Multifonctions SENCOR SPR-6100BK;SPR-6100BK;75000;Matériel de Cuisine;https://ambulantenligne.com/11191/mijoteuse-multifonctions-sencor-spr-6100bk.jpg;;;;;;;;
Chaudière de Conservation SENCOR SPP-2100WH;SPP-2100WH;67500;Petit électro;https://ambulantenligne.com/11194/chaudiere-de-conservation-sencor-spp-2100wh.jpg;;;;;;;;
Machine à  laver SAMSUNG 9Kg WW90T3040WW;WW90T3040WW;355000;7 à  9 kg;https://ambulantenligne.com/11198/machine-a-laver-samsung-9kg-a-ww90t3040ww.jpg;;;;;;;;
Réfrigérateur ASTECH Réfrigerateur Mini BAR FB50WG;FB50WG;65000;Réfrigerateur Mini BAR;https://ambulantenligne.com/11210/Réfrigerateur-astech-mini-bar-fb50wg.jpg;;;;;;;;
Réfrigérateur  ASTECH side by side 3 portes FC400TD-AM;FC400TD-AM;420000;Side by side & Multiportes;https://ambulantenligne.com/11237/astech-.jpg;;;;;;;;
MiniFour Electrique ASTECH 32 Litres PL32IGDL;PL32IGDL;65000;Micro-onde;https://ambulantenligne.com/11261/mini-four-electrique-astech-32-Litres-pl32igdl-.jpg;;;;;;;;
Marmite à  vapeur 30 cm MAVAP32;MAVAP32;19900;Ustensile de Cuisine;https://ambulantenligne.com/11274/marmite-a-vapeur-32-cm-mavap32.jpg;;;;;;;;
Hachoir - Coupe légumes Sonifer SF-5505;SF-5505;27500;Robot de Cuisine;https://ambulantenligne.com/11275/hachoir-coupe-legumes-Sonifer-sf-5505.jpg;;;;;;;;
Hachoir à  viande SonIFER moteur en cuivre 2000 W SF-5006;SF-5006;69900;Robot de Cuisine;https://ambulantenligne.com/11276/hachoir-a-viande-Sonifer-moteur-en-cuivre-2000-w-sf-5006.jpg;;;;;;;;
Fer à  repasser à  vapeur PHILIPS 2000W GC1740;GC1740;18000;Repassage;https://ambulantenligne.com/11297/fer-a-repasser-a-vapeur-philips-2000w-gc1740.jpg;;;;;;;;
Micro onde Encastrable ASTECH 34 Litres MO34FZ-NT;MO34FZ-NT;200000;25 à  40 Litres;https://ambulantenligne.com/11300/Micro-onde-Encastrable-astech-34-Litres-mo34fz-nt.jpg;;;;;;;;
Four Encastrable Electrique ASTECH 90/60 FO90EL-913MA;FO90EL-913MA;250000;Four Electrique 90Cm;https://ambulantenligne.com/11302/four-Encastrable-electrique-astech-9060-fo90el-913ma.jpg;;;;;;;;
Four Encastrable ASTECH  à gaz  60cm FO60GZ-575ER;FO60GZ-575ER;205000;Four à Gaz 60cm;https://ambulantenligne.com/11304/four-Encastrable-astech-a-gaz-60cm-fo60gz-575er.jpg;;;;;;;;
"Smart Tv SHARP 70"" Android 4K Ultra HD 4T-C70BK1X";4T-C70BK1X;735000;55 Pouces & Plus;https://ambulantenligne.com/11307/smart-Tv-sharp-70-android-4k-ultra-hd-4t-c70bk1x.jpg;;;;;;;;
Téléphone SAMSUNG GALAXY A04e Mémoire 128Go Ram 4Go Ecran 6.5â³ Photo 13Mpx;GALAXY A04e-128GO;65000;Accueil;https://ambulantenligne.com/11322/telephone-samsung-galaxy-a04e-memoire-32go-ram-3go-ecran-65-photo-13mpx.jpg;;;;;;;;
Friteuse Electrique professionnelle OZTI 2 compartiments 10 Litres Inox;7856.EF10D.S0;814000;Cuisine;https://ambulantenligne.com/11337/friteuse-electrique-professionnelle-ozti-2-compartiments-10-Litres-inox-.jpg;;;;;;;;
Réfrigérateur Vitrine SMART TECHNOLOGY 1 porte 242 Litres STCD 1288;STCD 1288;372500;Moins de 250 Litres;https://ambulantenligne.com/11363/Réfrigerateur-Vitrine-smart-technology-1-porte-169-Litres-stcdv-483.jpg;;;;;;;;
Congélateur Vitrine SMART TECHNOLOGY 600 Litres 757 STCCV;757 STCCV;294900;501 Litres & Plus;https://ambulantenligne.com/12604/Congélateur-Vitrine-smart-technology-336-Litres-517li-stccv.jpg;;;;;;;;
Split SMART TECHNOLOGY 3CV 24000 BTU R410 STS-24 SMARTY;STS-24 SMARTY;270000;24.000 BTU/3CV;https://ambulantenligne.com/11371/split-smart-technology-3cv-24000-btu-r410-splsma24-24000bt.jpg;;;;;;;;
Fer à  repasser Philips vapeur 2000W EasySpeed GC1756;GC1756;23000;Repassage;https://ambulantenligne.com/11382/fer-a-repasser-philips-vapeur-2000w-easyspeed-gc1756.jpg;;;;;;;;
Réfrigérateur HISENSE Bar Vitrine 94 Litres RJ-12D4NX;RJ-12D4NX;145000;Moins de 100 Litres;https://ambulantenligne.com/11580/Réfrigerateur-hisense-bar-Vitrine-94-Litres-rj-12d4nx.jpg;;;;;;;;
Aspirateur PANASonIC 6L 1900W MC-CG711;MC-CG711;87500;Aspirateur;https://ambulantenligne.com/11398/Aspirateur-panaSonic-6l-1900w-mc-cg711.jpg;;;;;;;;
ReFroidisseur d'air Bajaj antibactà©rien 55 Litres blanc DC 55 DLX;DC 55 DLX;125000;VENTILO A EAU;https://ambulantenligne.com/11404/reFroidisseur-d-air-bajaj-antibacterien-55-Litres-blanc-dc-55-dlx.jpg;;;;;;;;
Support Tv mural 14 à  42 Pouces TNT STAR B27;B27;3000;Accessoires Tv;https://ambulantenligne.com/11433/support-Tv-mural-14-a-42-Pouces-tnt-star-b27.jpg;;;;;;;;
Support Tv mural jusqu'à  55 Pouces C45;T50;5000;Accessoires Tv;https://ambulantenligne.com/11434/support-Tv-mural-jusqu-a-55-Pouces-c45.jpg;;;;;;;;
Support Tv mural fixe jusqu'à  65 Pouces C55;C55;10000;Accessoires Tv;https://ambulantenligne.com/11435/support-Tv-mural-fixe-jusqu-a-65-Pouces-c55.jpg;;;;;;;;
Support Tv mural pivotant jusqu'à  55 Pouces TG400;TG400;8000;Accessoires Tv;https://ambulantenligne.com/11436/support-Tv-mural-pivotant-jusqu-a-55-Pouces-tg400.jpg;;;;;;;;
Cuisinière ROCH 4 Feux à  gaz 50/50 couvercle normal RGC-50 Silver;RGC-50;95000;4 Feux 50/50;https://ambulantenligne.com/11475/cuisiniere-roch-4-Feux-a-gaz-5050-couvercle-normal-rgc-50-silver.jpg;;;;;;;;
Congélateur ASTECH horizontal  CH800GM;CH800GM;405000;501 Litres & Plus;https://ambulantenligne.com/11488/Congélateur-astech-horizontal-ch800gm.jpg;;;;;;;;
Machine à  laver SHARP 10.5kg lavante 7kg séchante ES-DP1054KJZ-S;ES-DP1054KJZ-S;420000;10 kg & Plus;https://ambulantenligne.com/11492/machine-a-laver-sharp-10kg-lavante-7kg-sechante-es-dp1054kjz-s.jpg;;;;;;;;
Congélateur ROCH Horizontal 180 Litres RCF-210-B;RCF-210-B;140000;Accueil;https://ambulantenligne.com/11503/Congélateur-roch-horizontal-180-lettres-rcf-210-b.jpg;;;;;;;;
Congélateur ROCH Horizontal 327L RCF-400-G;RCF-400-G;220000;251 - 500 Litres;https://ambulantenligne.com/12040/Congélateur-roch-horizontal-327l-rcf-400.jpg;;;;;;;;
Congélateur Horizontal ROCH 580 Litres RCF-580-G;RCF-580-G;300000;501 Litres & Plus;https://ambulantenligne.com/11506/Congélateur-horizontal-roch-rcf-580.jpg;;;;;;;;
Réfrigérateur Vitrine SOLSTAR 198 Litres VC2500ASS;VC2500ASS;235000;Moins de 250 Litres;https://ambulantenligne.com/11511/Réfrigerateur-Vitrine-solstar-198-Litres-vc2500ass.jpg;;;;;;;;
Réfrigérateur Vitrine SOLSTAR 288 Litres VC3300ASS;VC3300ASS;290000;251 à  400 Litres;https://ambulantenligne.com/11513/Réfrigerateur-Vitrine-solstar-288-Litres-vc3300ass.jpg;;;;;;;;
Réfrigérateur Vitrine SOLSTAR 508 Litres VC6500ASS;VC6500ASS;575000;400 Litres et Plus;https://ambulantenligne.com/11515/Réfrigerateur-Vitrine-solstar-508-Litres-vc6500ass.jpg;;;;;;;;
Réfrigerateur combiné SMART TECHNOLOGY 3 Tiroirs 186L STCB- 277H;RT22;302500;201 - 350 Litres;https://ambulantenligne.com/11517/Réfrigerateur-samsung-2-portes-236-Litres-digital-inverter-rt22fgradb1st.jpg;;;;;;;;
Réfrigerateur Samsung 2 portes 256 Litres digital Inverter RT25FGRADSA/ST;RT25FGRADSA/ST;350000;201 - 350 Litres;https://ambulantenligne.com/11520/Réfrigerateur-samsung-2-portes-256-Litres-digital-inverter-rt25fgradsast.jpg;;;;;;;;
Machine à  Café PHILIPS 1.2L HD7462 Noir;HD7462;35000;Petit électro;https://ambulantenligne.com/11551/machine-a-cafe-philips-12l-hd7462-noir.jpg;;;;;;;;
Split HAIER INVERTER 1.25CV 9000BTU HSU09TCR1;HSU09TCR1;170000;Accueil;https://ambulantenligne.com/11576/split-haier-inverter-125cv-9000btu-hsu09tcr1.jpg;;;;;;;;
Split HAIER INVERTER 1.5CV 12000BTU HSU12TCR1;HSU12TCR1;205000;12.000 Btu/1.5Cv;https://ambulantenligne.com/11577/split-haier-inverter-15cv-12000btu-hsu12tcr1.jpg;;;;;;;;
Split HAIER inverter 18000 btu 2.5CV HSU18TCSR1;HSU18TCSR1;275000;18.000 BTU/2CV;https://ambulantenligne.com/11578/split-haier-inverter-25cv-18000btu-hsu18tcsr1.jpg;;;;;;;;
"Téléviseur LG 65"" Smart UHD 4K UQ75 AI ThinQ";65UQ75;450000;55 Pouces & Plus;https://ambulantenligne.com/11590/televiseur-lg-65-smart-uhd-4k-uq75-ai-thinq.jpg;;;;;;;;
Smart Tv LG 43 Pouces Full HD 43LM6370PVA;43LM6370PVA;190000;Tv & Son;https://ambulantenligne.com/14420/televiseur-lg-43-smart-full-hd-43lm6370pva.jpg;;;;;;;;
"Téléviseur LG 50"" Smart UHD 4K UP7550 AI Think avec support offert";43UP7550;285000;Smart Tv 4K;https://ambulantenligne.com/11592/televiseur-lg-50-smart-uhd-4k-up7550-ai-think.jpg;;;;;;;;
Split HISENSE Inverter 24000BTU / 3CV AS-24TR4SMATG R410A;AS-24TR4SMATG;350000;24.000 BTU/3CV;https://ambulantenligne.com/11618/split-hisense-inverter-24000btu-3cv-as-24tr4smatg-r410a.jpg;;;;;;;;
Réfrigérateur SMART TECHNOLOGY Side by side 2 portes STR757;STR757;405000;Side by side & Multiportes;https://ambulantenligne.com/11626/Réfrigerateur-smart-technology-side-by-side-2-portes-str757.jpg;;;;;;;;
"Téléviseur HISENSE 50"" Smart Tv 4K UHD VIDAA 50A6K avec support offert";50A6K;220000;42 - 50 Pouces;https://ambulantenligne.com/11635/televiseur-hisense-50-smart-4k-uhd-vidaa-50a6k.jpg;;;;;;;;
"Téléviseur HISENSE 55"" Smart Tv 4K VIDAA 55A6M";55A6M;250000;Accueil;https://ambulantenligne.com/11873/televiseur-hisense-55-smart-4k-vidaa-55a6m-.jpg;;;;;;;;
"Téléviseur LG 70"" NanoCell 4K Ultra HD 70NANO75";70NANO75;680000;Nanocell Tv;https://ambulantenligne.com/11658/televiseur-lg-70-nanocell-4k-ultra-hd-70nano75-.jpg;;;;;;;;
"Téléviseur TCL 75"" Smart Tv 4K Android HDR 75P755";75P755;485000;Smart Tv;https://ambulantenligne.com/11677/televiseur-tcl-75-smart-4k-android-hdr-75p755.jpg;;;;;;;;
Réfrigérateur 2 Portes  SOLSTAR RF297K-TDSLVSS;RF297K-TDSLVSS;180000;Frigo 2 Portes;https://ambulantenligne.com/11678/Réfrigerateur-2-portes-solstar-rf297k-tdslvss.jpg;;;;;;;;
Réfrigérateur combiné SOLSTAR 5 Tiroirs RF347K-BDSLVSS;RF347K-BDSLVSS;270000;Frigo combiné;https://ambulantenligne.com/11683/Réfrigerateur-combine-solstar-5-Tiroirs-rf347k-bdslvss.jpg;;;;;;;;
Machine à  laver SHARP 7kg semi automatique ES-T75X-WN-BK;ES-T75X-WN-BK;135000;Accueil;https://ambulantenligne.com/11692/machine-a-laver-sharp-7kg-semi-automatique-es-t75x-wn-bk.jpg;;;;;;;;
Machine à  laver CANDY 9KG 1200 tours/min CS1292DE;CS1292DE;250000;Lave-linge;https://ambulantenligne.com/11694/machine-a-laver-candy-9kg-1200-toursmin-cs1292de-.jpg;;;;;;;;
Téléphone SAMSUNG GALAXY A54 Mémoire 256Go Ram 8Go Ecran 6;4'' Photo 50Mpx;A54;200000;Accueil;https://ambulantenligne.com/11698/telephone-samsung-galaxy-a54-memoire-256go-ram-8go-ecran-64-photo-50mpx.jpg;;;;;;;
"Téléviseur TCL 65"" Smart Android 4K P635";65P635;345000;Accueil;https://ambulantenligne.com/11733/televiseur-tcl-65-smart-android-4k-p635.jpg;;;;;;;;
"Téléviseur TCL 55"" Smart Android 4K P635";55P635;240000;Accueil;https://ambulantenligne.com/11734/televiseur-tcl-55-smart-android-4k-p635.jpg;;;;;;;;
Bouilloire Electrique SMART TECHNOLOGY 1.8L Litres STPE-249G GOLD;STPE-249G GOLD;6000;Accueil;https://ambulantenligne.com/11738/bouilloire-electrique-smart-technology-18l-Litres-stpe-249g-gold.jpg;;;;;;;;
Mixeur / Blender SMART TECHNOLGY 1.5L 400W STPE-1020B;STPE-1020B;10000;Mixeur & Jus;https://ambulantenligne.com/11747/mixeur-blender-smart-technolgy-15l-400w-stpe-1020b.jpg;;;;;;;;
Rà©gulateur de tension SMART TECHNOLOGY 1000Va AVR-1000Va;AVR-1000Va;15000;500 - 1000Va;https://ambulantenligne.com/11749/regulateur-de-tension-smart-technology-1000Va-avr1000Va.jpg;;;;;;;;
Fontaine à  eau SMART TECHNOLOGY 2 sorties avec Rangement STF-1217;STF-1217;55000;Sans Frigo;https://ambulantenligne.com/11753/fontaine-a-eau-smart-technology-2-sorties-avec-rangement-stf1217.jpg;;;;;;;;
Home Cinéma SMART TECHNOLOGY STH-7818;STH-7818;35000;Home-cinéma;https://ambulantenligne.com/11758/home-cinema-smart-technology-sth-7818.jpg;;;;;;;;
"Ventilateur SMART TECHNOLOGY industriel           sur pied 30"" STv-3001";STv-3001;50000;Matériel industriel          ;https://ambulantenligne.com/11759/Ventilateur-smart-technology-industriel          -sur-pied-30-sTv-3001.jpg;;;;;;;;
Mixeur SMART TECHNOLOGY Multifonction STPE-360;STPE-360;37500;Robot de Cuisine;https://ambulantenligne.com/11760/mixeur-smart-technology-multifonction-stpe-360.jpg;;;;;;;;
Micro onde Smart Technology 20 Litres gris STMW-20M;STMW-20M;39900;Accueil;https://ambulantenligne.com/11764/Micro-onde-smart-technology-20-Litres-silver-stmw-20m.jpg;;;;;;;;
Split SMART TECHNOLOGY INVERTER 18000 BTU R410 MATRIX STS-18;MATRIX  STS-18;237500;Split/Clim Inverter;https://ambulantenligne.com/11765/split-smart-technology-inverter-18000-btu-r410-matrix-sts-18.jpg;;;;;;;;
Chauffe eau SMART TECHNOLOGY 80 Litres STCE-80L;STCE-80L;87000;50 - 80 Litres;https://ambulantenligne.com/11767/chauffe-eau-smart-technology-80-Litres-stce-80l.jpg;;;;;;;;
Réfrigerateur SMART TECHNOLOGY 2 portes 138 Litres silver STR160H;STR160H;165000;Accueil;https://ambulantenligne.com/11766/Réfrigerateur-smart-technology-2-portes-138-Litres-silver-str160h.jpg;;;;;;;;
Réfrigerateur SMART TECHNOLOGY bar 1 porte silver STR90H;STR90H;80000;Accueil;https://ambulantenligne.com/11797/Réfrigerateur-smart-technology-bar-1-porte-silver-str90h.jpg;;;;;;;;
Chauffe eau SMART TECHNOLOGY 50 Litres STCE-50L;STCE-50L;68500;50 - 80 Litres;https://ambulantenligne.com/11769/chauffe-eau-smart-technology-50-Litres-stce-50l.jpg;;;;;;;;
Réfrigérateur  SMART TECHNOLOGY 3 portes 193 Litres STCB-301F;STCB-301F;185000;Moins de 200 Litres;https://ambulantenligne.com/11770/Réfrigerateur-smart-technology-3-portes-193-Litres-stcb-301f.jpg;;;;;;;;
Réfrigérateur  SMART TECHNOLOGY combiné 3 Tiroirs 227 Litres STCB-303m;STCB-303m;169900;201 - 350 Litres;https://ambulantenligne.com/11774/Réfrigerateur-smart-technology-combine-3-Tiroirs-227-Litres-stcb-303m.jpg;;;;;;;;
Réfrigérateur SMART TECHNOLOGY 2 Portes 200 Litres STR-288F;STR-288F;147500;Frigo 2 Portes;https://ambulantenligne.com/11782/Réfrigerateur-smart-technology-2-portes-200-Litres-str-288f.jpg;;;;;;;;
Micro onde HISENSE 25 Litres H25MOBS7H;H25MOBS7H;67500;Micro-onde;https://ambulantenligne.com/11790/Micro-onde-hisense-20l-h20mows1h.jpg;;;;;;;;
Micro onde HISENSE 30 Litres H30MAMANS9H;H30MAMANS9H;75000;Micro-onde;https://ambulantenligne.com/11792/Micro-onde-hisense-30-Litres-h30mamans9h.jpg;;;;;;;;
Micro onde HISENSE 36 Litres H36MOMMI;H36MOMMI;98500;Micro-onde;https://ambulantenligne.com/11795/Micro-onde-hisense-36-Litres-h36mommi.jpg;;;;;;;;
Téléviseur ASTECH 85 Pouces Google Tv 4K 85GT3022;85GT3022;760000;Qled Tv;https://ambulantenligne.com/11804/televiseur-astech-85-Pouces-android-Qled-85zx500qd.jpg;;;;;;;;
Friteuse à  air PHILIPS Electrique 4.1L /0.8kg HD9252;HD9252;75000;Appareil de Cuisson;https://ambulantenligne.com/11818/friteuse-a-air-philips-electrique-41l-08kg-hd9252.jpg;;;;;;;;
Machine a laver Samsung 18KG TOP LOADER Noir WA18T6260BV;WA18T6260BV;480000;10 kg et Plus;https://ambulantenligne.com/11842/machine-a-laver-samsung-18kg-top-loader-noir-wa18t6260bv.jpg;;;;;;;;
"Téléviseur SAMSUNG 43"" SMART UHD 4K AU7700";AU7700;195000;Accueil;https://ambulantenligne.com/11862/televiseur-samsung-43-smart-uhd-4k-au7700.jpg;;;;;;;;
"Téléviseur SAMSUNG 55"" SMART UHD 4K AU7700";AU7700;334900;Accueil;https://ambulantenligne.com/11863/televiseur-samsung-55-smart-uhd-4k-au7700.jpg;;;;;;;;
"Téléviseur SAMSUNG 65"" SMART UHD 4K AU7700 avec support offert";AU7700;465000;Accueil;https://ambulantenligne.com/11866/televiseur-samsung-65-smart-uhd-4k-au7700.jpg;;;;;;;;
"Téléviseur SAMSUNG 75"" SMART UHD 4K AU7700 avec support offert";AU7700;790000;Accueil;https://ambulantenligne.com/11869/televiseur-samsung-75-smart-uhd-4k-au7700.jpg;;;;;;;;
"TELEVISEUR HISENSE 58"" Smart Tv 4K VIDAA 58A6H";58A6H;270000;Accueil;https://ambulantenligne.com/11872/televiseur-hisense-58-smart-4k-vidaa-58a6h.jpg;;;;;;;;
Four Encastrable  à gaz  ENDURO 66L 60X60 NOIR OBG2BL;MFA627B;190000;Four à Gaz 60cm;https://ambulantenligne.com/15888/four-Encastrable-electrique-enduro-71l-60x60-7fonctions-noir-mfa627b.jpg;;;;;;;;
Réfrigérateur ENDURO 2 Portes 436 Litres A+ SIlver RDS550;RDS550;285000;Frigo 2 Portes;https://ambulantenligne.com/13331/Réfrigerateur-enduro-2-portes-436-Litres-a-silver-rds550.jpg;;;;;;;;
Table à  manger 6 Places 80X140 Pied en Metal Couleure  blanc-vert MOUST-A50;MOUST-A50;215000;Chaise;https://ambulantenligne.com/11912/table-a-manger-6-places-80x140-pied-en-metal-couleure-blanc-vert-moust-a50.jpg;;;;;;;;
Table à  manger 6 Places 80X140 Pied en Metal Couleure Blanc-Gris MOUST-A70;MOUST-A70;215000;Chaise;https://ambulantenligne.com/11915/table-a-manger-6-places-80x140-pied-en-metal-couleure-blanc-gris-moust-a70.jpg;;;;;;;;
Table à  manger 4 Places Metal Couleure Marron ALAST-T4C;ALAST-T4C;87500;Chaise;https://ambulantenligne.com/11916/table-a-manger-4-places-metal-couleure-marron-ds022.jpg;;;;;;;;
"Smart Tv SAMSUNG 55"" 4K Crystal UHD 2023 CU7000";CU7000;334900;Accueil;https://ambulantenligne.com/11926/smart-Tv-samsung-55-4k-crystal-uhd-2023-cu7000.jpg;;;;;;;;
"Smart Tv SAMSUNG 65"" 4K Crystal UHD 2023 CU7000";CU7000;422000;Accueil;https://ambulantenligne.com/11930/smart-Tv-samsung-65-4k-crystal-uhd-2023-cu7000.jpg;;;;;;;;
"Smart Tv SAMSUNG 75"" 4K Crystal UHD 2023 CU7000";CU7000;640000;Accueil;https://ambulantenligne.com/11932/smart-Tv-samsung-75-4k-crystal-uhd-2023-cu7000.jpg;;;;;;;;
"Smart Tv SAMSUNG 85"" 4K Crystal UHD BU8070";85BU8070;1300000;Smart Tv 4K;https://ambulantenligne.com/11934/smart-Tv-samsung-85-4k-crystal-uhd-bu8070-.jpg;;;;;;;;
Plaque Encastrable HISENSE 4 Feux 60x60 HHU60GAGR;HHU60GAGR;92500;Accueil;https://ambulantenligne.com/11943/-plaque-Encastrable-hisense-4-Feux-a-gaz-60x60-hhu60gagr.jpg;;;;;;;;
Machine a laver LG 9KG Inverter A+++  F4R3VYG6P;F4R3VYG6P;350000;Accueil;https://ambulantenligne.com/15945/machine-a-laver-lg-9kg-inverter-a-f4r3vyg6p.jpg;;;;;;;;
Table d'appoint ronde au style moderne en Chataigne foncé DAMAI117;DAMAI117/131080;30000;Accueil;https://ambulantenligne.com/12003/table-dappoint-ronde-au-style-moderne-en-chataigne-fonce-damai117.jpg;;;;;;;;
Table basse SANDRA lot de 2 Chaine   102;SANDRA102/132055;85000;;https://ambulantenligne.com/12004/tables-basse-sandra-lot-de-2-chene-102.jpg;;;;;;;;
Salamandre Grill Electrique REMTA SCE3;REMTA SCE3;315000;Cuisine;https://ambulantenligne.com/12017/hachoir-electrique-king-style-12-Litres-zs-g56.jpg;;;;;;;;
Balance numà©rique professionnelle ANMECS 30kg pour viande et fruits;;45000;Petit électro;https://ambulantenligne.com/12019/balance-numerique-professionnelle-anmecs-30kg-pour-viande-et-fruits.jpg;;;;;;;;
Grill panini REMTA electrique à  pression R80 2 postes;R80;195000;Petit électro;https://ambulantenligne.com/12023/grill-panini-remta-a-gaz-pression-r80-2-postes.jpg;;;;;;;;
Moulin à  grains professionnel Electrique 2Kg;;190000;Robot de Cuisine;https://ambulantenligne.com/12025/moulin-a-grains-professionnel-electrique-2kg.jpg;;;;;;;;
Moulin à  farine de blà©; maà¯s - Machine de Meunerie  9FC2018;9FC2018;265000;Cuisine;https://ambulantenligne.com/12027/moulin-a-farine-de-ble-mais-machine-de-meunerie-9fc2018.jpg;;;;;;;
Smart Tv LG 32 Pouces Full HD Android 32LQ630B;32LQ630B;120000;Tv & Son;https://ambulantenligne.com/12037/televiseur-lg-32-smart-full-hd-32lq630b.jpg;;;;;;;;
"Téléviseur LG 55"" Smart UHD 4K UQ75 AI ThinQ";UQ75;322500;Smart Tv 4K;https://ambulantenligne.com/12034/televiseur-lg-55-smart-uhd-4k-uq75-ai-thinq.jpg;;;;;;;;
Table basse ronde JACOBY 109 cacao;JACOBY 109/133050;80000;;https://ambulantenligne.com/12041/table-basse-ronde-jacoby-109-cacao.jpg;;;;;;;;
Table de chevet DUBLIN avec serrure à  clé-Sonoma Dark;DUBLIN/151020;45000;;https://ambulantenligne.com/12042/table-de-chevet-dublin-avec-serrure-a-cle-Sonoma-dark.jpg;;;;;;;;
Table de chevet DUBLIN avec serrure à  clé - Ligne grise;DUBLIN/15102;47500;;https://ambulantenligne.com/12043/table-de-chevet-dublin-avec-serrure-a-cle-ligne-grise.jpg;;;;;;;;
Ensemble Canapé Dacia de couleur Chatain foncé 112+1 117;Dacia/230024;245000;;https://ambulantenligne.com/12044/ensemble-canape-dacia-de-couleur-chatain-fonce-1121-117-.jpg;;;;;;;;
Chaise en bois massif /Banc de jardin SURIA 1.1M+117;SURIA 117/243021;110000;;https://ambulantenligne.com/12045/Chaise-en-bois-massif-banc-de-jardin-suria-11m117.jpg;;;;;;;;
Banquette DATSUN 2 places Banc d'extérieur en métal;DATSUN/244001;80000;;https://ambulantenligne.com/12046/banquette-datsun-2-places-banc-d-exterieur-en-metal.jpg;;;;;;;;
Banquette HAMIDA 1 places Banc d'extérieur Marron antique;HAMIDA/272001;60000;;https://ambulantenligne.com/12047/banquette-hamida-1-places-banc-d-exterieur-marron-antique.jpg;;;;;;;;
Banquette HAMIDA 2 places Banc d'extérieur Marron antique;HAMIDA/274003;75000;;https://ambulantenligne.com/12049/banquette-hamida-2-places-banc-d-exterieur-marron-antique.jpg;;;;;;;;
Minichaine LG 40W USB; carte SD; entrée portable LK72B;LK72B;74900;Hi-Fi System;https://ambulantenligne.com/12061/mini-chaine-lg-40w-usb-carte-sd-entree-portable-lk72b.jpg;;;;;;
Micro onde LG 20 Litres MS2042DB Noir;MS2042DB;77500;Accueil;https://ambulantenligne.com/12065/Micro-onde-lg-20-Litres-ms2042db-noir.jpg;;;;;;;;
Meuble Tv Moderne Belden 1.8m Cocoa Brown;Belden/336019;90000;Accessoires;https://ambulantenligne.com/12084/meuble-Tv-moderne-belden-18m-cocoa-brown-.jpg;;;;;;;;
Meuble Tv DAYTON 1.8m  Noyer;DAYTON/336026;75000;;https://ambulantenligne.com/12088/meuble-Tv-dayton-18m-noyer.jpg;;;;;;;;
Meuble Tv Moderne MANDO 1;8M 173/171;MANDO173/171/336045;95000;;https://ambulantenligne.com/12089/meuble-Tv-moderne-mando-18m-173171.jpg;;;;;;;
Meuble de Rangement CHICAGO Haute Diviseur Chaine   HANA;CHICAGO/511019;50000;Meuble de Rangement;https://ambulantenligne.com/12091/meuble-de-rangement-chicago-haute-diviseur-chene-hana.jpg;;;;;;;;
Meuble de Rangement CHICAGO Moyen Diviseur Chaine   HANA;CHICAGO/511020;45000;Meuble de Rangement;https://ambulantenligne.com/12092/meuble-de-rangement-chicago-moyen-diviseur-chene-hana.jpg;;;;;;;;
Meuble de Rangement CHICAGO Bas Diviseur Chaine   HANA;CHICAGO/511021;35000;Meuble de Rangement;https://ambulantenligne.com/12093/meuble-de-rangement-chicago-bas-diviseur-chene-hana.jpg;;;;;;;;
Coffre de rangement NOEMI 3 portes avec serrure  Blanc;NOEMI/511038;70000;Meuble de Rangement;https://ambulantenligne.com/12094/-coffre-de-rangement-noemi-3-portes-avec-serrure-blanc.jpg;;;;;;;;
Coffre de rangement NOEMI 6 portes avec serrure Blanc;NAOMI /512035;80000;Meuble de Rangement;https://ambulantenligne.com/12095/-coffre-de-rangement-noemi-6-portes-avec-serrure-blanc.jpg;;;;;;;;
Armoir Classeur HAVIR avec porte en verre Blanc;HAVIR/522023;110000;Meuble de Rangement;https://ambulantenligne.com/12096/armoir-classeur-havir-avec-porte-en-verre-blanc.jpg;;;;;;;;
Armoir Classeur HAVIR Blanc;HAVIR/522027;87500;Meuble de Rangement;https://ambulantenligne.com/12098/armoir-classeur-havir-blanc.jpg;;;;;;;;
Armoir Classeur HAVIR avec Dual porte en verre  Blanc;HAVIR/523031;140000;Meuble de Rangement;https://ambulantenligne.com/12099/armoir-classeur-havir-avec-dual-porte-en-verre-blanc.jpg;;;;;;;;
Porte Assiettes à  deux niveaux ARIF;ARIF/5607007;25000;Ustensile de Cuisine;https://ambulantenligne.com/12100/porte-assiettes-a-deux-niveaux-arif.jpg;;;;;;;;
Porte Assiettes à  Trois niveaux ARIF;ARIF/5607008;30000;Ustensile de Cuisine;https://ambulantenligne.com/12102/porte-assiettes-a-trois-niveaux-arif.jpg;;;;;;;;
Super Lit HIRADO simple avec rangement 173 (adapté au matelas de taille 1070X1930);HIRADO173/653027;190000;Matelas & Sommier;https://ambulantenligne.com/12103/super-lit-hirado-simple-avec-rangement-173-adapte-au-matelas-de-taille-1070x1930-.jpg;;;;;;;;
Machine à  laver ASTECH 8Kg MLV80B-N8INV-LC inverter;MLV80B-N8INV-LC;200000;Lavante Séchante;https://ambulantenligne.com/12109/machine-a-laver-astech-8kg-mlv80b-n8inv-lc-inverter.jpg;;;;;;;;
Machine à  laver ASTECH 7KG A+++ MLV70B-N7INV-LC inverter;MLV70B-N7INV-LC;175000;Lave-linge;https://ambulantenligne.com/12111/machine-a-laver-astech-7kg-a-mlv70b-n7inv-lc-inverter.jpg;;;;;;;;
Pompe à  Eau électrique YH-001;YH-001;12500;Petit électro;https://ambulantenligne.com/12120/pompe-a-eau-electrique-yh-001.jpg;;;;;;;;
"Smart Tv LG 43"" UHD 4K  avec magic remote 43UR73006LA";43UR73006LA;220000;42 - 50 Pouces;https://ambulantenligne.com/15596/smart-Tv-lg-43-uhd-4k-avec-magic-remote-43ur73006la.jpg;;;;;;;;
"Téléviseur LG 55"" Smart UHD 4K 55UQ75006LG AI ThinQ";55UQ75006LG;325000;55 Pouces & Plus;https://ambulantenligne.com/12146/televiseur-lg-55-smart-uhd-4k-55uq70-ai-thinq.jpg;;;;;;;;
"Smart Tv MYLO 43"" 108cm MYLO43";MYLO43;115000;42 - 50 Pouces;https://ambulantenligne.com/12244/smart-Tv-mylo-43-android-bluetooth-108cm-mylo43.jpg;;;;;;;;
"Smart Tv MYLO 55"" 137.5cm MYLO55";MYLO55;180000;55 Pouces & Plus;https://ambulantenligne.com/12156/smart-Tv-mylo-55-android-bluetooth-1375cm-mylo55.jpg;;;;;;;;
Mobilier de Bureau OZ-EDK0116;OZ-EDK0116;220000;Mobilier de Bureau;https://ambulantenligne.com/15268/mobilier-de-Bureau-oz-edk0116.jpg;;;;;;;;
Mobilier de Bureau OZ-EDK0220;OZ-EDK0220;260000;Mobilier de Bureau;https://ambulantenligne.com/15271/mobilier-de-Bureau-oz-edk0220.jpg;;;;;;;;
Mobilier de Bureau OZ-250318;OZ-250318;235000;Mobilier de Bureau;https://ambulantenligne.com/15288/mobilier-de-Bureau-oz-250318.jpg;;;;;;;;
Mobilier de Bureau OZ-250916;OZ-250916;225000;Mobilier de Bureau;https://ambulantenligne.com/15270/mobilier-de-Bureau-oz-250916.jpg;;;;;;;;
Mobilier de Bureau OZ-251116;OZ-251116;230000;Mobilier de Bureau;https://ambulantenligne.com/15283/mobilier-de-Bureau-oz-251116.jpg;;;;;;;;
Mobilier de Bureau OZ-251418;OZ-251418;210000;Mobilier de Bureau;https://ambulantenligne.com/15264/mobilier-de-Bureau-oz-251418.jpg;;;;;;;;
Mobilier de Bureau OZ-251716;OZ-251716;225000;Mobilier de Bureau;https://ambulantenligne.com/15272/mobilier-de-Bureau-oz-251716.jpg;;;;;;;;
Armoire de rangement pour Bureau OZ-CAB100;OZ-CAB100;177500;Mobilier de Bureau;https://ambulantenligne.com/12194/armoire-de-rangement-pour-Bureau-oz-cab100.jpg;;;;;;;;
Armoire de rangement pour Bureau OZ-CAB101;OZ-CAB101;98000;Mobilier de Bureau;https://ambulantenligne.com/12195/armoire-de-rangement-pour-Bureau-oz-cab111.jpg;;;;;;;;
Armoire de rangement pour Bureau OZ-CAB103;OZ-CAB103;98000;Mobilier de Bureau;https://ambulantenligne.com/12197/armoire-de-rangement-pour-Bureau-oz-cab103.jpg;;;;;;;;
Armoire de rangement pour Bureau OZ-CAB111;OZ-CAB111;110000;Mobilier de Bureau;https://ambulantenligne.com/12198/armoire-de-rangement-pour-Bureau-oz-cab111.jpg;;;;;;;;
Armoire de rangement pour Bureau OZ-CAB112;OZ-CAB112;110000;Mobilier de Bureau;https://ambulantenligne.com/12199/armoire-de-rangement-pour-Bureau-oz-cab112.jpg;;;;;;;;
Armoire de rangement pour Bureau OZ-CAB113;OZ-CAB113;110000;Mobilier de Bureau;https://ambulantenligne.com/12200/armoire-de-rangement-pour-Bureau-oz-cab113.jpg;;;;;;;;
Table de Bureau OZ-7001-16;OZ-7001-16;110000;Mobilier de Bureau;https://ambulantenligne.com/12203/table-de-Bureau-oz-7001-16.jpg;;;;;;;;
Table de Bureau OZ-7002-12;OZ-7002-12;90000;Mobilier de Bureau;https://ambulantenligne.com/12204/table-de-Bureau-oz-7002-12.jpg;;;;;;;;
Table de Bureau 0Z-7002-14;0Z-7002-14;105000;Mobilier de Bureau;https://ambulantenligne.com/12205/table-de-Bureau-0z-7002-14.jpg;;;;;;;;
Table de Bureau 0Z-7002-16;0Z-7002-16;125000;Mobilier de Bureau;https://ambulantenligne.com/12206/table-de-Bureau-0z-7002-16.jpg;;;;;;;;
Table de Bureau OZ-7003-12;OZ-7003-12;80000;Mobilier de Bureau;https://ambulantenligne.com/12207/table-de-Bureau-oz-7003-12.jpg;;;;;;;;
Table de Bureau 0Z-7003-14;0Z-7003-14;90000;Mobilier de Bureau;https://ambulantenligne.com/12208/table-de-Bureau-0z-7003-14.jpg;;;;;;;;
Table de Bureau 0Z-7003-16;0Z-7003-16;115000;Mobilier de Bureau;https://ambulantenligne.com/12209/table-de-Bureau-0z-7003-16.jpg;;;;;;;;
Table de Bureau 0Z-7004-12;0Z-7004-12;115000;Mobilier de Bureau;https://ambulantenligne.com/12210/table-de-Bureau-0z-7004-12.jpg;;;;;;;;
Table de Bureau 0Z-7004-14;0Z-7004-14;130000;Mobilier de Bureau;https://ambulantenligne.com/12211/table-de-Bureau-0z-7004-14.jpg;;;;;;;;
Table de Bureau 0Z-7004-16;0Z-7004-16;150000;Mobilier de Bureau;https://ambulantenligne.com/12212/table-de-Bureau-0z-7004-16.jpg;;;;;;;;
Chauffe eau SMART TECHNOLOGY 100 Litres STCE-100L;STCE-100L;103500;Chauffe eau;https://ambulantenligne.com/14283/chauffe-eau-smart-technology-100-Litres-stce-100l.jpg;;;;;;;;
Congélateur Vertical SMART TECHNOLOGY 6 Tiroirs STCD-335H;STCD-335H;182500;3 - 6 Tiroirs;https://ambulantenligne.com/12223/Congélateur-vertical-smart-technology-6-Tiroirs-stcd-335h.jpg;;;;;;;;
Split armoire SMART TECHNOLOGY  STS-60 60000BTU POWER;STS-60;850000;50000BTU & Plus;https://ambulantenligne.com/12225/split-armoire-smart-technology-sts-60-60000btu-power.jpg;;;;;;;;
MICRO ONDE SMART TECHNOLOGY 25 Litres NOIR STMW-25M;STMW-25M;55000;Micro-onde;https://ambulantenligne.com/12226/Micro-onde-smart-technology-25-Litres-noir-stmw-25m.jpg;;;;;;;;
Congélateur Vertical SMART TECHNOLOGY 7 Tiroirs STCD-550H;STCD-550H;300000;7 Tiroirs & Plus;https://ambulantenligne.com/12227/Congélateur-vertical-smart-technology-7-Tiroirs-stcd-550h.jpg;;;;;;;;
Réfrigérateur combiné SMART TECHNOLOGY 3 Tiroirs STCB-155F;STCB-155F;120000;Frigo combiné;https://ambulantenligne.com/12231/Réfrigerateur-combine-smart-technology-3-Tiroirs-stcb-155f.jpg;;;;;;;;
Réfrigérateur combiné SMART TECHNOLOGY 3 Tiroirs 136L STCB-198F;STCB-198F;120000;Frigo combiné;https://ambulantenligne.com/12233/Réfrigerateur-combine-smart-technology-3-Tiroirs-136l-stcb-198f.jpg;;;;;;;;
SPLIT ARMOIRE SMART TECHNOLOGY 48000BTU STS48;TS48;765000;Split/Clim Armoire;https://ambulantenligne.com/12235/split-armoire-smart-technology-48000btu-sts48.jpg;;;;;;;;
Ventilateur SMART TECHNOLOGY mural 16â³ avec télécommande STv-1654WRCC;STv-1654WRCC;21500;Ventilo Mural;https://ambulantenligne.com/12236/Ventilateur-smart-technology-mural-sTv-1654wrcc.jpg;;;;;;;;
Cuisinière HAIER 4 Feux 50X50 HCR1040EGB Noir;HCR10040EGB;95000;4 Feux;https://ambulantenligne.com/12251/cuisiniere-haier-4-Feux-50x50-hcr1040egb-noir.jpg;;;;;;;;
Cuisinière HAIER 4 Feux 50X50 HCR1040EGR Rouge;HCR10040EGR;95000;4 Feux;https://ambulantenligne.com/12253/cuisiniere-haier-4-Feux-50x50-hcr1040egr-rouge-.jpg;;;;;;;;
Cuisinière HAIER 4 Feux 50X50 HCR1040EGSE Silver;HCR10040EGSE;95000;4 Feux;https://ambulantenligne.com/12255/cuisiniere-haier-4-Feux-50x50-hcr1040egs-silver.jpg;;;;;;;;
Aspirateur Cyclone Vanastar sans sac 001192;1192;50000;Aspirateur;https://ambulantenligne.com/12257/Aspirateur-cyclone-vanastar-sans-sac-001192.jpg;;;;;;;;
Aspirateur LG sans sac 1400watt VC3314GNT;VC3314GNT;65000;Aspirateur;https://ambulantenligne.com/12259/Aspirateur-lg-sans-sac-1400watt-vc3314gnt.jpg;;;;;;;;
Aspirateur Traineau LG sans sac 1700watt 1.3L VC5417GHT;VC5417GHT;105000;Aspirateur;https://ambulantenligne.com/12261/Aspirateur-traineau-lg-sans-sac-1700watt-13l-vc5417ght.jpg;;;;;;;;
Aspirateur Samsung 1600watt VCC4320S3A  XST;VCC4320S3A  XST;57500;Aspirateur;https://ambulantenligne.com/12263/Aspirateur-samsung-1600watt-vcc4320s3a-xst.jpg;;;;;;;;
Aspirateur Samsung sans sac 1800watt 1.3L VCC4540S36 XST;VCC4540S36 XST;62500;Aspirateur;https://ambulantenligne.com/12266/Aspirateur-samsung-sans-sac-1800watt-13l-vcc4540s36-xst.jpg;;;;;;;;
"Téléviseur SAMSUNG 98"" Smart Qled 4K UHD 98Q80C";98Q80C;3375000;Accueil;https://ambulantenligne.com/12268/smart-Tv-samsung-65-Qled-4k-uhd-qa65q80t-2020.jpg;;;;;;;;
Ecran publicitaire dynamique MYLO Full HD avec support 32 Pouces avec Wifi EPD32;EPD32;300000;Smart Tv;https://ambulantenligne.com/12269/ecran-publicitaire-dynamique-mylo-full-hd-avec-support-32-Pouces-avec-wifi-epd32.jpg;;;;;;;;
Split ELACTRON Armoire 5CV 48000BTU ETN-48R1ST;ETN-48R1ST;789900;36000 - 48000 BTU;https://ambulantenligne.com/12273/split-elactron-armoire-5cv-48000btu-etn-48r1st.jpg;;;;;;;;
Split ELACTRON Armoire Inverter 5CV 48000BTU;;890000;36000 - 48000 BTU;https://ambulantenligne.com/12275/split-elactron-armoire-inverter-5cv-48000btu.jpg;;;;;;;;
Split Armoire ENDURO 36000BTU EVA360VFC;EVA360VFC;690000;36000 - 48000 BTU;https://ambulantenligne.com/12280/split-armoire-enduro-36000btu-eva360vfc.jpg;;;;;;;;
Split/Clim Inverter FINIX 1.5Cv 12000 Btu FINIX-12DBC;FINIX-12DBC;195000;Split/Clim Inverter;https://ambulantenligne.com/12281/split-inverter-finix-15cv-12000-btu-finix-12dbc.jpg;;;;;;;;
Split/Clim Inverter FINIX 18000 Btu FINIX-18DBC R410;FINIX-18DBC;250000;Split/Clim Inverter;https://ambulantenligne.com/12283/split-inverter-finix-18000-btu-finix-18dbc-r410.jpg;;;;;;;;
Split/Clim Inverter GREE 1.25Cv 9000 Btu GREE09IN;GREE09IN;207500;Split/Clim Inverter;https://ambulantenligne.com/12284/split-inverter-gree-125cv-9000-btu-gree09in.jpg;;;;;;;;
Split/Clim Inverter GREE 1.5Cv 12000 Btu GREE12IN;GREE12IN;222500;Split/Clim Inverter;https://ambulantenligne.com/12285/split-inverter-gree-15cv-12000-btu-gree12in.jpg;;;;;;;;
Split/Clim Inverter GREE 3Cv 24000 Btu GREE24IN;GREE24IN;405000;Split/Clim Inverter;https://ambulantenligne.com/12287/split-inverter-gree-3cv-24000-btu-gree24in.jpg;;;;;;;;
Split SMART TECHNOLOGY INVERTER 12000BTU R410 MATRIX STS-12;MATRIX  STS-12;167500;Split/Clim Inverter;https://ambulantenligne.com/12286/split-smart-technology-inverter-12000btu-r410-matrix-sts-12.jpg;;;;;;;;
SPLIT MULTI GRUNDIG TRIPLE EVAP(02 EVAP 9000BTU+EVAP 12000BTU) 30000BTU;GRUNDIG;650000;Split/Clim Fixe;https://ambulantenligne.com/12323/split-multi-grundig-triple-evap02-evap-9000btuevap-12000btu-30000btu.jpg;;;;;;;;
SPLIT HAIER 18000BTU GAZ 410 ALLEGE INVERTER+LIAISon AC50S2SG1FA;AC50S2SG1FA;649900;Split/Clim Allège;https://ambulantenligne.com/12290/split-haier-18000btu-gaz-410-allege-inverterliaiSon-ac50s2sg1fa.jpg;;;;;;;;
Split HAIER Cassette Inverter 18000BTU R410;;585000;Split/Clim Cassette;https://ambulantenligne.com/12294/split-haier-cassette-inverter-18000btu-r410.jpg;;;;;;;;
SPLIT HAIER 24000BTU GAZ 410 ALLEGE INVERTER+LIAISon AC71S2SG2FA;AC71S2SG2FA;740000;Split/Clim Allège;https://ambulantenligne.com/12295/split-haier-24000btu-gaz-410-allege-inverterliaiSon-ac71s2sg2fa.jpg;;;;;;;;
Split Armoire HAIER 3CV 24000Btu 4CXRA03TC;4CXRA03TC;515000;Split/Clim Armoire;https://ambulantenligne.com/12296/split-armoire-haier-3cv-24000btu-4cxra03tc.jpg;;;;;;;;
Split HAIER Cassette Inverter 24000BTU R410 CAS24IN;CAS24IN;665000;Split/Clim Cassette;https://ambulantenligne.com/12297/split-haier-cassette-inverter-24000btu-r410-cas24in.jpg;;;;;;;;
Split Armoire ENDURO 48000BTU EVA480VF;EVA480VF;825000;Split/Clim Armoire;https://ambulantenligne.com/12300/split-armoire-enduro-48000btu-eva480vf.jpg;;;;;;;;
Split ELACTRON Cassette 18000BTU R410 ELAC18CA;ELAC18CA;507500;Split/Clim Cassette;https://ambulantenligne.com/12301/split-elactron-cassette-18000btu-r410-elac18ca.jpg;;;;;;;;
Split ELACTRON Cassette 24000BTU R410 ELAC24CA;ELAC24CA;605000;Split/Clim Cassette;https://ambulantenligne.com/12303/split-elactron-cassette-24000btu-r410-elac24ca.jpg;;;;;;;;
Split ELACTRON Inverter 3CV 24000BTU 24R1AC;24R1AC;322500;Split/Clim Inverter;https://ambulantenligne.com/12304/split-elactron-inverter-3cv-24000-btu-24r1ac.jpg;;;;;;;;
Split ELACTRON 1.25CV 9000BTU gaz R410;ELAC09;137500;9.000 BTU/1.25CV;https://ambulantenligne.com/12306/split-elactron-125cv-9000btu-gaz-r410-elac09.jpg;;;;;;;;
Split DESKA 1.25CV 9000BTU DES-09FV3-DE R410;DES-09FV3-DE;135000;9.000 BTU/1.25CV;https://ambulantenligne.com/12308/split-deska-125cv-9000btu-des-09fv3-de-r410.jpg;;;;;;;;
Split/Clim Inverter DESKA 1.5CV 12000BTU DES-12VT14-C R410;DES-12VT14-C;169000;Split/Clim Inverter;https://ambulantenligne.com/12309/split-inverter-deska-15cv-12000btu-des-12vt14-c-r410.jpg;;;;;;;;
Split DESKA 1.5CV 12000BTU DES-12FV3-DE;DES-12FV3-DE;142500;Split/Clim Normal;https://ambulantenligne.com/12310/split-deska-15cv-12000btu-des-12fv3-de.jpg;;;;;;;;
Split DESKA 2CV 18000BTU DES-18FV3-DE;DES-18FV3-DE;209900;18.000 BTU/2CV;https://ambulantenligne.com/12311/split-deska-2cv-18000btu-des-18fv3-de.jpg;;;;;;;;
Split DESKA 3CV 24000BTU DES-24FV3-DE;DES-24FV3-DE;278500;24.000 BTU/3CV;https://ambulantenligne.com/12312/split-deska-3cv-24000btu-des-24fv3-de.jpg;;;;;;;;
Split DAEWO Cassette 24000BTU DAEWO24;DAEWO24;525000;Split/Clim Cassette;https://ambulantenligne.com/12314/split-daewo-cassette-24000btu-r410-daewo24.jpg;;;;;;;;
Split DAEWO Cassette 18000BTU DAEWO18;DAEWO18;475000;Split/Clim Cassette;https://ambulantenligne.com/12315/split-daewo-cassette-18000btu-daewo18.jpg;;;;;;;;
Split BRHUM 1.25CV 9000BTU BAS-09RCEW R410;BAS-09RCEW;131500;9.000 BTU/1.25CV;https://ambulantenligne.com/12318/split-brhum-125cv-9000btu-bas-09rcew-r410.jpg;;;;;;;;
Split/Clim Inverter BLOMBERG 1.5CV 12000BTU R410 BLOMB12;BLOMB12;217500;Split/Clim Inverter;https://ambulantenligne.com/12320/split-inverter-blomberg-15cv-12000btu-r410-blomb12.jpg;;;;;;;;
SPLIT MULTI BLOMBERG 21000BTU  double EVAP (EVAP 12000BTU+EVAP 9000BTU) 2EVAPBLOMBERG;2EVAPBLOMBERG;527500;Split/Clim Normal;https://ambulantenligne.com/12324/split-multi-blomberg-21000btu-double-evap-evap-12000btuevap-9000btu-2evapblomberg.jpg;;;;;;;;
Split/Clim Inverter AMERISTAR 1.25Cv 9000Btu AMERI09IN;AMERI09IN;169000;9.000 BTU/1.25CV;https://ambulantenligne.com/12325/split-inverter-ameristar-125cv-9000btu-ameri09in.jpg;;;;;;;;
Split/Clim Inverter AMERISTAR 2Cv 18000Btu AMERI18IN;AMERI18IN;252500;18.000 BTU/2CV;https://ambulantenligne.com/12327/split-inverter-ameristar-2cv-18000btu-ameri18in.jpg;;;;;;;;
Split/Clim Inverter AMERISTAR 3Cv 24000Btu AMERI24IN;AMERI24IN;320000;24.000 BTU/3CV;https://ambulantenligne.com/12328/split-inverter-ameristar-3cv-24000btu-ameri24in.jpg;;;;;;;;
Split Armoire ASTECH 5CV 48000BTU INVERTER 48INFG-GA;48INFG-GA;1100000;Split/Clim Armoire;https://ambulantenligne.com/12329/split-armoire-astech-5cv-48000btu-inverter-48infg-ga.jpg;;;;;;;;
Split BEKO inverter 3CV 24000BTU;BHIN240;480000;24.000 BTU/3CV;https://ambulantenligne.com/12334/split-beko-inverter-3cv-24000btu.jpg;;;;;;;;
Split/Clim Inverter BELLYAIR 3CV 24000BTU BELLYAIR24;BELLYAIR24;327500;24.000 BTU/3CV;https://ambulantenligne.com/12337/split-inverter-bellyair-3cv-24000btu-bellyair24.jpg;;;;;;;;
Split BELLYAIR 3CV 24000BTU R410;3CVBELLYAIR;295000;24.000 BTU/3CV;https://ambulantenligne.com/12338/split-bellyair-3cv-24000btu-r410.jpg;;;;;;;;
Split BELLYAIR 1.25CV 9000BTU R410;09BELLYAIR;147500;9.000 BTU/1.25CV;https://ambulantenligne.com/12339/split-bellyair-125cv-9000btu-r410.jpg;;;;;;;;
Split BELLYAIR 1.5CV 12000BTU R410;12BELLYAIR;157500;12.000 Btu/1.5Cv;https://ambulantenligne.com/12340/split-bellyair-15cv-12000btu-r410.jpg;;;;;;;;
Split BELLYAIR 2.5CV 18000BTU R410;18BELLYAIR;227500;18.000 BTU/2CV;https://ambulantenligne.com/12341/split-bellyair-25cv-18000btu-r410.jpg;;;;;;;;
Split CARRIER Cassette 18000BTU sans liaiSon;CARRIER18CA;620000;Split/Clim Cassette;https://ambulantenligne.com/12342/split-carrier-cassette-18000btu-sans-liaiSon-.jpg;;;;;;;;
Split ELACTRON 2.5CV 18000BTU gaz R410;ELAC18;222500;18.000 BTU/2CV;https://ambulantenligne.com/12698/split-elactron-25cv-18000btu-gaz-r410.jpg;;;;;;;;
Split LAVA 1.5CV 12000BTU R410 LAVA12;LAVA12;157500;12.000 Btu/1.5Cv;https://ambulantenligne.com/12348/split-lava-15cv-12000btu-r410-lava12.jpg;;;;;;;;
Split SKAGGU 1.25CV 9000BTU TAC-09CSA R410;TAC-09CSA;142500;9.000 BTU/1.25CV;https://ambulantenligne.com/12350/split-skaggu-125cv-9000btu-tac-09csa-r410.jpg;;;;;;;;
Split Cassette BERKLAY 2CV 18000 BTU BERKLAY18;BERKLAY18;477500;Split/Clim Cassette;https://ambulantenligne.com/12351/split-cassette-berklay-2cv-18000-btu-berklay18.jpg;;;;;;;;
Split Cassette BERKLAY 1.5CV 12000 BTU BERKLAY12;BERKLAY12;427500;Split/Clim Cassette;https://ambulantenligne.com/12352/split-cassette-berklay-15cv-12000-btu-berklay12.jpg;;;;;;;;
Split Armoire HISENSE 96000btu AUF-96CR6SDA;AUF-96CR6SDA;2075000;50000BTU & Plus;https://ambulantenligne.com/12353/split-armoire-hisense-96000btu-auf-96cr6sda.jpg;;;;;;;;
Split Cassette CESTREAM 3CV 24000BTU CESTREAM24;CESTREAM24;560000;Split/Clim Cassette;https://ambulantenligne.com/12354/split-cassette-cestream-3cv-24000btu-cestream24.jpg;;;;;;;;
Split Armoire HAIER 5CV 48000BTU;;920000;36000 - 48000 BTU;https://ambulantenligne.com/12355/split-armoire-haier-5cv-48000btu.jpg;;;;;;;;
SPLIT MULTI BEKO INVERTER 21000BTU DOUBLE EVAP(EVAP 12000BTU+EVAP 9000BTU);DEBEKO21;537500;Split/Clim Inverter;https://ambulantenligne.com/12356/split-multi-beko-21000btu-double-evapevap-12000btuevap-9000btu.jpg;;;;;;;;
Ventilateur ROCH 18 Pouces noir doré RSF-1804;RSF-1804;23000;Ventilo Sur Pied;https://ambulantenligne.com/15584/Ventilateur-roch-18-Pouces-noir-dore-rsf-1804.jpg;;;;;;;;
Ventilateur ROCH 18 Pouces RSF-1801 BLANC;RSF-1801;22000;Ventilo Sur Pied;https://ambulantenligne.com/15581/Ventilateur-roch-18-Pouces-rsf-1801-blanc.jpg;;;;;;;;
Split Armoire WESTPOOL 42000BTU R410;;985000;36000 - 48000 BTU;https://ambulantenligne.com/12390/split-armoire-westpool-42000btu-r410-.jpg;;;;;;;;
Split/Clim Inverter TCL 3CV 24000BTU R410;;320000;Split/Clim Fixe;https://ambulantenligne.com/12402/split-inverter-tcl-3cv-24000btu-r410.jpg;;;;;;;;
Split RISING 2CV/18000BTU R410 AXG18000XR;AXG18000XR;219900;18.000 BTU/2CV;https://ambulantenligne.com/12413/splitrising-2cv18000btu-r410-axg18000xr.jpg;;;;;;;;
SPLIT SAMSUNG CX 18000BTU 2.5CVÂ CONSOLEÂ CXH18ADB;CXH18ADB;390000;18.000 BTU/2CV;https://ambulantenligne.com/12414/split-samsung-cx-18000btu-25cv-console-cxh18adb.jpg;;;;;;;;
Split NASCO 24000BTU R22 MIROIR MSAFD-24;MSAFD-24;307500;24.000 BTU/3CV;https://ambulantenligne.com/12418/split-nasco-24000btu-r22-miroir-msafd-24.jpg;;;;;;;;
Split Armoire SAMSUNG 5CV 48000BTU;;1450000;36000 - 48000 BTU;https://ambulantenligne.com/12420/split-armoire-samsung-5cv-48000btu.jpg;;;;;;;;
Split NASCO 24000BTU inverter Blanc M-24V1;M-24V1;327500;24.000 BTU/3CV;https://ambulantenligne.com/12421/split-nasco-24000btu-inverter-blanc-m-24v1.jpg;;;;;;;;
SPLIT NASCO 24000BTU R22 GOLDEN MSAFD-24;MSAFD-24;310000;24.000 BTU/3CV;https://ambulantenligne.com/12423/split-nasco-24000btu-r22-golden-msafd-24.jpg;;;;;;;;
Split MDV 24000BTU Inverter  GAZ R410;MDVAB-24CRDN1;372500;24.000 BTU/3CV;https://ambulantenligne.com/12425/split-mdv-24000btu-inverter-gaz-r410.jpg;;;;;;;;
Machine à  laver SHARP 10.5Kg ES-FS1054KJZ-G Gris-noir;ES-FS1054KJZ-G;320000;10 kg & Plus;https://ambulantenligne.com/12427/machine-a-laver-sharp-105kg-es-fs1054kjz-g-gris-noir.jpg;;;;;;;;
Machine à  laver SHARP 12.5Kg ES-FP1252KJZ-S Gris-noir;ES-FP1252KJZ-S;382500;10 kg & Plus;https://ambulantenligne.com/12435/machine-a-laver-sharp-125kg-es-fp1252kjz-s-gris-noir.jpg;;;;;;;;
Micro onde ELACTRON 20 Litres MEL20MS;MEL20MS;45000;Moins de 25 Litres;https://ambulantenligne.com/12440/Micro-onde-elactron-20-Litres-mel20ms-.jpg;;;;;;;;
Micro onde Encastrable ELACTRON 25 Litres MEL25MGC;MEL25MGC;140000;25 à  40 Litres;https://ambulantenligne.com/12441/Micro-onde-Encastrable-elactron-25-Litres-mel25mgc.jpg;;;;;;;;
Micro onde CAC 20 Litres CA820664;CA820664;42500;Moins de 25 Litres;https://ambulantenligne.com/12443/Micro-onde-cac-20-Litres-ca820664.jpg;;;;;;;;
Micro onde FINIX 30 Litres digital avec grill AC930AA4 SILVER;AC930AA4;90000;25 à  40 Litres;https://ambulantenligne.com/12446/Micro-onde-finix-30-Litres-digital-avec-grill-ac930aa4-silver.jpg;;;;;;;;
Micro Four Electrique HAIER 36 Litres HEO36L-D1;HEO36L-D1;45000;Accueil;https://ambulantenligne.com/12449/micro-four-electrique-haier-36-Litres-heo36l-d1.jpg;;;;;;;;
Split MIDEA 1.25CV 9000BTU Unicool New Inverter;;235000;9.000 BTU/1.25CV;https://ambulantenligne.com/12447/split-midea-125cv-9000btu-unicool-new-inverter.jpg;;;;;;;;
Micro Four Electrique HAIER 42 Litres HEO42L-D1;HEO42L-D1;50000;MiniFour Electrique;https://ambulantenligne.com/14235/micro-four-electrique-haier-42-Litres-heo42l-d1.jpg;;;;;;;;
Micro onde LEFON 34 Litres fonction unique 30PG47;30PG47;77500;25 à  40 Litres;https://ambulantenligne.com/12454/Micro-onde-lefon-34-Litres-fonction-unique-30pg47.jpg;;;;;;;;
Split MIDEA 1.5CV 12000BTU Unicool New Inverter;;255000;12.000 Btu/1.5Cv;https://ambulantenligne.com/12455/split-midea-15cv-12000btu-unicool-new-inverter.jpg;;;;;;;;
Micro onde ROCH 25 Litres fonction unique RMW-25LC8A-BS;RMW-25LC8A-BS;60000;25 à  40 Litres;https://ambulantenligne.com/12457/Micro-onde-roch-25-Litres-fonction-unique-rmw-25lc8a-bs.jpg;;;;;;;;
Micro onde SAMSUNG 20 Litres avec grill GE73A;GE73A;87500;Moins de 25 Litres;https://ambulantenligne.com/12458/Micro-onde-samsung-20-Litres-avec-grill-ge73a.jpg;;;;;;;;
Micro onde SAMSUNG 30 Litres avec grill MG30T5018 AK/EF NOIR;MG30T5018 AK/EF;137500;25 à  40 Litres;https://ambulantenligne.com/12462/Micro-onde-samsung-30-Litres-avec-grill-mg30t5018-akef-noir.jpg;;;;;;;;
Split MIDEA 2.5CV 18000BTU Unicool New Inverter;;300000;18.000 BTU/2CV;https://ambulantenligne.com/12459/split-midea-25cv-18000btu-unicool-new-inverter.jpg;;;;;;;;
Split MIDEA 3CV 24000BTU Inverter;;400000;24.000 BTU/3CV;https://ambulantenligne.com/12463/split-midea-3cv-24000btu-unicool-new-inverter.jpg;;;;;;;;
Micro onde solo SAMSUNG 30 Litres MS30 T5018 AK/EF NOIR;MS30 T5018 AK/EF;108500;25 à  40 Litres;https://ambulantenligne.com/12469/Micro-onde-solo-samsung-30-Litres-ms30-t5018-akef-noir.jpg;;;;;;;;
Micro onde Encastrable TECNOLUX 28 Litres INOX MOS 28TEC;MOS28TEC;138500;25 à  40 Litres;https://ambulantenligne.com/12478/Micro-onde-Encastrable-tecnolux-28-Litres-inox-mos-28tec.jpg;;;;;;;;
Barre de Son     SYNIX Bluetooth avec télécommande SYN-L501 SB;SYN-L501 SB;41500;Barre de Son    ;https://ambulantenligne.com/12479/barre-de-Son-synix-bluetooth-avec-telecommande-syn-l501-sb.jpg;;;;;;;;
MiniChaine SonY avec BLUETOOTH MHC-V43D;MHC-V43D;272500;Hi-Fi System;https://ambulantenligne.com/12480/mini-chaine-Sony-mhc-v43d.jpg;;;;;;;;
MiniChaine SonY avec BLUETOOTH MHC-V13;MHC-V13;192500;Hi-Fi System;https://ambulantenligne.com/12482/mini-chaine-Sony-mhc-v13.jpg;;;;;;;;
MiniChaine SonY avec BLUETOOTH SRS-XP500;SRS-XP500;187500;Hi-Fi System;https://ambulantenligne.com/12484/mini-chaine-Sony-avec-bluetooth-srs-xp500.jpg;;;;;;;;
MiniChaine SAMSUNG tower avec bluetooth  T70 1500W;T70;310000;Son;https://ambulantenligne.com/12485/mini-chaine-samdung-avec-bluetooth-tower-t70-1500w.jpg;;;;;;;;
MiniChaine LG XBOOM portable 24HR BATTERIE PL7;PL7;97500;Connectique;https://ambulantenligne.com/12487/mini-chaine-lg-xboom-portable-24hr-batterie-pl7.jpg;;;;;;;;
MiniChaine SonY avec bluetooth 120-240V SRS-XP700;SRS-XP700;260000;Hi-Fi System;https://ambulantenligne.com/12489/mini-chaine-Sony-avec-bluetooth-120-240v-srs-xp700.jpg;;;;;;;;
Plaque Encastrable ELACTRON 4 Feux 60/60 à  gaz  BL001;BL001;79900;Plaque à Gaz;https://ambulantenligne.com/12492/plaque-Encastrable-elactron-4-Feux-6060-a-gaz-bl001.jpg;;;;;;;;
Plaque Encastrable ELACTRON 4 Feux 60/60 Electrique Vitrocéramique MS161;MS161;122500;Plaque électrique;https://ambulantenligne.com/12494/-plaque-Encastrable-elactron-4-Feux-6060-electrique-vitroceramique-ms161.jpg;;;;;;;;
Plaque Encastrable ELACTRON 4 Feux 60/60 à  gaz Miroir BLOO5;BL005;85000;Plaque à Gaz;https://ambulantenligne.com/12495/plaque-Encastrable-elactron-4-Feux-6060-a-gaz-miroir-bloo5.jpg;;;;;;;;
Micro Four Electrique DECAKILA 38 Litres et 2 plaques KEEV017B;KEEV017B;70000;Moins de 25 Litres;https://ambulantenligne.com/12500/micro-four-electrique-decakila-38-Litres-et-2-plaques-keev017b-.jpg;;;;;;;;
Plaque Encastrable ENDURO 4 Feux 60/60 à  Induction  Verre Noir PIND61;PIND61;197500;Plaque électrique;https://ambulantenligne.com/12503/plaque-Encastrable-enduro-4-Feux-6060-a-induction-verre-noir-pind61.jpg;;;;;;;;
Plaque Encastrable HAIER 4 Feux à  Gaz Noir HOB460FB;HOB460FB;120000;Plaque à Gaz;https://ambulantenligne.com/12504/plaque-Encastrable-haier-4-Feux-a-gaz-noir-hob460fb.jpg;;;;;;;;
Plaque Encastrable HAIER Induction céramique 4 Feux 60/60 HOC-9000;HOC-9000;132500;Plaque à Gaz;https://ambulantenligne.com/12505/plaque-Encastrable-haier-induction-ceramique-4-Feux-6060-hoc-9000.jpg;;;;;;;;
Plaque Encastrable HAIER Induction 4 Feux HOD-9500;HOD-9500;202500;Plaque électrique;https://ambulantenligne.com/12506/plaque-Encastrable-haier-induction-4-Feux-hod-9500.jpg;;;;;;;;
Plaque Encastrable ROCH 4 Feux à  Gaz SHINY RBH60FIE;RBH60FIE;67500;Plaque à Gaz;https://ambulantenligne.com/12507/plaque-Encastrable-roch-4-Feux-a-gaz-shiny-rbh60fie.jpg;;;;;;;;
Plaque Encastrable ROCH 4 Feux 60/60 à  Gaz  RBH60SCIX;RBH60SCIX;67500;Plaque à Gaz;https://ambulantenligne.com/12508/plaque-Encastrable-roch-4-Feux-6060-a-gaz-rbh60scix.jpg;;;;;;;;
Plaque Encastrable ROCH 4 Feux 60/60 En Verre Noir RBH60WCFGB;RBH60WCFGB;87500;Plaque à Gaz;https://ambulantenligne.com/12509/plaque-Encastrable-roch-4-Feux-6060-en-verre-noir-rbh60wcfgb.jpg;;;;;;;;
Plaque Encastrable TECNOLUX 90/60 5 Feux mixte 4 à  gaz + 1 Electrique Noir TEC5GE;TEC5GE;147500;Plaque de cuisson;https://ambulantenligne.com/12511/plaque-Encastrable-tecnolux-9060-5-Feux-mixte-4-a-gaz-1-electrique-noir-tec5ge.jpg;;;;;;;;
Plaque Encastrable VOV 4 Feux Induction 60/60 VIC-4421;VIC-4421;135000;Plaque de cuisson;https://ambulantenligne.com/12512/plaque-Encastrable-vov-4-Feux-induction-6060-vic-4421.jpg;;;;;;;;
Réfrigérateur ENDURO combiné 3 Tiroirs 466 Litres NOFROST Full Option A++ DARK SKIN RCN595W;RCN595W;390000;Frigo combiné;https://ambulantenligne.com/12515/Réfrigerateur-enduro-combine-3-Tiroirs-595-Litres-nofrost-full-option-a-dark-skin-rcn595w.jpg;;;;;;;;
Réfrigérateur ASTECH combiné 3 Tiroirs  FC-234CM-OG;FC-234CM-OG;180000;Frigo combiné;https://ambulantenligne.com/12520/Réfrigerateur-astech-combine-3-Tiroirs-277-l-silver-fc-234cm-og.jpg;;;;;;;;
Réfrigérateur ASTECH combiné 3 Tiroirs 267L FC-267(CM-VM)OG;FC-267(CM-VM)OG;195000;Frigo combiné;https://ambulantenligne.com/12523/Réfrigerateur-astech-combine-3-Tiroirs-267l-fc-267cm-vmog.jpg;;;;;;;;
"Smart Tv SAMSUNG 43"" 4K Crystal UHD 43DU7010 (2024)";DU7010;195000;Accueil;https://ambulantenligne.com/15586/smart-Tv-samsung-43-4k-crystal-uhd-43du7010-2024.jpg;;;;;;;;
Réfrigérateur 2 portes ASTECH  FP263-OG;FP263-OG;180000;Frigo 2 Portes;https://ambulantenligne.com/12525/Réfrigerateur-2-portes-astech-250-Litres-fp263-og.jpg;;;;;;;;
Réfrigérateur combiné ASTECH 4 Tiroirs Avec Fontaine  FC-298FO-SG Silver;FC-298FO-SG;239500;Frigo combiné;https://ambulantenligne.com/14328/Réfrigerateur-combine-astech-4-Tiroirs-avec-fontaine-fc-298fo-sg-silver.jpg;;;;;;;;
Réfrigérateur ASTECH combiné 3 Tiroirs Verre Avec Fontaine FC-318CM-OG;FC-318CM-OG;210000;Frigo combiné;https://ambulantenligne.com/12532/Réfrigerateur-astech-combine-3-Tiroirs-verre-avec-fontaine-fc-318cm-og.jpg;;;;;;;;
Cuisinière ENDURO 5 Feux 90/60 vitrocéramique Electrique double grill S9060VTC INOX;S9060VTC;475000;5 Feux 90/60;https://ambulantenligne.com/12565/cuisiniere-enduro-5-Feux-9060-vitroceramique-electrique-double-grill-s9060vtc-inox.jpg;;;;;;;;
Congélateur Horizontal SMART TECHNOLOGY 215L STCC-215 Blanc;STCC-215;132500;Moins de 250 Litres;https://ambulantenligne.com/12612/Congélateur-horizontal-smart-technology-215l-stcc-215-blanc.jpg;;;;;;;;
Congélateur Horizontal SMART TECHNOLOGY 230L avec vitre STCC-230;STCC-230;147500;Moins de 250 Litres;https://ambulantenligne.com/12610/Congélateur-horizontal-smart-technology-230l-avec-vitre-stcc-230-.jpg;;;;;;;;
Réfrigérateur combiné ASTECH 4 Tiroirs Noir GM FC-387BLK-VE;FC-387BLK-VE;325000;Frigo combiné;https://ambulantenligne.com/12534/Réfrigerateur-combine-astech-4-Tiroirs-noir-gm-fc-387blk-ve.jpg;;;;;;;;
Congélateur Vertical SMART TECHNOLOGY 5 Tiroirs 142 Litres STCD-240F;STCD-240F;165000;3 - 6 Tiroirs;https://ambulantenligne.com/12607/Congélateur-vertical-smart-technology-5-Tiroirs-142-Litres-stcd-240f.jpg;;;;;;;;
Congélateur horizontal SMART TECHNOLOGY 320 Litres avec vitre STCC-320 Gris;STCC-320;182900;251 - 500 Litres;https://ambulantenligne.com/12609/Congélateur-horizontal-smart-technology-320-Litres-avec-vitre-stcc-320-gris.jpg;;;;;;;;
Réfrigérateur combiné ASTECH 4 Tiroirs Blanc GM FC-388GOL-VE;FC-388GOL-VE;327500;Frigo combiné;https://ambulantenligne.com/12536/Réfrigerateur-combine-astech-4-Tiroirs-blanc-gm-fc-388gol-ve.jpg;;;;;;;;
Réfrigérateur ASTECH combiné 4 Tiroirs 315L NoFrost FC-370CM-OG;FC-370CM-OG;282500;Frigo combiné;https://ambulantenligne.com/12539/Réfrigerateur-astech-combine-3-Tiroirs-315l-nofrost-fc-372cm-og-.jpg;;;;;;;;
Réfrigérateur ASTECH combiné 3 Tiroirs 480L FC-480CM-OG;FC-480CM-OG;372500;Frigo combiné;https://ambulantenligne.com/12541/Réfrigerateur-astech-combine-3-Tiroirs-480l-silver-fc-480cm-og.jpg;;;;;;;;
Cuisinière ASTECH 5 Feux 90/60 full option ventilo + Four Electrique CK97MS;CK97MS;345000;5 Feux 90/60;https://ambulantenligne.com/12546/cuisiniere-astech-5-Feux-9060-full-option-ventilo-four-electrique-ck97ms.jpg;;;;;;;;
Réfrigérateur side by side ASTECH 4 portes 531L Avec Distributeur D'eau FSS-579FD-AM Silver;FSS-579FD-AM;525000;Side by side & Multiportes;https://ambulantenligne.com/12548/Réfrigerateur-side-by-side-astech-4-portes-531l-avec-distributeur-d-eau-fss-579fd-am-silver.jpg;;;;;;;;
Réfrigérateur side by side ASTECH 4 portes 579L  FSS-582FD-OG Noir;FSS-582FD-OG;500000;Side by side & Multiportes;https://ambulantenligne.com/12550/Réfrigerateur-side-by-side-astech-4-portes-579l-fss-582fd-og-noir-.jpg;;;;;;;;
Cuisinière  CAC 5 Feux 90X60 full option inox CAC90G;CAC90G;220000;5 Feux 90/60;https://ambulantenligne.com/12552/cuisiniere-cac-5-Feux-90x60-full-option-inox-cac90g.jpg;;;;;;;;
Cuisinière ASTECH 6 Feux 80/60 INOX CIS86MS;CIS86MS;167500;6 Feux 80/60;https://ambulantenligne.com/12556/cuisiniere-astech-6-Feux-8060-inox-cis86ms.jpg;;;;;;;;
Réfrigérateur 2 portes ASTECH 408 Litres FP772TM-HA NoFrost;FP772TM-HA;540000;Frigo 2 Portes;https://ambulantenligne.com/12557/Réfrigerateur-2-portes-astech-408-Litres-fp772tm-ha-nofrost.jpg;;;;;;;;
Cuisinière HISENSE 4 Feux 60/60  à gaz  HFG60121X inox;HFG60121X;179900;4 Feux 60/60;https://ambulantenligne.com/12569/cuisiniere-hisense-4-Feux-6060-a-gaz-hfg60121x-inox.jpg;;;;;;;;
Cuisinière HISENSE 5 Feux 90/60  à gaz  HFG9033RX;HFG9033RX;365000;5 Feux 90/60;https://ambulantenligne.com/15103/cuisiniere-hisense-5-Feux-9060-a-gaz-hfg9033rx.jpg;;;;;;;;
Cuisinière HISENSE 6 Feux 4 Gaz + 2 Electrique 90/60  INOX HF942GEESZ;HF942GEESZ;385000;6 Feux 90/60;https://ambulantenligne.com/12573/cuisiniere-hisense-6-Feux-4-gaz-2-electrique-9060-inox-hf942geesz.jpg;;;;;;;;
Cuisinière SMART TECHNOLOGY 4 Feux 50/50 STC-5050S;STC-5050S;87500;Accueil;https://ambulantenligne.com/12578/cuisiniere-smart-technology-4-Feux-5050-stc-5050s.jpg;;;;;;;;
Cuisinière SMART TECHNOLOGY 5 Feux 80/60 INOX STC-8060C;STC-8060C;192500;5 Feux 80/60;https://ambulantenligne.com/12581/cuisiniere-smart-technology-5-Feux-8060-inox-stc-8060c.jpg;;;;;;;;
Cuisinière SMART TECHNOLOGY 5 Feux 90/60 INOX STC-9060C;STC-9060C;247500;5 Feux 90/60;https://ambulantenligne.com/12583/cuisiniere-smart-technology-5-Feux-9060-inox-stc-9060c.jpg;;;;;;;;
Cuisinière UNIVERSELLE à  gaz 4 Feux 60/60 U5508;U5508;135000;4 Feux 60/60;https://ambulantenligne.com/12594/cuisiniere-universelle-a-gaz-4-Feux-6060-u5508.jpg;;;;;;;;
Cuisinière UNIVERSELLE à  gaz 5 Feux 90/60 8605 INOX;8605;227500;5 Feux 90/60;https://ambulantenligne.com/12595/cuisiniere-universelle-a-gaz-5-Feux-9060-8605-inox.jpg;;;;;;;;
Congélateur WHIRLPOOL Horizontal CF600T BLANC;CF600T;307500;501 Litres & Plus;https://ambulantenligne.com/12597/Congélateur-whirlpool-horizontal-cf600t-blanc.jpg;;;;;;;;
Congélateur SMART TECHNOLOGY Vertical 9 Tiroirs plaque alu STCD-979NFH;STCD-979NFH;300000;7 Tiroirs & Plus;https://ambulantenligne.com/12599/Congélateur-smart-technology-vertical-9-Tiroirs-stcd-979nfh.jpg;;;;;;;;
Congélateur SMART TECHNOLOGY Vertical 7 Tiroirs no-frost STCD-899NFM;STCD-899NFM;387500;7 Tiroirs & Plus;https://ambulantenligne.com/12601/Congélateur-smart-technology-vertical-7-Tiroirs-no-frost-stcd-899nfm.jpg;;;;;;;;
Congélateur horizontal SMART TECHNOLOGY 385 Litres avec vitre STCC-385 silver;STCC-385;202500;251 - 500 Litres;https://ambulantenligne.com/12605/Congélateur-horizontal-smart-technology-385-Litres-avec-vitre-stcc-385-silver.jpg;;;;;;;;
Congélateur SMART TECHNOLOGY Vertical 7 Tiroirs  STCD-889NFH;STCD-889NFH;244900;7 Tiroirs & Plus;https://ambulantenligne.com/12617/Congélateur-smart-technology-vertical-7-Tiroirs-stcd-889nfh.jpg;;;;;;;;
Congélateur ASTECH horizontal CH750WB;CH750WB;377500;501 Litres & Plus;https://ambulantenligne.com/12622/Congélateur-astech-horizontal-ch750wb.jpg;;;;;;;;
Congélateur BEKO horizontal 250 Litres HSM20591S silver;HSM20591S;195000;Moins de 250 Litres;https://ambulantenligne.com/12624/Congélateur-beko-horizontal-205-Litres-hsm20591s.jpg;;;;;;;;
Congélateur BEKO horizontal 298 Litres HSM30081S silver;HSM30081S;280000;251 - 500 Litres;https://ambulantenligne.com/12626/Congélateur-beko-horizontal-400-Litres-hsm30081s-silver.jpg;;;;;;;;
Congélateur BEKO horizontal 360 Litres HSM40081S silver;HSM40081S;292500;251 - 500 Litres;https://ambulantenligne.com/12628/Congélateur-beko-horizontal-500-Litres-hsm40081s-silver.jpg;;;;;;;;
Congélateur BEKO vertical 7 Tiroirs no Frost  A+ RFNZ320L23S INOX;RFNZ320L23S;347500;7 Tiroirs & Plus;https://ambulantenligne.com/12630/Congélateur-beko-vertical-7-Tiroirs-no-frost-a-rfnz320l23s-inox.jpg;;;;;;;;
Congélateur DESKA horizontal FRZ-410DK;FRZ-410DK;185000;251 - 500 Litres;https://ambulantenligne.com/12633/Congélateur-deska-horizontal-frz-410dk.jpg;;;;;;;;
Congélateur DESKA horizontal 700L FRZ-660DK;FRZ-660DK;370000;501 Litres & Plus;https://ambulantenligne.com/12634/Congélateur-deska-horizontal-700l-frz-660dk.jpg;;;;;;;;
Congélateur DESKA horizontal 800L FRZ-760DK;FRZ-760DK;384900;501 Litres & Plus;https://ambulantenligne.com/12635/Congélateur-deska-horizontal-800l-frz-760dk.jpg;;;;;;;;
Congélateur horizontal ELACTRON 400 Litres EL108CFS;EL108CFS;204900;251 - 500 Litres;https://ambulantenligne.com/12637/Congélateur-horizontal-elactron-400-Litres-el108cfs.jpg;;;;;;;;
Congélateur ELACTRON vertical 4 Tiroirs EL236 silver;EL236;135000;3 - 6 Tiroirs;https://ambulantenligne.com/12639/Congélateur-elactron-vertical-4-Tiroirs-el236-silver.jpg;;;;;;;;
Congélateur horizontal ELACTRON 750 Litres EL63CFS;EL63CFS;340000;501 Litres & Plus;https://ambulantenligne.com/12642/Congélateur-horizontal-elactron-750-Litres-el63cfs.jpg;;;;;;;;
Congélateur ELACTRON vertical 6 Tiroirs PLAQ ALU EL128;EL128;205000;3 - 6 Tiroirs;https://ambulantenligne.com/12644/Congélateur-elactron-vertical-6-Tiroirs-plaq-alu-el128.jpg;;;;;;;;
Congélateur horizontal ELACTRON 900 Litres EL39CFS;EL39CFS;452500;501 Litres & Plus;https://ambulantenligne.com/12651/Congélateur-horizontal-elactron-900-Litres-el39cfs.jpg;;;;;;;;
Congélateur ELECTROCOOL Vertical 9 Tiroirs 250L BD 230C;BD 230C;324900;7 Tiroirs & Plus;https://ambulantenligne.com/12653/Congélateur-electrocool-vertical-9-Tiroirs-250l-bd-230c.jpg;;;;;;;;
Congélateur HAIER Horizontal inverter 328VS silver;328VS;215000;251 - 500 Litres;https://ambulantenligne.com/12656/Congélateur-haier-horizontal-inverter-328vs-silver.jpg;;;;;;;;
Congélateur HAIER Horizontal inverter 368VS silver;368VS;225000;251 - 500 Litres;https://ambulantenligne.com/12661/Congélateur-haier-horizontal-inverter-368vs-silver.jpg;;;;;;;;
Congélateur HAIER Horizontal 319L HCF368HA BLANC;HCF368HA;250000;251 - 500 Litres;https://ambulantenligne.com/12659/Congélateur-haier-horizontal-425l-hcf368ha-blanc-.jpg;;;;;;;;
Congélateur HISENSE horizontal 250L FC-33DD4SA silver;FC-33DD4SA;205000;251 - 500 Litres;https://ambulantenligne.com/12669/Congélateur-hisense-horizontal-250l-fc-33dd4sa-silver.jpg;;;;;;;;
Congélateur Vitrine FINIX 500 Litres SDW-396;SDW-396;315000;251 - 500 Litres;https://ambulantenligne.com/12671/Congélateur-Vitrine-finix-500-Litres-sdw-396.jpg;;;;;;;;
Congélateur FINIX horizontal 400 Litres vitre silver BCDW-377;BCDW-377;210000;251 - 500 Litres;https://ambulantenligne.com/12672/Congélateur-finix-horizontal-400-Litres-vitre-silver-bcdw-377.jpg;;;;;;;;
Congélateur RISING Horizontal 200L BD188Q BLANC;BD188Q;107500;Moins de 250 Litres;https://ambulantenligne.com/12674/Congélateur-rising-horizontal-200l-bd188q-blanc.jpg;;;;;;;;
Congélateur RISING Horizontal 400L BD368 BLANC;BD368;202500;251 - 500 Litres;https://ambulantenligne.com/12676/Congélateur-rising-horizontal-400l-bd368-blanc.jpg;;;;;;;;
Congélateur SMART TECHNOLOGY Horizontal 980L STCC-1050;STCC-1050;615000;501 Litres & Plus;https://ambulantenligne.com/12679/Congélateur-smart-technology-horizontal-980l-stcc-1050.jpg;;;;;;;;
Split ELACTRON Inverter 1.25CV 9000BTU 09R1AC;09R1AC;177500;9.000 BTU/1.25CV;https://ambulantenligne.com/12691/split-elactron-inverter-125cv-9000btu-09r1ac.jpg;;;;;;;;
Split ELACTRON Inverter 1.5CV 12000BTU 12R1AC;12R1AC;200000;12.000 Btu/1.5Cv;https://ambulantenligne.com/12693/split-elactron-inverter-15cv-12000-btu-12r1ac.jpg;;;;;;;;
Split ELACTRON Inverter 2CV 18000BTU 18R1AC;18R1AC;267500;18.000 BTU/2CV;https://ambulantenligne.com/12695/split-elactron-inverter-2cv-18000btu-18r1ac.jpg;;;;;;;;
Réfrigérateur BEKO 2 portes 223 Litres RDSA240K20WN;RDSA240K20WN;217500;201 - 350 Litres;https://ambulantenligne.com/12701/Réfrigerateur-beko-2-portes-223-Litres-rdsa240k20wn.jpg;;;;;;;;
Réfrigérateur CAC combiné 5 Tiroirs 250 Litres CAC5T;CAC5T;230000;Accueil;https://ambulantenligne.com/12704/Réfrigerateur-cac-combine-5-Tiroirs-250-Litres-cac5t.jpg;;;;;;;;
Réfrigérateur CAC 2 portes avec fontaine nofrost 400 Litres CAC400;CAC400;325000;351 Litres & Plus;https://ambulantenligne.com/12706/Réfrigerateur-cac-2-portes-avec-fontaine-nofrost-400-Litres-cac400.jpg;;;;;;;;
Réfrigérateur DAEWOO combiné 3 Tiroirs avec fontaine 295 Litres FKM295FWT1AZ;FKM295FWT1AZ;272500;201 - 350 Litres;https://ambulantenligne.com/12712/Réfrigerateur-daewoo-combine-3-Tiroirs-avec-fontaine-295-Litres-fkm295fwt1az.jpg;;;;;;;;
Réfrigérateur DAEWOO combiné 3 Tiroirs avec fontaine 295 Litres FKM295FLT1AZ SILVER;FKM295FLT1AZ;273500;201 - 350 Litres;https://ambulantenligne.com/12715/Réfrigerateur-daewoo-combine-3-Tiroirs-avec-fontaine-295-Litres-fkm295flt1az-silver.jpg;;;;;;;;
Réfrigérateur Bar DESKA 2 portes gris-noir TM110DK;TM110DK;92500;Moins de 100 Litres;https://ambulantenligne.com/12719/frigo-bar-deska-2-portes-gris-noir-tm110dk.jpg;;;;;;;;
Réfrigérateur 2 portes DESKA GM TM-158DK;GM TM-158DK;117000;Moins de 200 Litres;https://ambulantenligne.com/12721/Réfrigerateur-2-portes-deska-gm-tm-158dk.jpg;;;;;;;;
Réfrigérateur 2 portes DESKA TM-229DK silver;TM-229DK;166500;Accueil;https://ambulantenligne.com/12723/Réfrigerateur-2-portes-deska-tm-229dk-silver.jpg;;;;;;;;
Réfrigérateur DESKA combiné 4 Tiroirs BF-309DK;BF-309DK;210000;201 - 350 Litres;https://ambulantenligne.com/12725/Réfrigerateur-deska-combine-4-Tiroirs-bf-309dk.jpg;;;;;;;;
Réfrigérateur DESKA combiné 3 Tiroirs BF-324DK;BF-322DK;205000;Accueil;https://ambulantenligne.com/12727/Réfrigerateur-deska-combine-3-Tiroirs-bf-324dk.jpg;;;;;;;;
Réfrigérateur Vitrine DESKA 250 Litres RSC-413DK;RSC-413DK;237500;251 à  400 Litres;https://ambulantenligne.com/12729/Réfrigerateur-Vitrine-deska-250-Litres-rsc-413dk.jpg;;;;;;;;
Réfrigérateur Vitrine DESKA 350 Litres RSC-513DK;RSC-513DK;289500;Accueil;https://ambulantenligne.com/12730/Réfrigerateur-Vitrine-deska-350-Litres-rsc-513dk.jpg;;;;;;;;
Réfrigérateur DESKA Réfrigerateur Mini BAR SD-62DK;SD-62DK;57500;Réfrigerateur Mini BAR;https://ambulantenligne.com/12731/Réfrigerateur-deska-mini-bar-sd-62dk.jpg;;;;;;;;
Réfrigérateur bar DESKA 1 porte SD-97DK;SD-97DK;69500;Moins de 100 Litres;https://ambulantenligne.com/12732/frigo-bar-deska-1-porte-sd-97dk.jpg;;;;;;;;
Réfrigérateur DESKA combiné 3 Tiroirs BF-232DK;BF-232DK;160000;Accueil;https://ambulantenligne.com/12734/Réfrigerateur-deska-combine-3-Tiroirs-bf-232dk.jpg;;;;;;;;
Réfrigérateur ELACTRON Réfrigerateur Mini BAR EL599TTW BLANC;EL599TTW;69900;Réfrigerateur Mini BAR;https://ambulantenligne.com/12736/Réfrigerateur-elactron-mini-bar-el599ttw-blanc.jpg;;;;;;;;
Réfrigérateur ELACTRON combiné 3 Tiroirs 140L EL152CBDI;EL152CBDI;170000;Moins de 200 Litres;https://ambulantenligne.com/12739/Réfrigerateur-elactron-combine-3-Tiroirs-140l-el152cbdi.jpg;;;;;;;;
Réfrigérateur BAR 2 portes ELACTRON EL276TMI;EL276TMI;91500;Réfrigerateur Bar;https://ambulantenligne.com/12741/Réfrigerateur-bar-2-portes-elactron-el276tmi.jpg;;;;;;;;
Réfrigérateur ELACTRON combiné 4 Tiroirs 246L EL103CBDI;EL103CBDI;222500;201 - 350 Litres;https://ambulantenligne.com/12745/Réfrigerateur-elactron-combine-4-Tiroirs-246l-el103cbdi.jpg;;;;;;;;
Réfrigérateur side by side ELACTRON avec fontaine 489 Litres EL54MDID;EL54MDID;567500;501 - 650 Litres;https://ambulantenligne.com/12747/Réfrigerateur-side-by-side-elactron-avec-fontaine-489-Litres-el54mdid.jpg;;;;;;;;
Réfrigérateur side by side ELACTRON avec distributeur de glaçon 529 Litres EL48SBSIM;EL48SBSIM;660000;501 - 650 Litres;https://ambulantenligne.com/12749/Réfrigerateur-side-by-side-elactron-avec-distributeur-de-glacon-529-Litres-el48sbsim.jpg;;;;;;;;
Réfrigérateur BAR ELECTROCOOL 78L DF109;DF109;92500;Moins de 100 Litres;https://ambulantenligne.com/12751/Réfrigerateur-bar-electrocool-78l-df109.jpg;;;;;;;;
Réfrigérateur BAR ELECTROCOOL 78L DF109B NOIR;DF109B;92500;Moins de 100 Litres;https://ambulantenligne.com/12753/Réfrigerateur-bar-electrocool-78l-df109b-noir.jpg;;;;;;;;
Réfrigérateur ENDURO combiné 2 Tiroirs 150L RCST210S;RCST210S;162500;Moins de 200 Litres;https://ambulantenligne.com/12754/Réfrigerateur-enduro-combine-2-Tiroirs-150l-rcst210s.jpg;;;;;;;;
Réfrigérateur ENDURO combiné 3 Tiroirs A+ 230L RCST240S;RCST240S;185000;201 - 350 Litres;https://ambulantenligne.com/12756/Réfrigerateur-enduro-combine-3-Tiroirs-230l-rcst240s.jpg;;;;;;;;
Réfrigérateur 2 portes ENDURO 168L RDST200S SILVER;RDST200S;157500;Moins de 200 Litres;https://ambulantenligne.com/12762/Réfrigerateur-2-portes-enduro-168l-rdst200s.jpg;;;;;;;;
Réfrigérateur 2 portes ENDURO 168L RDST200W BLANC;RDST200W;152500;Moins de 200 Litres;https://ambulantenligne.com/12764/Réfrigerateur-2-portes-enduro-168l-rdst200w-blanc.jpg;;;;;;;;
Réfrigérateur ENDURO combiné 3 Tiroirs 286L A++ RCST315S;RCST315S;220000;201 - 350 Litres;https://ambulantenligne.com/12766/Réfrigerateur-enduro-combine-3-Tiroirs-286l-a-rcst315s.jpg;;;;;;;;
"Smart Tv SAMSUNG 43"" 4K UHD TU7002 avec support offert";TU7002;220000;42 - 50 Pouces;https://ambulantenligne.com/12767/smart-Tv-samsung-43-4k-uhd-tu7002.jpg;;;;;;;;
Smart Tv LG 55 Pouces NANOCELL UHD 4K 55NANO75PVA;55NANO75PBA;420000;Nanocell Tv;https://ambulantenligne.com/12768/smart-Tv-lg-55-Pouces-nanocell-uhd-4k-55nano75pva.jpg;;;;;;;;
Smart Tv LG 50 Pouces UHD 4K UQ70006LBAI ThinQ;UQ70006LBAI;280000;Smart Tv 4K;https://ambulantenligne.com/12769/smart-Tv-lg-50-Pouces-uhd-4k-uq70006lbai-thinq.jpg;;;;;;;;
"Smart Tv LG 55"" 4K UHD avec magic remote 55UR73006LA";55UR73006LA;295000;Smart Tv 4K;https://ambulantenligne.com/15592/smart-Tv-lg-55-4k-uhd-avec-magic-remote-55ur73006la-.jpg;;;;;;;;
Smart Tv LG 55 Pouces UHD 4K 55UQ70006LBPVG ThinQ;UQ70006LBPVG;335000;Smart Tv 4K;https://ambulantenligne.com/12771/smart-Tv-lg-55-Pouces-uhd-4k-55uq70006lbpvg-thinq.jpg;;;;;;;;
"Téléviseur SAMSUNG 55"" Smart Qled 4K UHD QA55Q60";QA55Q60;394900;Qled Tv;https://ambulantenligne.com/12774/televiseur-samsung-55-smart-Qled-4k-uhd-55q60.jpg;;;;;;;;
"Téléviseur SAMSUNG 55"" Smart UHD Smart UE55TU7025K";UE55TU7025K;325000;55 Pouces & Plus;https://ambulantenligne.com/12963/televiseur-samsung-55-smart-uhd-smart-ue55tu7025k.jpg;;;;;;;;
Réfrigérateur 2 portes ENDURO 213L RDST33S SILVER;RDST33S;162500;201 - 350 Litres;https://ambulantenligne.com/12778/Réfrigerateur-2-portes-enduro-213l-rdst33s-silver.jpg;;;;;;;;
Réfrigérateur ENDURO combiné 3 Tiroirs  no-frost 400L RCNR400POR Orange;RCNR400POR;362500;351 Litres ET Plus;https://ambulantenligne.com/12781/Réfrigerateur-enduro-combine-3-Tiroirs-no-frost-400l-rcnr400por-orange.jpg;;;;;;;;
Réfrigérateur ENDURO combiné 3 Tiroirs  no-frost 400L RCNR400P Rouge Bordeau;RCNR400P;362500;351 Litres ET Plus;https://ambulantenligne.com/12784/Réfrigerateur-enduro-combine-3-Tiroirs-no-frost-400l-rcnr400pbg-beige.jpg;;;;;;;;
Réfrigérateur ENDURO combiné 3 Tiroirs no-frost 400L RCNR400PB Noir;RCNR400PB;362500;Accueil;https://ambulantenligne.com/12787/Réfrigerateur-enduro-combine-3-Tiroirs-no-frost-400l-rcnr400pb-noir.jpg;;;;;;;;
Réfrigérateur ENDURO combiné 3 Tiroirs no-frost 400L RCNR400PRD Rouge;RCNR400PRD;362500;351 Litres ET Plus;https://ambulantenligne.com/12790/Réfrigerateur-enduro-combine-3-Tiroirs-no-frost-400l-rcnr400prd-rouge.jpg;;;;;;;;
Réfrigérateur ENDURO 2 portes 436L RDS550BG Beige;RDS550BG;285000;351 Litres & Plus;https://ambulantenligne.com/12793/Réfrigerateur-2-portes-enduro-550l-defrost-rds550bg-beige.jpg;;;;;;;;
Réfrigérateur ENDURO combiné 3 Tiroirs A+ 466L no-frost full option RCN595W;RCN595W;395000;351 Litres ET Plus;https://ambulantenligne.com/12796/Réfrigerateur-enduro-combine-3-Tiroirs-a-600l-no-frost-full-option-rcn595w.jpg;;;;;;;;
Réfrigerateur Réfrigerateur Mini BAR FINIX 47L Litres GRIS FXTT42S;FXTT42S;65000;Réfrigerateur Mini BAR;https://ambulantenligne.com/12799/Réfrigerateur-mini-bar-finix-47l-Litres-gris-fxtt42s.jpg;;;;;;;;
Réfrigérateur FINIX combiné 3 Tiroirs 252L defrost GRIS 252;GRIS 252;195000;201 - 350 Litres;https://ambulantenligne.com/12801/Réfrigerateur-finix-combine-3-Tiroirs-252l-defrost-gris-252.jpg;;;;;;;;
Réfrigérateur FINIX combiné 4 Tiroirs 337L defrost GRIS GN319;GN319;242500;201 - 350 Litres;https://ambulantenligne.com/12804/Réfrigerateur-finix-combine-4-Tiroirs-337l-defrost-gris-gn319.jpg;;;;;;;;
Réfrigérateur 2 portes FINIX 463L BCD-340W Silver;BCD-340W;297500;351 Litres & Plus;https://ambulantenligne.com/12807/Réfrigerateur-2-portes-finix-463l-bcd-340w-silver.jpg;;;;;;;;
Réfrigérateur FINIX combiné 4 Tiroirs A++ 267L GTN267M;GTN267M;227500;201 - 350 Litres;https://ambulantenligne.com/12810/Réfrigerateur-finix-combine-4-Tiroirs-a-267l-gtn267m.jpg;;;;;;;;
Réfrigérateur Bar HAIER 145 Litres noir bleu HR-185MSB;HR-185MSB;142500;101 Litres & Plus;https://ambulantenligne.com/12814/Réfrigerateur-bar-haier-145-Litres-noir-bleu-hr-185msb.jpg;;;;;;;;
Réfrigérateur Bar HAIER 145 Litres noir gold HR-185MSG;HR-185MSG;142500;101 Litres & Plus;https://ambulantenligne.com/12818/Réfrigerateur-bar-haier-145-Litres-noir-gold-hr-185msg.jpg;;;;;;;;
Réfrigérateur Bar HAIER 145 Litres gris foncé HR-185MDS;HR-185MDS;145000;101 Litres & Plus;https://ambulantenligne.com/12822/Réfrigerateur-bar-haier-145-Litres-noir-fonce-hr-185mds.jpg;;;;;;;;
Réfrigérateur Bar HAIER 145 Litres gris HR-185MLS;HR-185MLS;145000;101 Litres & Plus;https://ambulantenligne.com/12825/Réfrigerateur-bar-haier-145-Litres-gris-hr-185mls.jpg;;;;;;;;
Réfrigérateur HAIER inverter 2 portes 226L HRF-IV220VN;HRF-IV220VN;222500;201 - 350 Litres;https://ambulantenligne.com/12828/Réfrigerateur-haier-inverter-2-portes-226l-hrf-iv220vn.jpg;;;;;;;;
"Téléviseur NACHI 31"" Pouces Led Tv";NACHI31;52500;22 - 40 Pouces;https://ambulantenligne.com/12832/televiseur-nachi-31-Pouces-Led-Tv-.jpg;;;;;;;;
Réfrigérateur HAIER inverter 2 portes 250L HRF-IV250VN;HRF-IV250VN;237500;201 - 350 Litres;https://ambulantenligne.com/12833/Réfrigerateur-haier-inverter-2-portes-250l-hrf-iv250vn.jpg;;;;;;;;
Réfrigérateur HAIER combiné 283L HRF-IVB298VN;HRF-IVB298VN;330000;201 - 350 Litres;https://ambulantenligne.com/12835/Réfrigerateur-haier-combine-283l-hrf-ivb298vn.jpg;;;;;;;;
"Téléviseur ELACTRON 75"" SMART Qled Android TS7561AS avec support offert";75TS7561AS;485000;Qled Tv;https://ambulantenligne.com/12838/televiseur-elactron-75-smart-Qled-android-ts7561as.jpg;;;;;;;;
Smart Tv GLOBAL AIR 65 Pouces Android DLed GE65;GE65;327500;55 Pouces & Plus;https://ambulantenligne.com/12844/smart-Tv-global-air-65-Pouces-android-dLed-ge65.jpg;;;;;;;;
"Téléviseur ELACTRON 55"" SMART Qled Android TS5561AS";55TS5561AS;235000;Qled Tv;https://ambulantenligne.com/12845/televiseur-elactron-55-smart-Qled-android-ts5561as.jpg;;;;;;;;
"TELEVISEUR HISENSE 32"" Led 32A5200";32A5200;60000;22 - 40 Pouces;https://ambulantenligne.com/12846/televiseur-hisense-32-Led-32a5200-.jpg;;;;;;;;
"TELEVISEUR HISENSE 65"" Smart Tv 4K VIDAA ULed Quantum Dot 65U7H";65U7H;575000;55 Pouces & Plus;https://ambulantenligne.com/12847/televiseur-hisense-65-smart-4k-vidaa-uLed-quantum-dot-65u7h.jpg;;;;;;;;
Réfrigérateur HAIER 2 portes 247L silver HRD-310SS;HRD-310SS;240000;201 - 350 Litres;https://ambulantenligne.com/12851/Réfrigerateur-haier-2-portes-247l-silver-310ss.jpg;;;;;;;;
Réfrigérateur HAIER combiné 4 Tiroirs avec fontaine 332BWB noir;332BWB;310000;201 - 350 Litres;https://ambulantenligne.com/12855/Réfrigerateur-haier-combine-4-Tiroirs-avec-fontaine-332bwb-noir.jpg;;;;;;;;
Réfrigérateur HAIER combiné 4 Tiroirs avec fontaine 308 Litres 332SWB Silver;332SWB;310000;201 - 350 Litres;https://ambulantenligne.com/12858/Réfrigerateur-haier-combine-4-Tiroirs-avec-fontaine-332swb-silver.jpg;;;;;;;;
Réfrigérateur Vitrine HAIER 340 Litres SC-339JXEA;SC-339JXEA;354500;251 à  400 Litres;https://ambulantenligne.com/12861/Réfrigerateur-Vitrine-haier-340-Litres-sc-339jxea.jpg;;;;;;;;
Réfrigérateur HAIER combiné 324L HRF-IV378VN;HRF-IV378VN;347500;201 - 350 Litres;https://ambulantenligne.com/12864/Réfrigerateur-haier-combine-324l-hrf-iv378vn.jpg;;;;;;;;
Réfrigérateur HAIER combiné 350L avec distributeur HRF-B399MA;HRF-B399MA;345000;Accueil;https://ambulantenligne.com/12867/Réfrigerateur-haier-combine-350l-avec-distributeur-hrf-b399ma-.jpg;;;;;;;;
Réfrigérateur side by side HAIER 466 Litres avec fontaine RTG684WHJ;RTG684WHJ;540000;Moins de 500 Litres;https://ambulantenligne.com/12869/Réfrigerateur-side-by-side-haier-466-Litres-avec-fontaine-rtg684whj.jpg;;;;;;;;
Réfrigérateur HAIER combiné 4 Tiroirs 246L HRD-330BS noir;HRD-330BS;240000;201 - 350 Litres;https://ambulantenligne.com/12873/Réfrigerateur-haier-combine-4-Tiroirs-246l-hrd-330bs-noir.jpg;;;;;;;;
Réfrigérateur HAIER combiné 4 Tiroirs 246L HRD-330SS silver;HRD-330SS;245000;201 - 350 Litres;https://ambulantenligne.com/12877/Réfrigerateur-haier-combine-4-Tiroirs-246l-hrd-330ss-silver.jpg;;;;;;;;
"TELEVISEUR HISENSE 85"" Smart Tv 4K 85A6K";85A6K;770000;55 Pouces & Plus;https://ambulantenligne.com/12880/televiseur-hisense-85-smart-4k-85a6k.jpg;;;;;;;;
"Téléviseur HISENSE 100"" Smart Tv 4K ULed Quantum Dot 100U7K";100U7K;1800000;55 Pouces & Plus;https://ambulantenligne.com/12882/televiseur-hisense-100-smart-4k-uLed-quantum-dot-100u7k.jpg;;;;;;;;
Réfrigérateur side by side HAIER 4 portes  507 Litres avec fontaine HCW5818EWMP;HCW5818EWMP;630000;501 - 650 Litres;https://ambulantenligne.com/12889/Réfrigerateur-side-by-side-haier-4-portes-507-Litres-avec-fontaine-hcw5818ewmp.jpg;;;;;;;;
"Téléviseur SOLSTAR Smart 55"" Android 55HSU6200SS";55HSU6200SS;245000;55 Pouces & Plus;https://ambulantenligne.com/12895/televiseur-solstar-smart-55-android-55hsu6200ss.jpg;;;;;;;;
Réfrigérateur Bar HISENSE 1 porte RS23DC4SA;RS23DC4SA;150000;101 Litres & Plus;https://ambulantenligne.com/12901/Réfrigerateur-bar-hisense-1-porte-rs23dc4sa.jpg;;;;;;;;
Réfrigérateur HISENSE combiné 3 Tiroirs 269L avec fontaine RD35/36 DC4SB WD;RD35/36 DC4SB WD;235000;201 - 350 Litres;https://ambulantenligne.com/15043/Réfrigerateur-hisense-combine-3-Tiroirs-262l-avec-fontaine-rd3536-dc4sb-wd.jpg;;;;;;;;
"Téléviseur STAR TRACK 75"" Smart SI75KNJ1200";SI75KNJ1200;530000;55 Pouces & Plus;https://ambulantenligne.com/12909/televiseur-star-track-75-smart-si75knj1200.jpg;;;;;;;;
Téléviseur SYINIX 32 Led E51 avec support offert;3,20E+52;67500;22 - 40 Pouces;https://ambulantenligne.com/12910/televiseur-syinix-32-Led-e51.jpg;;;;;;;;
"Téléviseur TCL 32"" Smart Android  32S5200AF avec support offert";32S5200AF;80000;22 - 40 Pouces;https://ambulantenligne.com/12911/televiseur-tcl-32-smart-android-4k-32s5200af.jpg;;;;;;;;
"Téléviseur TCL 43"" Led Smart Android S5400A avec support offert";S5400A;135000;42 - 50 Pouces;https://ambulantenligne.com/12913/televiseur-tcl-43-Led-smart-android-s5400a.jpg;;;;;;;;
"Téléviseur SMART TECHNOLOGY 43"" Smart  Full HD STT-5043SA avec support offert";STT-5043SA;120000;42 - 50 Pouces;https://ambulantenligne.com/12914/televiseur-smart-technology-43-smart-full-hd-stt-5043sa.jpg;;;;;;;;
"Téléviseur SMART TECHNOLOGY 65"" Smart Android 65STT-5075SA";65STT-5075SA;275000;55 Pouces & Plus;https://ambulantenligne.com/12917/televiseur-smart-technology-65-smart-android-65stt-5075sa.jpg;;;;;;;;
Réfrigérateur HISENSE 1 porte 380L RS-60WC silver;RS-60WC;405000;201 Litres & Plus;https://ambulantenligne.com/12922/Réfrigerateur-hisense-1-porte-380l-rs-60wc-silver.jpg;;;;;;;;
Réfrigérateur ICONA 2 portes solaire 250L LSRF250DD silver;LSRF250DD;410000;201 - 350 Litres;https://ambulantenligne.com/12925/Réfrigerateur-icona-2-portes-solaire-250l-lsrf250dd-silver.jpg;;;;;;;;
Réfrigérateur ICONA 2 portes solaire 450L ILSRF450DD silver;ILSRF450DD;580000;351 Litres & Plus;https://ambulantenligne.com/12928/Réfrigerateur-icona-2-portes-solaire-450l-ilsrf450dd-silver.jpg;;;;;;;;
Réfrigérateur combiné LG 3 Tiroirs No frost 341 Litres GC-B459NLHM;GC-B459NLHM;430000;Accueil;https://ambulantenligne.com/12931/Réfrigerateur-combine-lg-3-Tiroirs-no-frost-341-Litres-gc-b459nlhm.jpg;;;;;;;;
"Téléviseur SMART TECHNOLOGY 86"" Smart Android 4K UHD STT-8698";STT-8698K;700000;55 Pouces & Plus;https://ambulantenligne.com/12935/televiseur-smart-technology-86-smart-android-4k-uhd-stt-8698k.jpg;;;;;;;;
"Téléviseur TEKO 55"" Pouces Smart Tv 55QBQ6W";55QBQ6W;197500;55 Pouces & Plus;https://ambulantenligne.com/12938/televiseur-teko-55-Pouces-smart-Tv-55qbq6w.jpg;;;;;;;;
"Téléviseur TEKO 65"" Pouces Smart Tv 65QBF1W";65QBF1W;277500;55 Pouces & Plus;https://ambulantenligne.com/12939/-televiseur-teko-65-Pouces-smart-Tv-65qbf1w.jpg;;;;;;;;
"Téléviseur TORL 32"" Pouces Smart Tv Android Anti Casse Secam DVB-T2 avec support offert";32DVB-T2;110500;22 - 40 Pouces;https://ambulantenligne.com/12940/-televiseur-torl-32-Pouces-smart-Tv-android-anti-casse-secam-dvb-t2.jpg;;;;;;;;
"Téléviseur TORL 32"" Pouces Led Tv avec support offert";TORL32Led;60500;22 - 40 Pouces;https://ambulantenligne.com/12941/televiseur-torl-32-Pouces-Led-Tv.jpg;;;;;;;;
"Téléviseur TORL 43"" Pouces Smart Tv Android Anti Casse Secam DVB-T2 avec support offert";TORL43DVB-T2;150000;42 - 50 Pouces;https://ambulantenligne.com/12942/televiseur-torl-43-Pouces-smart-Tv-android-anti-casse-secam-dvb-t2.jpg;;;;;;;;
"Téléviseur TORL 43"" Pouces Smart Tv Android avec support offert";TORL43SMART;124900;42 - 50 Pouces;https://ambulantenligne.com/12943/-televiseur-torl-43-Pouces-smart-Tv-android.jpg;;;;;;;;
"Téléviseur TORL 55"" Pouces Smart Tv Android 4K";TORL55SMART;212500;55 Pouces & Plus;https://ambulantenligne.com/12944/televiseur-torl-55-Pouces-smart-Tv-android-4k.jpg;;;;;;;;
"Téléviseur TORL 65"" Pouces Smart Tv Android Anti Casse Secam DVB-T2";TORL55DVB-T2;382500;55 Pouces & Plus;https://ambulantenligne.com/12945/televiseur-torl-65-Pouces-smart-Tv-android-anti-casse-secam-dvb-t2.jpg;;;;;;;;
"Téléviseur TORL 65"" Pouces Smart Tv Android 4K";TORL65SMART;282500;55 Pouces & Plus;https://ambulantenligne.com/12946/televiseur-torl-65-Pouces-smart-Tv-android-4k.jpg;;;;;;;;
"Téléviseur TORL 75"" Pouces Smart Tv Android Anti Casse Secam DVB-T2";TORL75DVB-T2;582500;55 Pouces & Plus;https://ambulantenligne.com/12947/televiseur-torl-75-Pouces-smart-Tv-android-anti-casse-secam-dvb-t2.jpg;;;;;;;;
"Téléviseur TORL 75"" Pouces Smart Tv Android 4K";TORL75SMART;485000;55 Pouces & Plus;https://ambulantenligne.com/12948/televiseur-torl-75-Pouces-smart-Tv-android-4k.jpg;;;;;;;;
"Téléviseur TORL 85"" Pouces Smart Tv Android 4K";TORL85SMART;550000;55 Pouces & Plus;https://ambulantenligne.com/12949/televiseur-torl-85-Pouces-smart-Tv-android-4k.jpg;;;;;;;;
"Téléviseur WEST 32"" Pouces Smart Android 32ZBD20W avec support offert";32ZBD20W;75500;22 - 40 Pouces;https://ambulantenligne.com/12950/-televiseur-west-32-Pouces-smart-android-32zbd20w.jpg;;;;;;;;
"Téléviseur WEST 50"" Pouces Smart Android 50ZBM1W avec support offert";50ZBM1W;187500;42 - 50 Pouces;https://ambulantenligne.com/12951/televiseur-west-50-Pouces-smart-android-50zbm1w.jpg;;;;;;;;
"Téléviseur WEST 65"" Pouces Smart Android 65ZBC8W";65ZBC8W;277500;55 Pouces & Plus;https://ambulantenligne.com/12952/televiseur-west-65-Pouces-smart-android-65zbc8w.jpg;;;;;;;;
"Téléviseur WEST 40"" Pouces Smart Android 40ZBD20W avec support offert";40ZBD20W;98500;22 - 40 Pouces;https://ambulantenligne.com/12953/televiseur-west-40-Pouces-smart-android-40zbd20w.jpg;;;;;;;;
Réfrigérateur side by side LG 2 portes 519 Litres GCFB507PQAM silver;GCFB507PQAM;770000;501 - 650 Litres;https://ambulantenligne.com/12954/Réfrigerateur-side-by-side-lg-2-portes-519-Litres-gcfb507pqam-silver.jpg;;;;;;;;
Réfrigérateur LG 2 portes avec fontaine 471L GL-T682HLCL silver;GL-T682HLCL;720000;351 Litres & Plus;https://ambulantenligne.com/12957/Réfrigerateur-lg-2-portes-avec-fontaine-471l-gl-t682hlcl-silver.jpg;;;;;;;;
"Téléviseur WEST 43"" Pouces Smart Android 43ZBD20W avec support offert";43ZBD20W;117500;42 - 50 Pouces;https://ambulantenligne.com/12960/televiseur-west-43-Pouces-smart-android-43zbd20w.jpg;;;;;;;;
"Téléviseur WIWLIL 32"" Pouces Smart 32QBR1W avec support offert";32QBR1W;75000;22 - 40 Pouces;https://ambulantenligne.com/12961/televiseur-wiwlil-32-Pouces-smart-32qbr1w.jpg;;;;;;;;
"Téléviseur WIWLIL 43"" Pouces Smart 43QR1W avec support offert";43QR1W;117500;42 - 50 Pouces;https://ambulantenligne.com/12962/televiseur-wiwlil-43-Pouces-smart-43qr1w.jpg;;;;;;;;
"Téléviseur SAMSUNG 55"" Smart Crystal 4K UHD BU7080";55BU7080;337500;55 Pouces & Plus;https://ambulantenligne.com/12964/televiseur-samsung-55-smart-crystal-4k-uhd-bu7080.jpg;;;;;;;;
"Smart Tv SAMSUNG 75"" 4K Crystal UHD 2023 UE75AU/CU7170";UE75AU/CU7170;790000;55 Pouces & Plus;https://ambulantenligne.com/12969/smart-Tv-samsung-75-4k-crystal-uhd-2023-ue75aucu7170.jpg;;;;;;;;
"Téléviseur SAMSUNG 75"" Smart Crystal 4K UHD BU8100 (2022)";75BU8100;710000;55 Pouces & Plus;https://ambulantenligne.com/12970/televiseur-samsung-75-smart-crystal-4k-uhd-bu8100-2022.jpg;;;;;;;;
"Téléviseur SAMSUNG 85"" Smart NEO-Qled 8K UHD QN85Q900B";QN85Q900B;3185000;Qled Tv;https://ambulantenligne.com/12971/televiseur-samsung-85-smart-neo-Qled-8k-uhd-qn85q900b.jpg;;;;;;;;
Réfrigérateur side by side LG 2 portes 655 Litres GCB257 SLWL silver;GCB257 SLWL;1057500;651 Litres & Plus;https://ambulantenligne.com/12972/Réfrigerateur-side-by-side-lg-2-portes-655-Litres-gcb257-slwl-silver.jpg;;;;;;;;
Réfrigérateur RISING 2 portes  BC280 Blanc;BC280;167500;201 - 350 Litres;https://ambulantenligne.com/12978/Réfrigerateur-rising-2-portes-300-Litres-bc280-blanc.jpg;;;;;;;;
Réfrigérateur ROCH 3 portes combiné 3 Tiroirs 305L RFR-305;RFR-305;222500;201 - 350 Litres;https://ambulantenligne.com/12980/Réfrigerateur-roch-3-portes-combine-3-Tiroirs-305l-rfr-305.jpg;;;;;;;;
Réfrigérateur side by side ROCH 4 portes avec fontaine 525L RFR525IWD4I;RFR525IWD4I;545000;501 - 650 Litres;https://ambulantenligne.com/12983/Réfrigerateur-side-by-side-roch-4-portes-avec-fontaine-525l-rfr525iwd4i.jpg;;;;;;;;
Réfrigérateur side by side ROCH 518 Litres avec fontaine RFR700SBSIWD;RFR700SBSIWD;555000;501 - 650 Litres;https://ambulantenligne.com/12986/Réfrigerateur-side-by-side-roch-518-Litres-avec-fontaine-rfr700sbsiwd.jpg;;;;;;;;
Réfrigérateur 2 portes SAMSUNG 255L Silver RT31HAR4DSA;RT31HAR4DSA;325000;201 - 350 Litres;https://ambulantenligne.com/12989/Réfrigerateur-2-portes-samsung-255l-silver-rt31har4dsa.jpg;;;;;;;;
Réfrigérateur combiné 340 Litres nofrost A+ SAMSUNG RB34J3000BC NOIR;RB34J3000BC;420000;351 Litres ET Plus;https://ambulantenligne.com/12992/Réfrigerateur-combine-340-Litres-nofrost-a-samsung-rb34j3000bc-noir.jpg;;;;;;;;
Réfrigérateur 2 portes SAMSUNG avec fontaine 452L Silver RT46K664PS9;RT46K664PS9;595000;351 Litres & Plus;https://ambulantenligne.com/12995/Réfrigerateur-2-portes-samsung-avec-fontaine-452l-silver-rt46k664ps9.jpg;;;;;;;;
Réfrigérateur SHARP 541 Litres  inverter SJ-SE70D-SL5 silver;SJ-SE70D-SL5;620000;351 Litres & Plus;https://ambulantenligne.com/12998/Réfrigerateur-sharp-541-Litres-inverter-sj-se70d-sl5-silver.jpg;;;;;;;;
Réfrigérateur SHARP 2 portes 765 Litres SJ-SR765-SS3;SJ-SR765-SS3;587500;351 Litres & Plus;https://ambulantenligne.com/13000/Réfrigerateur-sharp-2-portes-765-Litres-sj-sr765-ss3.jpg;;;;;;;;
Réfrigérateur BAR 2 portes SMART TECHNOLOGY 85L STR99H;STR99H;85000;Moins de 100 Litres;https://ambulantenligne.com/13005/Réfrigerateur-bar-2-portes-smart-technology-95l-str99h.jpg;;;;;;;;
Réfrigérateur BAR 2 portes SMART TECHNOLOGY 100L STR135;STR135;90000;Moins de 100 Litres;https://ambulantenligne.com/13008/Réfrigerateur-bar-2-portes-smart-technology-100l-str135.jpg;;;;;;;;
Réfrigérateur Vitrine SMART TECHNOLOGY 1 porte 169 Litres STCDV483;STCDV483;220000;Moins de 250 Litres;https://ambulantenligne.com/13011/Réfrigerateur-Vitrine-smart-technology-1-porte-169-Litres-stcdv483.jpg;;;;;;;;
Réfrigérateur Vitrine SMART TECHNOLOGY 1 porte 242 Litres STCDV788;STCDV788;252500;Moins de 250 Litres;https://ambulantenligne.com/13013/Réfrigerateur-Vitrine-smart-technology-1-porte-242-Litres-stcdv788.jpg;;;;;;;;
Réfrigérateur SMART TECHNOLOGY 2 portes 96 Litres STR-120F;STR-120F;90000;Moins de 200 Litres;https://ambulantenligne.com/13015/Réfrigerateur-smart-technology-2-portes-96-Litres-str-120f.jpg;;;;;;;;
Réfrigérateur SMART TECHNOLOGY 2 portes 149 Litres STR-190F;STR-190F;135000;Moins de 200 Litres;https://ambulantenligne.com/13018/Réfrigerateur-smart-technology-2-portes-149-Litres-str-190f.jpg;;;;;;;;
Réfrigérateur SMART TECHNOLOGY 2 portes 112 Litres STR-150F;STR-150F;112500;Moins de 200 Litres;https://ambulantenligne.com/13021/Réfrigerateur-smart-technology-2-portes-112-Litres-str-150f.jpg;;;;;;;;
Réfrigérateur side by side SMART TECHNOLOGY 3 portes avec distributeur de glaçon 548L STR-582IS;STR-582IS;902500;501 - 650 Litres;https://ambulantenligne.com/13032/Réfrigerateur-side-by-side-smart-technology-3-portes-avec-distributeur-de-glacon-548l-str-582is.jpg;;;;;;;;
Réfrigérateur side by side SMART TECHNOLOGY 2 portes avec distributeur de glaçon 556L STR-680IS;STR-680IS;645000;501 - 650 Litres;https://ambulantenligne.com/13039/Réfrigerateur-side-by-side-smart-technology-2-portes-avec-distributeur-de-glacon-556l-str-680is.jpg;;;;;;;;
Réfrigérateur side by side SMART TECHNOLOGY 2 portes avec fontaine 560L STR-689WS;STR-689WS;565000;501 - 650 Litres;https://ambulantenligne.com/13042/Réfrigerateur-side-by-side-smart-technology-2-portes-avec-fontaine-560l-str-689ws.jpg;;;;;;;;
Réfrigérateur SYNIX 2 portes FD215DD silver;FD215DD;162500;201 - 350 Litres;https://ambulantenligne.com/13047/Réfrigerateur-synix-2-portes-fd215dd-silver.jpg;;;;;;;;
"Smart Tv SAMSUNG 85"" 4K Crystal UHD 2023 UA85CU7000";UA85CU7000;995000;Smart Tv 4K;https://ambulantenligne.com/13050/smart-Tv-samsung-85-4k-crystal-uhd-2023-ua85cu7000.jpg;;;;;;;;
"Smart Tv SAMSUNG 85"" 4K Crystal UHD UA85CU8000";UA85CU8000;1300000;Smart Tv 4K;https://ambulantenligne.com/13051/smart-Tv-samsung-85-4k-crystal-uhd-ua85cu8000.jpg;;;;;;;;
"Téléviseur LG  55"" LCD 4K UHD 55UR78006LK 2023";55UR78006LK;325000;Smart Tv 4K;https://ambulantenligne.com/13052/televiseur-lg-55-lcd-4k-uhd-55ur78006lk-2023.jpg;;;;;;;;
"Téléviseur LG 86"" Smart Tv 4K UHD UR80000AUA";UR80000AUA;1150000;Smart Tv 4K;https://ambulantenligne.com/15597/televiseur-lg-86-smart-4k-uhd-ur801.jpg;;;;;;;;
"Smart Tv LG 86"" 4K UHD avec magic remote 86UR78006LB";86UR78006LB;975000;Accueil;https://ambulantenligne.com/15599/smart-Tv-lg-86-4k-uhd-avec-magic-remote-86ur78006lb.jpg;;;;;;;;
Smart Tv LG 65 Pouces 4K UHD Mini-Led 65QNED826RE;65QNED826RE;775000;55 Pouces & Plus;https://ambulantenligne.com/13060/televiseur-lg-65-qned-826re.jpg;;;;;;;;
Chauffe eau Electrique FINIX 100 Litres TE100D200CLR;TE100D200CLR;105000;100 Litres & Plus;https://ambulantenligne.com/13065/chauffe-eau-electrique-finix-100-Litres-te100d200clr.jpg;;;;;;;;
Barre de Son     SonY avec Bluetooth Sans fil 330w HT-S400;HT-S400;167500;Barre de Son    ;https://ambulantenligne.com/13063/barre-de-Son-Sony-avec-bluetooth-sans-fil-330w-ht-s400.jpg;;;;;;;;
Chauffe eau ARISTON 80 Litres;PRO1R;100000;50 - 80 Litres;https://ambulantenligne.com/13616/chauffe-eau-ariston-80-Litres-.jpg;;;;;;;;
Split Mobile BEKO 1.25Cv 9000BTU;BPN109C;177500;9.000 BTU/1.25CV;https://ambulantenligne.com/13068/split-mobile-beko-125cv-9000btu.jpg;;;;;;;;
Barre de Son     SonY avec Bluetooth Sans fil 600w HT-S40R;HT-S40R;167500;Barre de Son    ;https://ambulantenligne.com/13070/barre-de-Son-Sony-avec-bluetooth-sans-fil-600w-ht-s40r.jpg;;;;;;;;
Barre de Son     SonY avec Bluetooth Sans fil HT-S500RF;HT-S500RF;225000;Barre de Son    ;https://ambulantenligne.com/13071/barre-de-Son-Sony-avec-bluetooth-sans-fil-500w-ht-s500rf.jpg;;;;;;;;
Barre de Son     SonY avec Bluetooth Sans fil HT-S700RF;HT-S700RF;269900;Barre de Son    ;https://ambulantenligne.com/13074/barre-de-Son-Sony-avec-bluetooth-sans-fil-ht-s700rf.jpg;;;;;;;;
Machine à  Café NESPRESSO Vertuo Next XN910B10;XN910B10;90000;Machine à Café;https://ambulantenligne.com/13079/machine-a-cafe-nespresso-vertuo-next-xn910b10.jpg;;;;;;;;
Rotisserie Verticale 21l 1500w DBQ-945;DBQ-945;85000;Appareil de Cuisson;https://ambulantenligne.com/13081/rotisserie-verticale-21l-1500w-dbq-945.jpg;;;;;;;;
Téléviseur ASTECH 98 Pouces ANDROID Qled 98ZX500QD;98ZX500QD;1700000;Qled Tv;https://ambulantenligne.com/13083/smart-Tv-astech-98-Pouces-android-Qled-98zx500qd.jpg;;;;;;;;
Split Mobile HAIER 1.5Cv 12000BTU AM12AA1TAA;AM12AA1TAA;162500;Split/Clim Mobile;https://ambulantenligne.com/13084/split-mobile-haier-15cv-12000btu-am12aa1taa.jpg;;;;;;;;
Fontaine à  eau ASTECH 3 sorties FNT37VER;FNT37VER;92500;Fontaine à Eau;https://ambulantenligne.com/13087/fontaine-a-eau-astech-3-sorties-fnt37ver.jpg;;;;;;;;
Fontaine à  eau ASTECH 3 sorties FNT39VER Rouge / Noir;FNT39VER;95000;Fontaine à Eau;https://ambulantenligne.com/13088/fontaine-a-eau-astech-3-sorties-fnt39ver-rouge-noir.jpg;;;;;;;;
Fontaine à  eau ASTECH 2 sorties Avec Cache Bouteille + Porte Gobelet FNT-99XD;FNT-99XD;110000;Fontaine à Eau;https://ambulantenligne.com/13089/fontaine-a-eau-astech-2-sorties-avec-cache-bouteille-porte-gobelet-fnt-99xd.jpg;;;;;;;;
Fontaine à  eau ASTECH 3 sorties FNT400GH;FNT400GH;80000;Accueil;https://ambulantenligne.com/13092/fontaine-a-eau-astech-3-sorties-fnt400gh.jpg;;;;;;;;
Fontaine à  eau SOLSTAR 3 robinets 70 Litres WC-46T3-INBSS;WC-46T3-INBSS;350000;Fontaine à Eau;https://ambulantenligne.com/13093/fontaine-a-eau-solstar-3-robinets-70-Litres-wc-46t3-inbss.jpg;;;;;;;;
Fontaine DESKA 3 sorties avec Frigo WD-16WH-E;WD-16WH-E;70000;Fontaine à Eau;https://ambulantenligne.com/13098/fontaine-deska-3-sorties-avec-frigo-wd-16wh-e.jpg;;;;;;;;
Fontaine DESKA 3 sorties avec Frigo WD-17BL-E;WD-17BL-E;70000;Fontaine à Eau;https://ambulantenligne.com/13099/fontaine-deska-3-sorties-avec-frigo-wd-17bl-e.jpg;;;;;;;;
Fontaine à  eau FINIX 3 sorties avec frigo Blanc YLR-1.5-JXR-12B;YLR-1.5-JXR-12B;72000;Fontaine à Eau;https://ambulantenligne.com/13100/fontaine-a-eau-finix-3-sorties-avec-frigo-blanc-ylr-15-jxr-12b.jpg;;;;;;;;
Fontaine FINIX 3 sorties avec Frigo YLR-JXR-5;YLR-JXR-5;70000;Fontaine à Eau;https://ambulantenligne.com/13102/fontaine-finix-3-sorties-avec-frigo-ylr-jxr-5.jpg;;;;;;;;
Réfrigerateur Solstar 2 portes 187 Litres RF187K-TDSLV SS;RF187K-TDSLV SS;175000;Moins de 200 Litres;https://ambulantenligne.com/13111/Réfrigerateur-solstar-2-portes-187-Litres-rf187k-tdslv-ss.jpg;;;;;;;;
Réfrigerateur Solstar 2 portes 297 Litres RF357K-TDSLV SS;RF357K-TDSLV SS;250000;201 - 350 Litres;https://ambulantenligne.com/13113/Réfrigerateur-solstar-2-portes-297-Litres-rf357k-tdslv-ss.jpg;;;;;;;;
Réfrigerateur combiné Solstar 3 Tiroirs 296 Litres avec Distributeur d'eau RF417;RF417K-BDSLV SS;295000;201 - 350 Litres;https://ambulantenligne.com/13118/Réfrigerateur-combine-solstar-3-Tiroirs-296-Litres-rf417k-bdslv-ss.jpg;;;;;;;;
Réfrigerateur combiné Solstar 4 Tiroirs 257 Litres RF367K-BDSLV SS;RF367K-BDSLV SS;270000;201 - 350 Litres;https://ambulantenligne.com/13119/Réfrigerateur-combine-solstar-4-Tiroirs-257-Litres-rf367k-bdslv-ss.jpg;;;;;;;;
Réfrigerateur combiné Solstar 5 Tiroirs 257 Litres RF347K-BDSLV SS;RF347K-BDSLV SS;275000;201 - 350 Litres;https://ambulantenligne.com/13121/Réfrigerateur-combine-solstar-5-Tiroirs-257-Litres-rf347k-bdslv-ss.jpg;;;;;;;;
Machine à  laver Hitachi 9kg inverter 1400TRM BD-904H;BD-904H;255000;7 - 9 kg;https://ambulantenligne.com/13123/machine-a-laver-hitachi-9kg-inverter-1400trm-bd-904h.jpg;;;;;;;;
Machine à  laver Hitachi 10kg inverter BD-1054HVOS;BD1054;285000;10 kg & Plus;https://ambulantenligne.com/13126/machine-a-laver-hitachi-105kg-inverter-1400trm-bd1054.jpg;;;;;;;;
Fontaine à  eau Midea eau chaude et tià¨de MYD718S-X;MYD718S-X;35000;Sans Frigo;https://ambulantenligne.com/13128/fontaine-a-eau-midea-2-sorties-eau-chaude-et-tiede-fae2s.jpg;;;;;;;;
Dà©froisseur à  vapeur SOKANY ZA-2106AA;;10000;Repassage;https://ambulantenligne.com/13130/defroisseur-a-vapeur-sokany-za-2106aa.jpg;;;;;;;;
Split SMART TECHNOLOGY INVERTER 9000 BTU R410 MATRIX STS-9;MATRIX  STS-9;157500;Split/Clim Inverter;https://ambulantenligne.com/13137/split-smart-technology-inverter-9000-btu-r410-matrix-sts-09.jpg;;;;;;;;
"Téléviseur ELACTRON 85"" SMART Qled Android TS8561AS";85TS8561AS;775000;Qled Tv;https://ambulantenligne.com/13141/televiseur-elactron-85-smart-Qled-android-ts8561as.jpg;;;;;;;;
Congélateur SMART TECHNOLOGY vertical 6 Tiroirs STCD236;STCD236;170000;3 - 6 Tiroirs;https://ambulantenligne.com/13146/Congélateur-smart-technology-vertical-6-Tiroirs-stcd236.jpg;;;;;;;;
Split ELACTRON Dual Inverter 1.25CV 9000BTU ENT-09;ENT-09;225000;Split/Clim Inverter;https://ambulantenligne.com/13155/split-elactron-dual-inverter-125cv-9000btu-ent-09.jpg;;;;;;;;
Split ELACTRON Dual Inverter 1.5CV 12000BTU ENT-12;ENT-12;245000;Accueil;https://ambulantenligne.com/13157/split-elactron-dual-inverter-15cv-12000btu-ent-12.jpg;;;;;;;;
Split ELACTRON Dual Inverter 2CV 18000BTU ENT-18;ENT-18;325000;Accueil;https://ambulantenligne.com/13159/split-elactron-dual-inverter-2cv-18000btu-ent-18.jpg;;;;;;;;
Split FINIX 3CV 24000BTU R410 24BB;24BB;300000;Split/Clim Normal;https://ambulantenligne.com/13161/split-finix-3cv-24000btu-r410-24bb.jpg;;;;;;;;
Chauffe eau Electrique FINIX 80 Litres TE80D20CLR;TE80D20CLR;85000;Chauffe eau;https://ambulantenligne.com/13162/chauffe-eau-electrique-finix-80-Litres-te80d20clr.jpg;;;;;;;;
Vitrine Réfrigéré Positive 2 portes 800L;;1125000;Accueil;https://ambulantenligne.com/13165/Vitrine-refrigeree-positive-2-portes-800l.jpg;;;;;;;;
Vitrine Réfrigéré négative 2 portes 1000L;;2425000;Accueil;https://ambulantenligne.com/13167/Vitrine-refrigeree-negative-2-portes-1000l.jpg;;;;;;;;
Vitrine Réfrigéré négative 1 porte 500L;;1425000;Accueil;https://ambulantenligne.com/13169/Vitrine-refrigeree-negative-1-porte-500l.jpg;;;;;;;;
Vitrine Réfrigéré Positive 1 porte 350L;;500000;Accueil;https://ambulantenligne.com/13171/Vitrine-refrigeree-positive-1-porte-350l.jpg;;;;;;;;
Vitrine Réfrigéré Positive 1 porte 300L;;400000;Accueil;https://ambulantenligne.com/13173/Vitrine-refrigeree-positive-1-porte-300l.jpg;;;;;;;;
Vitrine à  boisSons de comptoir rà©tro 100L;;290000;Accueil;https://ambulantenligne.com/13175/Vitrine-a-boisSons-de-comptoir-retro-100l.jpg;;;;;;;;
Vitrine Réfrigéré libre-service 1.5m;;1825000;Accueil;https://ambulantenligne.com/13177/Vitrine-a-boisSons-de-comptoir-retro-100l.jpg;;;;;;;;
Vitrine sub-zéro idéal pour la bià¨re 380L;;825000;Accueil;https://ambulantenligne.com/13179/Vitrine-sub-zero-ideal-pour-la-biere-380l.jpg;;;;;;;;
Vitrine Réfrigéré Pepsi Co 400L;;725000;Accueil;https://ambulantenligne.com/13182/Vitrine-refrigeree-pepsi-co-400l.jpg;;;;;;;;
ReFroidisseur de bouteilles bahut Pepsi Co 110L;;305000;Accueil;https://ambulantenligne.com/13186/reFroidisseur-de-bouteilles-bahut-pepsi-co-110l.jpg;;;;;;;;
Vitrine d'exposition Réfrigéré pà¢tisserie 400L 3 à©tagà¨res;;1775000;Accueil;https://ambulantenligne.com/13185/Vitrine-d-exposition-refrigeree-patisserie-400l-3-etageres.jpg;;;;;;;;
Conservateur à  glace à  vitres coulissantes 400L;CGVC-400;525000;Froid;https://ambulantenligne.com/13187/conservateur-a-glace-a-vitres-coulissantes-400l.jpg;;;;;;;;
Coupe légumes jeu de 5 disques inclus HLC-300;HLC-300;640000;Matériel de Cuisine;https://ambulantenligne.com/13188/coupe-legumes-jeu-de-5-disques-inclus.jpg;;;;;;;;
Crepière à  gaz simple 40cm de diamà¨tre;CGS-40D;215000;Matériel de Cuisine;https://ambulantenligne.com/13190/crepiere-a-gaz-simple-40cm-de-diametre.jpg;;;;;;;;
Cutter Professionnel de 8 Litres;CT-8L;460000;Matériel de Cuisine;https://ambulantenligne.com/13192/cutter-de-8-Litres.jpg;;;;;;;;
Dà©sserte Réfrigéré 2 portes;DR-2P;1125000;Froid;https://ambulantenligne.com/13193/desserte-refrigeree-2-portes.jpg;;;;;;;;
Dà©sserte Réfrigéré 3 portes;DR-3P;1325000;Matériel de Cuisine;https://ambulantenligne.com/13194/desserte-refrigeree-3-portes-.jpg;;;;;;;;
Dà©serte Réfrigéré 4 portes;DR-4P;1450000;Matériel de Cuisine;https://ambulantenligne.com/13195/deserte-refrigeree-4-portes.jpg;;;;;;;;
Distributeur de boisSons chaudes 20 Litres;DBC-20L;90000;Matériel de Cuisine;https://ambulantenligne.com/13196/distributeur-de-boisSons-chaudes-20-Litres.jpg;;;;;;;;
Formeuse d'Hamburger;;125000;Matériel de Cuisine;https://ambulantenligne.com/13197/formeuse-d-hamburger-.jpg;;;;;;;;
Four à  Convection Electrique 4 niveaux 438X315;FCE-4N;415000;Matériel de boulangerie;https://ambulantenligne.com/13199/four-a-convection-electrique-4-niveaux-438x315.jpg;;;;;;;;
Fourneau 4 Feux vifs sur four à  gaz;F4FV-FG;1325000;Matériel de Cuisine;https://ambulantenligne.com/13201/fourneau-4-Feux-vifs-sur-four-a-gaz-.jpg;;;;;;;;
Fourneau 6 Feux vifs sur four à  gaz;F6FV-FG;1775000;Matériel de Cuisine;https://ambulantenligne.com/13202/fourneau-6-Feux-vifs-sur-four-a-gaz-.jpg;;;;;;;;
Friteuse à  Gaz 1 bac capacità© 16 Litres;FG1B-10L;900000;Matériel de Cuisine;https://ambulantenligne.com/13203/friteuse-a-gas-1-bac-capacite-10-Litres.jpg;;;;;;;;
Friteuse à  Gaz 2 bac capacità© 2 x 16 Litres;FG2B-20L;1625000;Matériel de Cuisine;https://ambulantenligne.com/13204/friteuse-a-gas-2-bac-capacite-2-x-10-Litres.jpg;;;;;;;;
Friteuse Electrique 1 bac capacità© 6 et 8 Litres;;120000;Matériel de Cuisine;https://ambulantenligne.com/13205/friteuse-electrique-1-bac-capacite-6-et-8-Litres.jpg;;;;;;;;
Friteuse Electrique 2 bac capacità© 6 et 8 Litres FE2B;FE2B;215000;Matériel de Cuisine;https://ambulantenligne.com/13206/friteuse-electrique-2-bac-capacite-6-et-8-Litres.jpg;;;;;;;;
Machine à  Chawarma 3 et 4 brà»leurs à  Gaz;;500000;Matériel de Cuisine;https://ambulantenligne.com/13209/machine-a-chawarma-3-et-4-bruleurs.jpg;;;;;;;;
Vitrine d'exposition Réfrigéré pà¢tisserie 270L 2 à©tagà¨res;;1850000;Accueil;https://ambulantenligne.com/13212/Vitrine-d-exposition-refrigeree-patisserie-270l-2-etageres.jpg;;;;;;;;
Vitrine d'exposition Réfrigéré pà¢tisserie 370L 2 à©tagà¨res;;2150000;Accueil;https://ambulantenligne.com/13214/Vitrine-d-exposition-refrigeree-patisserie-370l-2-etageres.jpg;;;;;;;;
Vitrine Réfrigéré panoramique 280L;;900000;Accueil;https://ambulantenligne.com/13216/Vitrine-refrigeree-panoramique-280l.jpg;;;;;;;;
Vitrine Réfrigéré panoramique de comptoir 58L;;365000;Accueil;https://ambulantenligne.com/13218/Vitrine-refrigeree-panoramique-de-comptoir-58l.jpg;;;;;;;;
Vitrine Réfrigéré panoramique de comptoir 78L;;405000;Accueil;https://ambulantenligne.com/13220/Vitrine-refrigeree-panoramique-de-comptoir-78l.jpg;;;;;;;;
Vitrine Réfrigéré de comptoir 100L;;475000;Accueil;https://ambulantenligne.com/13222/Vitrine-refrigeree-de-comptoir-100l.jpg;;;;;;;;
Vitrine Réfrigéré de comptoir 160L;;685000;Accueil;https://ambulantenligne.com/13224/Vitrine-refrigeree-de-comptoir-160l.jpg;;;;;;;;
Vitrine chauffante de comptoir;;475000;Accueil;https://ambulantenligne.com/13225/Vitrine-chauffante-de-comptoir-.jpg;;;;;;;;
Buffet réfrigérée 4 bacs GN1/1 Couvercle rabattable;;1525000;Accueil;https://ambulantenligne.com/13227/buffet-refrigere-4-bacs-gn11-couvercle-rabattable.jpg;;;;;;;;
Buffet chaud 4 bacs GN1/1 Couvercle rabattable;;1535000;Accueil;https://ambulantenligne.com/13229/buffet-chaud-4-bacs-gn11-couvercle-rabattable.jpg;;;;;;;;
Bac surgelé GM type supermarchà© 500L;;700000;Accueil;https://ambulantenligne.com/13231/bac-surgele-gm-type-supermarche-500l.jpg;;;;;;;;
Bac surgelé GM type supermarchà© 700L;;900000;Accueil;https://ambulantenligne.com/13233/bac-surgele-gm-type-supermarche-700l.jpg;;;;;;;;
Congélateur bahut professionnel à  usage intensif 300L;;380000;Froid;https://ambulantenligne.com/13235/Congélateur-bahut-professionnel-a-usage-intensif-300l.jpg;;;;;;;;
Congélateur bahut professionnel à  usage intensif 500L;;490000;Accueil;https://ambulantenligne.com/13237/Congélateur-bahut-professionnel-a-usage-intensif-500l.jpg;;;;;;;;
Armoire Réfrigéré 2 portes positive 1400L;;1956000;Accueil;https://ambulantenligne.com/13239/armoire-refrigeree-2-portes-positive-1400l.jpg;;;;;;;;
Armoire Réfrigéré 2 portes négative 1400L;;1965000;Accueil;https://ambulantenligne.com/13240/armoire-refrigeree-2-portes-negative-1400l.jpg;;;;;;;;
Armoire Réfrigéré 1 porte négative 700L;;1375000;Accueil;https://ambulantenligne.com/13242/armoire-refrigeree-1-porte-negative-700l.jpg;;;;;;;;
Armoire Réfrigéré 1 porte positive 700L;;1340000;Accueil;https://ambulantenligne.com/13243/armoire-refrigeree-1-porte-positive-700l.jpg;;;;;;;;
Armoire Réfrigéré à  poisSons 1 porte 600L;;1225000;Accueil;https://ambulantenligne.com/13245/armoire-refrigeree-a-poisSons-1-porte-600l.jpg;;;;;;;;
Armoire à  crème glacée 1 porte 800L;;1625000;Accueil;https://ambulantenligne.com/13247/armoire-a-creme-glacee-1-porte-800l.jpg;;;;;;;;
Bain-marie à  poser 3 bac GN1/3;;190000;Accueil;https://ambulantenligne.com/13249/bain-marie-a-poser-3-bac-gn13.jpg;;;;;;;;
Trancheuse à  jambon pro Diamà¨tre 250 - 300 - 350;;360000;Matériel de Cuisine;https://ambulantenligne.com/13255/trancheuse-a-jambon-pro-diametre-250-300-350.jpg;;;;;;;;
Toaster à  pinces 2 niveaux;TP2N;190000;Matériel de Cuisine;https://ambulantenligne.com/13260/toaster-a-pinces-2-niveaux.jpg;;;;;;;;
Table à  Pizza;TAP;1775000;Matériel de Cuisine;https://ambulantenligne.com/13261/table-a-pizza.jpg;;;;;;;;
Machine à  Pop Corn;MAPC;210000;Matériel de Cuisine;https://ambulantenligne.com/13262/machine-a-pop-corn.jpg;;;;;;;;
Salamandres de Cuisine professionnelle Roller Grill;SCPRG;585000;Matériel de Cuisine;https://ambulantenligne.com/13265/salamandres-de-Cuisine-professionnelle-roller-grill.jpg;;;;;;;;
Téléphone SAMSUNG GALAXY A05S Mémoire 64Go Ram 4Go;GALAXY 05S;59000;Accueil;https://ambulantenligne.com/13272/telephone-samsung-galaxy-a05s-memoire-64go-ram-4go.jpg;;;;;;;;
Téléphone SAMSUNG GALAXY A05S Mémoire 128Go Ram 4Go;GALAXY 05S;64000;Accueil;https://ambulantenligne.com/13268/telephone-samsung-galaxy-a05s-memoire-64go-ram-4go.jpg;;;;;;;;
Machine à  panini professionnelle - Grill Panini;MPP-GP;190000;Matériel de Cuisine;https://ambulantenligne.com/13271/machine-a-panini-professionnelle-grill-panini.jpg;;;;;;;;
Gaufrier professionnel Bruxelles;;305000;Matériel de Cuisine;https://ambulantenligne.com/13273/gaufrier-professionnel-bruxelles.jpg;;;;;;;;
Gaufrier Rond;;165000;Matériel de Cuisine;https://ambulantenligne.com/13274/gaufrier-rond.jpg;;;;;;;;
Machine à  Barbe à  papa à  Gaz MBPC;MBPC;190000;Matériel de Cuisine;https://ambulantenligne.com/15980/machine-a-barbe-a-papa-avec-couvercle.jpg;;;;;;;;
Machine à  Granita 2x12 Litres et 3x12 Litres;;1550000;Matériel de Cuisine;https://ambulantenligne.com/13281/machine-a-granita-2x12-Litres-et-3x12-Litres.jpg;;;;;;;;
Soupià¨re Electrique Professionnelle 10 Litres;;99900;Matériel de Cuisine;https://ambulantenligne.com/13282/soupiere-electrique-professionnelle-10-Litres.jpg;;;;;;;;
Saladette Réfrigéré;SAL-REF;1375000;Matériel de Cuisine;https://ambulantenligne.com/13283/saladette-refrigeree.jpg;;;;;;;;
Machine à  glace italienne professionnelle 2 parfums + 1 mà©lange mix;MGIP2P;1850000;Froid;https://ambulantenligne.com/13284/machine-a-glace-italienne-professionnelle-2-parfums-1-melange-mix.jpg;;;;;;;;
Scies à  os professionnelles;SAO-PRO;755000;Matériel de Cuisine;https://ambulantenligne.com/13285/scies-a-os-professionnelles.jpg;;;;;;;;
Hachoir à  viande professionnel Electrique 120kgs;HE-120kgs;450000;Matériel de Cuisine;https://ambulantenligne.com/13286/hachoir-a-viande-professionnel-electrique-120kgs.jpg;;;;;;;;
Hachoir à  viande professionnel Electrique 280kg;HVPE-280Kg;525000;Matériel de Cuisine;https://ambulantenligne.com/13287/hachoir-a-viande-professionnel-electrique-280kg.jpg;;;;;;;;
Percolateur à  Café 90 Tasses 15 Litres;;125000;Matériel de Cuisine;https://ambulantenligne.com/13288/percolateur-a-cafe-90-tasses-15-Litres.jpg;;;;;;;;
Téléphone SAMSUNG GALAXY A15 Mémoire 256Go Ram 8Go;GALAXY A15;110000;Accueil;https://ambulantenligne.com/13291/telephone-samsung-galaxy-a15-memoire-256go-ram-8go.jpg;;;;;;;;
Téléphone SAMSUNG GALAXY A35 Mémoire 256Go Ram 8Go;A35;170000;Accueil;https://ambulantenligne.com/13301/telephone-samsung-galaxy-a35-memoire-256go-ram-8go.jpg;;;;;;;;
Téléphone SAMSUNG GALAXY S23 Mémoire 128Go Ram 8Go;S23;350000;Accueil;https://ambulantenligne.com/13307/telephone-samsung-galaxy-s23-memoire-128go-ram-8go.jpg;;;;;;;;
Téléphone SAMSUNG GALAXY S23+ Mémoire 512Go Ram 8Go;S23+;550000;Accueil;https://ambulantenligne.com/13311/telephone-samsung-galaxy-s23-memoire-512go-ram-8go.jpg;;;;;;;;
Téléphone SAMSUNG GALAXY S23 Mémoire 256Go Ram 8Go;S23;440000;Accueil;https://ambulantenligne.com/13310/telephone-samsung-galaxy-s23-memoire-256go-ram-8go.jpg;;;;;;;;
Téléphone SAMSUNG GALAXY S23 Ultra Mémoire 256GO Ram 8GO;S23 Ultra;490000;Accueil;https://ambulantenligne.com/13314/telephone-samsung-galaxy-s23-ultra-memoire-256go-ram-12go.jpg;;;;;;;;
Téléphone SAMSUNG GALAXY S23 Ultra Mémoire 512Go Ram 12Go;S23 Ultra;620000;Accueil;https://ambulantenligne.com/13316/telephone-samsung-galaxy-s23-ultra-memoire-512go-ram-12go.jpg;;;;;;;;
Téléphone SAMSUNG GALAXY S24 Mémoire 256Go Ram 8Go;S24;465000;Accueil;https://ambulantenligne.com/13318/telephone-samsung-galaxy-s24-memoire-256go-ram-8go.jpg;;;;;;;;
Téléphone SAMSUNG GALAXY S24+ Mémoire 256Go Ram 12Go;S24+;510000;Accueil;https://ambulantenligne.com/13320/telephone-samsung-galaxy-s24-memoire-256go-ram-12go.jpg;;;;;;;;
Téléphone SAMSUNG GALAXY S24+ Mémoire 512Go Ram 12Go;S24+;570000;Accueil;https://ambulantenligne.com/13322/telephone-samsung-galaxy-s24-memoire-256go-ram-12go.jpg;;;;;;;;
Téléphone SAMSUNG GALAXY S24 Ultra Mémoire 256Go Ram 12Go;S24 Ultra;580000;Accueil;https://ambulantenligne.com/13328/telephone-samsung-galaxy-s24-ultra-memoire-256go-ram-12go.jpg;;;;;;;;
Téléphone SAMSUNG GALAXY S24 Ultra Mémoire 512Go Ram 12Go;S24 Ultra;720000;Accueil;https://ambulantenligne.com/13329/telephone-samsung-galaxy-s24-ultra-memoire-512go-ram-12go.jpg;;;;;;;;
Friteuse à  air PHILIPS Electrique 4.1L /0.8kg HD9200 manuel;HD9200;60000;Appareil de Cuisson;https://ambulantenligne.com/13348/friteuse-a-air-philips-electrique-41l-08kg-hd9200-manuel.jpg;;;;;;;;
Split/Clim Inverter GREE 2Cv 18000 Btu GREE18IN;GREE18IN;310000;Split/Clim Inverter;https://ambulantenligne.com/13471/split-inverter-gree-3cv-24000-btu-gree24in.jpg;;;;;;;;
"Téléviseur TCL 85"" Smart Tv 4K Android 85P745";85P745;780000;Smart Tv 4K;https://ambulantenligne.com/13477/televiseur-tcl-85-smart-4k-android-85p745.jpg;;;;;;;;
"Téléviseur TCL 98"" Smart Tv 4K Android 98P745";98P745;1850000;Smart Tv 4K;https://ambulantenligne.com/13478/televiseur-tcl-98-smart-4k-android-98p745.jpg;;;;;;;;
Matelas OBAMA 140/190 Epaisseur 15cm + 2 Oreillers offerts;Obama 180/190/15;50000;Accueil;https://ambulantenligne.com/13506/matelas-obama-140190-epaisseur-15cm-2-oreillers-offerts.jpg;;;;;;;;
Matelas OBAMA 90/190 Epaisseur 15cm + 2 Oreillers offerts;Obama 90/190/15;35000;Accueil;https://ambulantenligne.com/13509/matelas-obama-90190-epaisseur-15cm-2-oreillers-offerts.jpg;;;;;;;;
Matelas OBAMA 140/190 Epaisseur 20cm + 2 Oreillers offerts;OBAMA 140/190/20;60000;Matelas & Sommier;https://ambulantenligne.com/13503/matelas-obama-140190-epaisseur-20cm-2-oreillers-offerts.jpg;;;;;;;;
"Téléviseur SAMSUNG 65"" 4K Crystal UHD DU7000 (2024)";DU7000;400000;Accueil;https://ambulantenligne.com/13517/televiseur-samsung-65-4k-crystal-uhd-du7000-2024.jpg;;;;;;;;
"Téléviseur SAMSUNG 75"" 4K Crystal UHD DU7000 (2024)";DU7000;620000;Accueil;https://ambulantenligne.com/13518/televiseur-samsung-65-4k-crystal-uhd-du7000-2024.jpg;;;;;;;;
"Téléviseur SAMSUNG 85"" 4K Crystal UHD 85DU7000 (2024)";85DU7000;950000;Smart Tv 4K;https://ambulantenligne.com/13520/televiseur-samsung-85-4k-crystal-uhd-du7000-2024.jpg;;;;;;;;
"Smart Tv LG 75"" 4K UHD avec magic remote 75UR80006LK";75UR8006;675000;Smart Tv 4K;https://ambulantenligne.com/15598/smart-Tv-lg-75-4k-uhd-avec-magic-remote-75ur80006lk.jpg;;;;;;;;
"Smart Tv LG 65"" 4K UHD avec magic remote 65UR73006LA";UR73006LA;430000;Smart Tv 4K;https://ambulantenligne.com/15593/smart-Tv-lg-65-4k-uhd-avec-magic-remote-65ur73006la-.jpg;;;;;;;;
Machine à  laver ASTECH 10Kg MLV10F-N1003-LC inverter;MLV10F-N1003-LC;265000;Lavante Séchante;https://ambulantenligne.com/13532/machine-a-laver-astech-10kg-mlv10f-n1003-lc-inverter.jpg;;;;;;;;
Bouilloire Electrique ELBEE 1.8L Litres TK1;TK1;7500;Ustensile de Cuisine;https://ambulantenligne.com/13549/bouilloire-electrique-elbee-18l-Litres-tk1.jpg;;;;;;;;
Bouilloire Electrique ELBEE 1.8L Litres TK2;TK2;7500;Ustensile de Cuisine;https://ambulantenligne.com/13551/bouilloire-electrique-elbee-18l-Litres-tk2.jpg;;;;;;;;
Bouilloire Electrique ELBEE 1.8L Litres TK4;TK4;10000;Ustensile de Cuisine;https://ambulantenligne.com/13552/bouilloire-electrique-elbee-18l-Litres-tk4.jpg;;;;;;;;
Bouilloire Electrique ELBEE 1.8L Litres TK3;TK3;10000;Ustensile de Cuisine;https://ambulantenligne.com/13553/bouilloire-electrique-elbee-18l-Litres-tk3.jpg;;;;;;;;
Fer à  repasser ELBEE à  vapeur 1600W SMR1;SMR1;10000;Repassage;https://ambulantenligne.com/13554/fer-a-repasser-elbee-a-vapeur-1600w-smr1.jpg;;;;;;;;
Fer à  repasser ELBEE à  vapeur 1600W SMR2;SMR2;10000;Repassage;https://ambulantenligne.com/13555/fer-a-repasser-elbee-a-vapeur-1600w-smr2.jpg;;;;;;;;
Fer à  repasser ELBEE à  vapeur 1600W SMR3;SMR3;10000;Repassage;https://ambulantenligne.com/13556/fer-a-repasser-elbee-a-vapeur-1600w-smr3.jpg;;;;;;;;
Fer à  repasser ELBEE à  vapeur 2200W SMR4;SMR4;15000;Repassage;https://ambulantenligne.com/13557/fer-a-repasser-elbee-a-vapeur-2200w-smr4.jpg;;;;;;;;
Fer à  repasser ELBEE à  vapeur 2200W SMR6;SMR6;15000;Repassage;https://ambulantenligne.com/13558/fer-a-repasser-elbee-a-vapeur-2200w-smr6.jpg;;;;;;;;
Mixeur 2 en 1 ELBEE Avec Pot Incassable 1.5 Litre â  LB-T70;LB T70;12000;Mixeur & Jus;https://ambulantenligne.com/13559/mixeur-2-en-1-elbee-avec-pot-incassable-15-litre-lb-t70.jpg;;;;;;;;
Mixeur 2 en 1 ELBEE Avec Pot Incassable 1.5 Litre LB47;LB47;12000;Mixeur & Jus;https://ambulantenligne.com/13560/mixeur-2-en-1-elbee-avec-pot-incassable-15-litre-lb47.jpg;;;;;;;;
Réchaud ELBEE 2 Feux à  gaz A21;A21;20000;Appareil de Cuisson;https://ambulantenligne.com/13561/Réchaud-elbee-2-Feux-a-gaz-a21-.jpg;;;;;;;;
Cuiseur a Oeuf SMART TECHNOLOGY STPE-4785D;STPE-4785D;8000;Petit électro;https://ambulantenligne.com/13562/cuiseur-a-oeuf-smart-technology-stpe-4785d.jpg;;;;;;;;
Friteuse à  air DECAKILA 3;5L Vert KEEC036V;KEEC036V;30000;Appareil de Cuisson;https://ambulantenligne.com/13563/friteuse-a-air-decakila-35l-vert-keec036v.jpg;;;;;;;
Friteuse à  air DECAKILA Manuel 2.2L Noir KEEC034B;KEEC034B;29000;Appareil de Cuisson;https://ambulantenligne.com/13566/friteuse-a-air-decakila-manuel-22l-noir-keec034b.jpg;;;;;;;;
Friteuse à  air DECAKILA  2.2L Noir KEEC035B;KEEC035B;30000;Appareil de Cuisson;https://ambulantenligne.com/13568/friteuse-a-air-decakila-22l-noir-keec035b.jpg;;;;;;;;
Friteuse à  air DECAKILA 4;5L KEEC038B Noir;KEEC038B;35000;Appareil de Cuisson;https://ambulantenligne.com/13572/friteuse-a-air-decakila-45l-keec038b-noir.jpg;;;;;;;
Friteuse à  air DECAKILA Digital 2 pièces 4;5L KEEC039B;KEEC039B;40000;Appareil de Cuisson;https://ambulantenligne.com/13576/friteuse-a-air-decakila-digital-2-pieces-45l-keec039b.jpg;;;;;;;
Friteuse à  air DECAKILA 5 Litres KEEC045B;KEEC045B;40000;Appareil de Cuisson;https://ambulantenligne.com/13578/friteuse-a-air-decakila-5-Litres-keec045b.jpg;;;;;;;;
Miniair frayer QUIGG gris noir GTDFM 01;GTDFM 01;12500;Appareil de Cuisson;https://ambulantenligne.com/13579/mini-air-frayer-quigg-gris-noir-gtdfm-01.jpg;;;;;;;;
Barre de Son     SonY HT-S100F;HT-S100F;73500;Barre de Son    ;https://ambulantenligne.com/13583/barre-de-Son-Sony-ht-s100f.jpg;;;;;;;;
Barre de Son     HISENSE  HS205;HS205;62500;Barre de Son    ;https://ambulantenligne.com/13586/barre-de-Son-hisense-hs205.jpg;;;;;;;;
Barre de Son     HISENSE AX312G 3.1.2;AX312G;162500;Barre de Son    ;https://ambulantenligne.com/13590/barre-de-Son-hisense-ax312g-312.jpg;;;;;;;;
Barre de Son     HISENSE  HS2100;HS2100;92500;Barre de Son    ;https://ambulantenligne.com/13594/barre-de-Son-hisense-hs2100.jpg;;;;;;;;
Batteur Electrique SMART TECHNOLOGY STPE-804D;STPE-804D;9000;Robot de Cuisine;https://ambulantenligne.com/13596/batteur-electrique-smart-technology-stpe-804d.jpg;;;;;;;;
Batteur Electrique SMART TECHNOLOGY STPE-815D;STPE-815D;14000;Robot de Cuisine;https://ambulantenligne.com/13597/batteur-electrique-smart-technology-stpe-815d.jpg;;;;;;;;
Batteur Electrique avec Bol SMART TECHNOLOGY STPE-822D;STPE-822D;25000;Robot de Cuisine;https://ambulantenligne.com/13598/batteur-electrique-avec-bol-smart-technology-stpe-822d.jpg;;;;;;;;
Batteuse LEFON avec bol Noir Gris LFSM-6652;LFSM-6652;16500;Robot de Cuisine;https://ambulantenligne.com/13599/batteuse-lefon-avec-bol-noir-gris-lfsm-6652.jpg;;;;;;;;
Robot de Cuisine Patissier SMART TECHNOLOGY STPE-9999D;;82500;Robot de Cuisine;https://ambulantenligne.com/13600/robot-de-Cuisine-patissier-smart-technology-stpe-9999d.jpg;;;;;;;;
Rape professionnelle SANTOS NÂ°2 pour fromage; chocolat; fruit sec;SANTOS NÂ°2;750000;Matériel de Cuisine;https://ambulantenligne.com/13603/rape-professionnelle-santos-n2-pour-fromage-chocolat-fruit-sec.jpg;;;;;;
Planche à  gaz professionnel AIRLEX en acier laminà© 60cm;60PGLN;365000;Matériel de Cuisine;https://ambulantenligne.com/13609/planche-a-gaz-professionnel-airlex-en-acier-lamine-60cm.jpg;;;;;;;;
Planche à  gaz professionnel AIRLEX en acier laminà© 80cm;80PGLN;475000;Matériel de Cuisine;https://ambulantenligne.com/13608/planche-a-gaz-professionnel-airlex-en-acier-lamine-80cm.jpg;;;;;;;;
Planche à  gaz professionnel AIRLEX en acier laminà© 100cm;100PGLN;565000;Matériel de Cuisine;https://ambulantenligne.com/13607/planche-a-gaz-professionnel-airlex-en-acier-lamine-100cm.jpg;;;;;;;;
Réchaud à  gaz professionnel AIRLEX 2 Feux 80cm;80CGN;675000;Matériel de Cuisine;https://ambulantenligne.com/13611/Réchaud-a-gaz-professionnel-airlex-2-Feux-80cm.jpg;;;;;;;;
"Téléviseur SMART TECHNOLOGY 75"" Smart Android 75STT-5075SA";75STT-5075SA;400000;55 Pouces & Plus;https://ambulantenligne.com/13612/televiseur-smart-technology-75-smart-android-75stt-5075sa.jpg;;;;;;;;
Réfrigérateur HAIER side by side 750L Multiportes HS26FSNAAA;HS26FSNAAA;1295000;Réfrigerateur;https://ambulantenligne.com/13633/Réfrigerateur-haier-side-by-side-750l-multiportes-hs26fsnaaa.jpg;;;;;;;;
Hachoir à  viande & légumes KING STYLE multifonction 15L;King style 15L;40000;Accueil;https://ambulantenligne.com/13656/hachoir-a-viande-legumes-king-style-multifonction-15l.jpg;;;;;;;;
CERATEC LIQUIMOLY Anti Usure Moteur & Boite de vitesses BA-CERATEC-YE;BA-CERATEC-YE;35000;Lubrifiants;https://ambulantenligne.com/13657/ceratec-liquimoly-anti-usure-moteur-boite-de-vitesses-.jpg;;;;;;;;
Bougie d'allumage MotoRCRAFT Pour Ford escape / Fusion BA-SP-589-YE;BA-SP-589-YE;10000;Pièces détachées;https://ambulantenligne.com/13659/bougie-d-allumage-Motorcraft-pour-ford-escape-fusion.jpg;;;;;;;;
Bougie d'allumage HELLA Pour Hyundai & MERCEDES BA-IFJ9RC-8P-YE;BA-IFJ9RC-8P-YE;10000;Pièces détachées;https://ambulantenligne.com/13662/bougie-d-allumage-hella-pour-hyundai-mercedes.jpg;;;;;;;;
Huile Moteur KENNOL100% Synthà¨se Energy 5 Litres BA-5W-30-YE;BA-5W-30-YE;25000;Lubrifiants;https://ambulantenligne.com/13665/huile-moteur-kennol100-synthese-energy-5-Litres.jpg;;;;;;;;
Huile Moteur WOLF Ecotech Hybride 5 Litres BA-5W-20 SP/RC D1-3-YE;BA-5W-20 SP/RC D1-3-YE;35000;Lubrifiants;https://ambulantenligne.com/13667/huile-moteur-wolf-ecotech-hybride-5-Litres.jpg;;;;;;;;
Batterie Enercell Super premium Calcium 55AH BA-CMF-55559-YE;BA-CMF-55559-YE;40000;Batteries;https://ambulantenligne.com/13668/batterie-enercell-super-premium-calcium-55ah.jpg;;;;;;;;
Batterie de voiture Bosch 100AH BA-S5 013-YE;BA-S5 013-YE;130000;Batteries;https://ambulantenligne.com/13669/batterie-de-voiture-bosch-100ah-.jpg;;;;;;;;
Plaquette de frein avant de voiture MATE BRAKE BA-58101P2A00D2380-YE;BA-58101P2A00D2380-YE;35000;Pièces détachées;https://ambulantenligne.com/13671/plaquette-de-frein-avant-de-voiture-mate-brake.jpg;;;;;;;;
Courroie Dayco Poly-V Belt pour voiture Ford Ranger BA-7PK3136S-YE;BA-7PK3136S-YE;35000;Pièces détachées;https://ambulantenligne.com/13673/courroie-dayco-poly-v-belt-pour-voiture-ford-ranger.jpg;;;;;;;;
Courroie  trapèzoidale Multi-V Belt Ford Edge BA-6DPK2200-YE;BA-6DPK2200-YE;35000;Pièces détachées;https://ambulantenligne.com/13674/courroie-trapezoidale-multi-v-belt-ford-edge.jpg;;;;;;;;
Courroie Mitsubishi Ribstar V-Belt Ford Escape BA-6PK2185-YE;BA-6PK2185-YE;15000;Pièces détachées;https://ambulantenligne.com/13675/courroie-mitsuboshi-ribstar-v-belt-ford-escape.jpg;;;;;;;;
Courroie HutchinSon Poly V Belt multi-emplacements BA-2550K6-YE;BA-2550K6-YE;15000;Pièces détachées;https://ambulantenligne.com/13676/courroie-hutchinSon-poly-v-belt-multi-emplacements.jpg;;;;;;;;
Courroie Gates Micro-V Belt BA-6PK975-YE;BA-6PK975-YE;7000;Pièces détachées;https://ambulantenligne.com/13677/courroie-gates-micro-v-belt-6pk975.jpg;;;;;;;;
Cache-Culbuteur Original parts peugeot DS4 DS5 208 308 RCZ 1.6 THP EP6 BA-0248 S7-YE;BA-0248 S7-YE;80000;Pièces détachées;https://ambulantenligne.com/13678/cache-culbuteur-original-parts-peugeot-ds4-ds5-208-308-rcz-16-thp-ep6-0248s7.jpg;;;;;;;;
Cache-Culbuteur Culasse Pour BMW 1 2 3 4 5 F20 F22 F30 F33 F36 BA-11127625477-YE;BA-11127625477-YE;100000;Pièces détachées;https://ambulantenligne.com/13680/cache-culbuteurculasse-pour-bmw-1-2-3-4-5-f20-f22-f30-f33-f36.jpg;;;;;;;;
Sonde lambda capteur aprà¨s catalyseur C1 107 Aygo BA-2349149-YE;BA-2349149-YE;45000;Pièces détachées;https://ambulantenligne.com/13684/Sonde-lambda-capteur-apres-catalyseur-c1-107-aygo.jpg;;;;;;;;
Joint de culasse ELRING 167.911 pour CHEVROLET MALIBU 2.4 2008-2012 BA-1259-7769-YE;BA-1259-7769-YE;20000;Pièces détachées;https://ambulantenligne.com/13686/joint-de-culasse-elring-167911-pour-chevrolet-malibu-24-2008-2012.jpg;;;;;;;;
Amortisseurs avant Ford Escape 2010 - 2012 BA-72619-YE;BA-72619-YE;80000;Pièces détachées;https://ambulantenligne.com/13687/paire-d-amortisseurs-avant-gauche-droit-pour-ford-escape-2001-2012.jpg;;;;;;;;
Amortisseur de suspension arrières Ford Fusion 2013-2020 BA-DG9Z-18125-C-YE;BA-DG9Z-18125-C-YE;60000;Pièces détachées;https://ambulantenligne.com/13688/amortisseur-de-suspension-arrieres-ford-fusion-2013-2020.jpg;;;;;;;;
CUISINIERE HAIER HCR 6050EGS2 90X60 5 Feux GRIS;HCR 6050EGS2;270000;5 Feux 90/60;https://ambulantenligne.com/13691/cuisiniere-haier-hcr-6050egs-90x60-5-Feux-gris.jpg;;;;;;;;
Filtre de transmission 6F35 pour Ford Escape; Ford Fusion; Lincoln; Mazda 2009-2018 BA-6F35-YE;BA-6F35-YE;35000;Pièces détachées;https://ambulantenligne.com/13692/filtre-de-transmission-6f35-pour-ford-escape-ford-fusion-lincoln-mazda-2009-2018.jpg;;;;;
Kit d'embrayage Valeo BA-832507-YE;BA-832507-YE;120000;Pièces détachées;https://ambulantenligne.com/13693/kit-d-embrayage-valeo.jpg;;;;;;;;
Balai d'essuie-glace  DOGA DURAVISION flex plat BA-DVF65-YE;BA-DVF65-YE;10000;Equipements;https://ambulantenligne.com/13696/balai-d-essuie-glace-doga-duravision-flex-plat.jpg;;;;;;;;
Conpex Auto Led phare voiture 12V BA- 9005;9006;H1;H3;H5;H7;H11;D1s;D3s-YE;BA- 9005,9006,H1,H3,H5,H7,H11,D1s,D3s-YE;30000;Pièces détachées;https://ambulantenligne.com/13700/conpex-auto-Led-phare-voiture-lampes-ampoule-lumiere-Led-voiture-12v-.jpg
Cuisinière HAIER 4 Feux 3 Gaz 1 Electrique 60/60 HCR2031EESB Four Electrique;HCR 2031EESB;170000;4 Feux 60/60;https://ambulantenligne.com/15319/cuisiniere-haier-4-Feux-3-gaz-1-electrique-6060-hcr2031eesb-four-electrique.jpg;;;;;;;;
Ensemble de moyeu de roulement de roue avant  pour L200 BA-MR992374-YE;BA-MR992374-YE;45000;Pièces détachées;https://ambulantenligne.com/13702/ensemble-de-moyeu-de-roulement-de-roue-avant-pour-l200.jpg;;;;;;;;
Moyeu de Roue arrière Pour FORD Edge LINCOLN Continental MKX 2015 BA-MC512580R-YE;BA-MC512580R-YE;50000;Pièces détachées;https://ambulantenligne.com/13704/moyeu-de-roue-arriere-pour-ford-edge-lincoln-continental-mkx-2015.jpg;;;;;;;;
Bobine D'Allumage BERU BA-ZSE093-YE;BA-ZSE093-YE;50000;Pièces détachées;https://ambulantenligne.com/13707/bobine-d-allumage-beru.jpg;;;;;;;;
Boitier Filtre à  Gasoil Logan Duster Sandero BA-FP5928A-YE;BA-FP5928A-YE;20000;Pièces détachées;https://ambulantenligne.com/13708/boitier-filtre-a-gasoil-logan-duster-sandero.jpg;;;;;;;;
Filtre à  air COOPERSFIAAM FILTERS BA-PA7871-YE;BA-PA7871-YE;10000;Pièces détachées;https://ambulantenligne.com/13711/filtre-a-air-coopersfiaam-filters-pa7871.jpg;;;;;;;;
Filtre à  Pollen COOPERSFIAAM  pour BMW BA-PC8349-YE;BA-PC8349-YE;10000;Pièces détachées;https://ambulantenligne.com/13712/filtre-a-pollen-coopersfiaam-pc8349-pour-bmw.jpg;;;;;;;;
Congélateur HAIER 719 Litres 2 portes HCF788H;HCF788H;495000;501 Litres & Plus;https://ambulantenligne.com/16314/Congélateur-haier-719-Litres-2-portes-hcf788h-.jpg;;;;;;;;
Filtre à  Pollen COOPERSFIAAM  pour Mercedes BA-PCK8359-2-YE;BA-PCK8359-2-YE;15000;Pièces détachées;https://ambulantenligne.com/13714/filtre-a-pollen-coopersfiaam-pck8359-2-pour-mercedes.jpg;;;;;;;;
Filtre à  Huile COOPERSFIAAM Pour Mercedes BA-FA6113ECO-YE;BA-FA6113ECO-YE;12000;Pièces détachées;https://ambulantenligne.com/13715/filtre-a-huile-coopersfiaam-pour-mercedes.jpg;;;;;;;;
Filtre à  Huile COOPERSFIAAM Pour Range BA-FA6875ECO-YE;BA-FA6875ECO-YE;10000;Pièces détachées;https://ambulantenligne.com/13716/filtre-a-huile-coopersfiaam-pour-range.jpg;;;;;;;;
Cartouche Huile PURFLUX Filtre à  Huile BA-LS969-YE;BA-LS969-YE;5000;Pièces détachées;https://ambulantenligne.com/13717/cartouche-huile-purflux-filtre-a-huile.jpg;;;;;;;;
Congélateur HAIER 146 Litres HCF208;HCF208S;155000;Moins de 250 Litres;https://ambulantenligne.com/13720/Congélateur-haier-146-Litres-hcf208.jpg;;;;;;;;
Congélateur Haier hvf260st 1 porte  225 Litres;HVF260ST;300000;Congélateur Vertical;https://ambulantenligne.com/13725/Congélateur-haier-hvf260st-1-porte-225-Litres.jpg;;;;;;;;
Congélateur hcf 328H 1 porte 251 Litres;HCF 328H;215000;251 - 500 Litres;https://ambulantenligne.com/13726/Congélateur-hcf-328h-1-porte-251-Litres.jpg;;;;;;;;
Arret d'huile VICTOR REINZ Pour Range Rover BA-81-10505-00-YE;BA-81-10505-00-YE;45000;Pièces détachées;https://ambulantenligne.com/13727/arret-d-huile-victor-reinz-pour-range-rover.jpg;;;;;;;;
ReFroidisseur d'huile moteur Pour VOLKSWAGEN KRAFTv BA-8090017-YE;BA-8090017-YE;40000;Pièces détachées;https://ambulantenligne.com/13730/reFroidisseur-d-huile-moteur-pour-volkswagen-krafTv.jpg;;;;;;;;
ReFroidisseur d'huile moteur  pour Hyundai Elantra Kona Sonata TucSon Veloster 1;6 L BA-26410-2B740-YE;BA-26410-2B740-YE;50000;Pièces détachées;https://ambulantenligne.com/13731/reFroidisseur-d-huile-moteur-pour-hyundai-elantra-kona-Sonata-tucSon-veloster-16-l.jpg;;;;;;;
Biellette de barre stabilisatrice HYUNDAI arrière et avant BA-SE 6134-47/48-YE;BA-SE 6134-47/48-YE;16000;Pièces détachées;https://ambulantenligne.com/13733/biellette-de-barre-stabilisatrice-hyundai-arriere-et-avant.jpg;;;;;;;;
Nettoyant pour filtre à  particules K2 500 ml BA-K2-YE;BA-K2-YE;10000;Lubrifiants;https://ambulantenligne.com/13735/nettoyant-pour-filtre-a-particules-k2-500-ml.jpg;;;;;;;;
Vasque salle de bain SPYCON MA-VAS-DULIX;MA-VAS-DULIX;52500;Accueil;https://ambulantenligne.com/13743/vasque-salle-de-bain-spycon-ma-vas-dulix.jpg;;;;;;;;
Vasque salle de bain MA-VAS-DULIX;;49900;Accueil;https://ambulantenligne.com/13745/vasque-salle-de-bain-ma-vas-dulix.jpg;;;;;;;;
Ensemble Lavabo + Chaise Anglaise LA-CA-DULIX;LA-CA-DULIX;100000;Accueil;https://ambulantenligne.com/13748/ensemble-lavago-Chaise-anglaise-la-ca-dulix.jpg;;;;;;;;
Ensemble Lavabo + Chaise Anglaise LA-CA-DULIX105;LA-CA-DULIX105;149900;Accessoires Sanitaires;https://ambulantenligne.com/13750/ensemble-lavago-Chaise-anglaise-la-ca-dulix105.jpg;;;;;;;;
Ensemble Lavabo + Chaise Anglaise LA-CA-DULIX100;LA-CA-DULIX100;149900;Accessoires Sanitaires;https://ambulantenligne.com/13751/ensemble-lavago-Chaise-anglaise-la-ca-dulix100.jpg;;;;;;;;
Ensemble Lavabo + Chaise Anglaise LA-CA-DULIX102;LA-CA-DULIX102;149900;Accessoires Sanitaires;https://ambulantenligne.com/13752/ensemble-lavago-Chaise-anglaise-la-ca-dulix102.jpg;;;;;;;;
Ensemble Lavabo + Chaise Anglaise LA-CA-DULIX110;LA-CA-DULIX110;150000;Accessoires Sanitaires;https://ambulantenligne.com/13753/ensemble-lavago-Chaise-anglaise-la-ca-dulix110.jpg;;;;;;;;
Ensemble Lavabo + Chaise Anglaise LA-CA-DULIX;LA-CA-DULIX;170000;Equipements de salle de bain;https://ambulantenligne.com/13754/ensemble-lavago-Chaise-anglaise-la-ca-dulix.jpg;;;;;;;;
Ensemble Lavabo + Chaise Anglaise LA-CA-DULIX;LA-CA-DULIX;170000;Equipements de salle de bain;https://ambulantenligne.com/13755/ensemble-lavago-Chaise-anglaise-la-ca-dulix.jpg;;;;;;;;
Ensemble Lavabo + Chaise Anglaise LA-CA-DULIX;LA-CA-DULIX;170000;Accueil;https://ambulantenligne.com/13756/ensemble-lavago-Chaise-anglaise-la-ca-dulix.jpg;;;;;;;;
Ensemble Lavabo + Chaise Anglaise LA-CA-DULIX;LA-CA-DULIX;170000;Equipements de salle de bain;https://ambulantenligne.com/13757/ensemble-lavago-Chaise-anglaise-la-ca-dulix.jpg;;;;;;;;
Ensemble Lavabo + Chaise Anglaise LA-CA-DULIX;LA-CA-DULIX;170000;Equipements de salle de bain;https://ambulantenligne.com/13758/ensemble-lavago-Chaise-anglaise-la-ca-dulix.jpg;;;;;;;;
Ensemble Lavabo + Chaise Anglaise LA-CA-DULIX;LA-CA-DULIX;170000;Equipements de salle de bain;https://ambulantenligne.com/13759/ensemble-lavago-Chaise-anglaise-la-ca-dulix.jpg;;;;;;;;
Douchette Salle de Bain Colonne de douche 3 en1 HT8897;HT8897;90000;Robinetterie;https://ambulantenligne.com/13764/douchette-salle-de-bain-colonne-de-douche-3-en1-ht8897.jpg;;;;;;;;
Réservoir d'eau 500 Litres noir RES-LIB-ISSA500;RES-LIB-ISSA500;97500;Plomberie;https://ambulantenligne.com/13765/reservoir-d-eau-500-Litres-noir.jpg;;;;;;;;
Réservoir d'eau 1000 Litres noir RES-LIB-ISSA1000;RES-LIB-ISSA1000;195000;Plomberie;https://ambulantenligne.com/13766/reservoir-d-eau-1000-Litres-noir.jpg;;;;;;;;
Réservoir d'eau 2000 Litres noir RES-LIB-ISSA2000;RES-LIB-ISSA2000;268500;Plomberie;https://ambulantenligne.com/13767/reservoir-d-eau-2000-Litres-noir.jpg;;;;;;;;
Réservoir d'eau 3000 Litres noir RES-LIB-ISSA3000;RES-LIB-ISSA3000;420000;Plomberie;https://ambulantenligne.com/13768/reservoir-d-eau-3000-Litres-noir.jpg;;;;;;;;
Matelas STARFLEX 160x200 Epaisseur 25cm  + 2 Oreillers offerts;STARFLEX 160/200/25;130000;Matelas & Sommier;https://ambulantenligne.com/13769/matelas-starflex-160200-epaisseur-25cm-2-oreillers-offerts.jpg;;;;;;;;
Rouleau Etanchéité Chape nue BITUNIL GOBIT GULF LIB-ISSA;Chape nue-LIB-ISSA;20500;Accessoires Sanitaires;https://ambulantenligne.com/13774/rouleau-etancheite-chape-nue-lib-issa.jpg;;;;;;;;
Rouleau Etanchéité Chape Grain LIB-ISSA;Chape Grain LIB-ISSA;22000;Accueil;https://ambulantenligne.com/13771/rouleau-etancheite-chape-grain-lib-issa.jpg;;;;;;;;
Flintkote 20KG ECOPRIMER NOIR FLINT-LIB-ISSA;FLINT-LIB-ISSA;30000;Accessoires Sanitaires;https://ambulantenligne.com/13773/flintkote-20kg-ecoprimer-flint-lib-issa.jpg;;;;;;;;
Douchette Salle de Bain Colonne de douche 3 en1 HT-8802;HT-8802;90000;Robinetterie;https://ambulantenligne.com/13775/douchette-salle-de-bain-colonne-de-douche-3-en1-ht-8802.jpg;;;;;;;;
Douchette Salle de Bain Colonne de douche 3 en1 HT8121;HT8121;90000;Robinetterie;https://ambulantenligne.com/13776/douchette-salle-de-bain-colonne-de-douche-3-en1-ht8121.jpg;;;;;;;;
Douchette Salle de Bain Colonne de douche 3 en1 HT8809-1;HT-8809-1;90000;Robinetterie;https://ambulantenligne.com/13777/douchette-salle-de-bain-colonne-de-douche-3-en1-ht8809-1.jpg;;;;;;;;
Douchette Salle de Bain Colonne de douche 3 en1 HT-8522;HT-8522;90000;Robinetterie;https://ambulantenligne.com/13778/douchette-salle-de-bain-colonne-de-douche-3-en1-ht-8522.jpg;;;;;;;;
Douchette Salle de Bain Colonne de douche 3 en1 HF-8801-3;HF-8801-3;90000;Robinetterie;https://ambulantenligne.com/13779/douchette-salle-de-bain-colonne-de-douche-3-en1-hf-8801-3.jpg;;;;;;;;
Ensemble Lavabo suspendu + Chaise Anglaise LA-CA-DULIX GTS-1001;LA-CA-DULIX GTS-1001;200000;Accessoires Sanitaires;https://ambulantenligne.com/13780/ensemble-lavabo-Chaise-anglaise-la-ca-dulix-gts-1001.jpg;;;;;;;;
Douchette Salle de Bain Colonne de douche 2 en1 SPZL000428;SPZL000428;90000;Robinetterie;https://ambulantenligne.com/13781/douchette-salle-de-bain-colonne-de-douche-2-en1-spzl000428.jpg;;;;;;;;
Ensemble Lavabo Suspendu + Chaise Anglaise LA-CA-DULIX GTS-1010;LA-CA-DULIX GTS-1010;200000;Accessoires Sanitaires;https://ambulantenligne.com/13782/ensemble-lavabo-Chaise-anglaise-la-ca-dulix-gts-1010.jpg;;;;;;;;
Ensemble Lavabo Suspendu + Chaise Anglaise LA-CA-DULIX GTS-1013;LA-CA-DULIX GTS-1013;200000;Accessoires Sanitaires;https://ambulantenligne.com/13784/ensemble-lavabo-Chaise-anglaise-la-ca-dulix-gts-1013.jpg;;;;;;;;
Douchette Salle de Bain Colonne de douche 3 en1 HT8881;HT8881;90000;Robinetterie;https://ambulantenligne.com/13783/douchette-salle-de-bain-colonne-de-douche-3-en1-ht8881.jpg;;;;;;;;
Ensemble Lavabo Suspendu + Chaise Anglaise LA-CA-DULIX GTS-1022;LA-CA-DULIX GTS-1022;200000;Accessoires Sanitaires;https://ambulantenligne.com/13786/ensemble-lavabo-Chaise-anglaise-la-ca-dulix-gts-1022.jpg;;;;;;;;
Douchette Salle de Bain Colonne de douche 3 en1 HT8113;HT8113;90000;Robinetterie;https://ambulantenligne.com/13785/douchette-salle-de-bain-colonne-de-douche-3-en1-ht8113.jpg;;;;;;;;
Douchette Salle de Bain Colonne de douche 3 en1 HT8886;HT8886;90000;Robinetterie;https://ambulantenligne.com/13787/douchette-salle-de-bain-colonne-de-douche-3-en1-ht8886.jpg;;;;;;;;
Douchette Salle de Bain Colonne de douche 3 en1 WJ109207711;WJ109207711;90000;Robinetterie;https://ambulantenligne.com/13788/douchette-salle-de-bain-colonne-de-douche-3-en1-wj109207711.jpg;;;;;;;;
Douchette Salle de Bain Colonne de douche 3 en1 HT8879;HT8879;90000;Robinetterie;https://ambulantenligne.com/13789/douchette-salle-de-bain-colonne-de-douche-3-en1-ht8879.jpg;;;;;;;;
Meuble de salle de bain LA-DULIX 111A-80;LA-DULIX 111A-80;190000;Equipements de salle de bain;https://ambulantenligne.com/13791/meuble-de-salle-de-bain-la-dulix-11a-80.jpg;;;;;;;;
Douchette Salle de Bain Colonne de douche 3 en1 HT8118;HT8118;90000;Robinetterie;https://ambulantenligne.com/13790/douchette-salle-de-bain-colonne-de-douche-3-en1-ht8118.jpg;;;;;;;;
Robinet mitigeur Salle de Bain; Robinet Lavabo A313;A313;50000;Robinetterie;https://ambulantenligne.com/13795/robinet-salle-de-bain-robinet-lavabo-a313.jpg;;;;;;;
Meuble de salle de bain LA-DULIX 5001-80;LA-DULIX 5001-80;190000;Equipements de salle de bain;https://ambulantenligne.com/13792/meuble-de-salle-de-bain-la-dulix-5001-80.jpg;;;;;;;;
Meuble de salle de bain LA-DULIX 8022-80;LA-DULIX 8022-80;190000;Equipements de salle de bain;https://ambulantenligne.com/13793/meuble-de-salle-de-bain-la-dulix-8022-80.jpg;;;;;;;;
Meuble de salle de bain LA-DULIX 8003A-60;LA-DULIX 8003A-60;190000;Equipements de salle de bain;https://ambulantenligne.com/13794/meuble-de-salle-de-bain-la-dulix-8003a-60.jpg;;;;;;;;
Robinet mitigeur Salle de Bain; Robinet Lavabo A312;A312;50000;Robinetterie;https://ambulantenligne.com/13796/robinet-salle-de-bain-robinet-lavabo-a312.jpg;;;;;;;
Robinet mitigeur Salle de Bain; Robinet Lavabo A311;A311;50000;Robinetterie;https://ambulantenligne.com/13797/robinet-salle-de-bain-robinet-lavabo-a311.jpg;;;;;;;
Robinet mitigeur Salle de Bain; Robinet Lavabo 5004;5004;50000;Robinetterie;https://ambulantenligne.com/13798/robinet-salle-de-bain-robinet-lavabo-5004.jpg;;;;;;;
Robinet mitigeur Salle de Bain; Robinet Lavabo 6007;6007;25000;Robinetterie;https://ambulantenligne.com/13799/robinet-salle-de-bain-robinet-lavabo-6007.jpg;;;;;;;
Robinet mitigeur Salle de Bain; Robinet Lavabo;;25000;Robinetterie;https://ambulantenligne.com/13800/robinet-salle-de-bain-robinet-lavabo.jpg;;;;;;;
Robinet mitigeur Salle de Bain; Robinet Lavabo;;25000;Robinetterie;https://ambulantenligne.com/13801/robinet-salle-de-bain-robinet-lavabo.jpg;;;;;;;
Minifour HISENSE 28L avec Plaque chauffante 2 Feux Electriques H28TOBKPKL16;H28TOBKPKL16;55000;Accueil;https://ambulantenligne.com/13807/mini-four-hisense-28l-avec-plaque-chauffante-2-Feux-electriques-h28tobkpkl16.jpg;;;;;;;;
Batterie DURAGOLD 55AH EL-MF DIN55-BEE;EL-MF DIN55-BEE;40000;Batteries;https://ambulantenligne.com/13810/batterie-duragold-55ah-mf-din55.jpg;;;;;;;;
Batterie DURAGOLD 150 AH ELL-MF-DIN150-BE;ELL-MF-DIN150-BE;82500;Batteries;https://ambulantenligne.com/13812/batterie-duragold-150-ah-mf-din150.jpg;;;;;;;;
Batterie DURAGOLD 250 AH EL-MF N250-BEE;EL-MF N250-BEE;130000;Batteries;https://ambulantenligne.com/13814/batterie-duragold-250-ah-mf-n250.jpg;;;;;;;;
Batterie DURAGOLD 120 AH EL-MFDIN120-BEE;EL-MF DIN120-BEE;72500;Batteries;https://ambulantenligne.com/13816/batterie-duragold-120-ah-mf-din120.jpg;;;;;;;;
Batterie DURAGOLD 75 AH EL-MF DIN75-BEE;EL-MF DIN75-BEE;48000;Batteries;https://ambulantenligne.com/13817/batterie-duragold-75-ah-mf-din75.jpg;;;;;;;;
Batterie DURAGOLD 70 AH EL-MF DIN70-BEE;EL-MF DIN70-BEE;45000;Batteries;https://ambulantenligne.com/13819/batterie-duragold-70-ah-mf-din70.jpg;;;;;;;;
Batterie DURAGOLD 80 AH EL-MF N80-BEE;EL-MF N80-BEE;50000;Lubrifiants;https://ambulantenligne.com/13821/batterie-duragold-80-ah-mf-n80.jpg;;;;;;;;
Batterie DURAGOLD 100 AH EL-MF DIN100-BEE;EL-MF DIN100-BEE;55000;Batteries;https://ambulantenligne.com/13823/batterie-duragold-100-ah-mf-din100.jpg;;;;;;;;
Batterie DURAGOLD 90 AH EL-MF N90-BEE;EL-MF N90-BEE;53000;Batteries;https://ambulantenligne.com/13824/batterie-duragold-90-ah-mf-n90.jpg;;;;;;;;
Batterie solaire LUMINOUS 12V/100AH EL-ILST12042-BEE;EL-ILST12042-BEE;115000;Batteries;https://ambulantenligne.com/13826/batterie-solaire-luminous-12v100ah-ilst12042.jpg;;;;;;;;
Batterie solaire LUMINOUS 12V/150AH EL-ILTT18000N-BEE;EL-ILTT18000N-BEE;165000;Batteries;https://ambulantenligne.com/13827/batterie-solaire-luminous-12v150ah-iltt18000n.jpg;;;;;;;;
Batterie solaire LUMINOUS 12V/220AH EL-ILTT26060-BEE;EL-ILTT26060-BEE;210000;Batteries;https://ambulantenligne.com/13828/batterie-solaire-luminous-12v220ah-iltt26060.jpg;;;;;;;;
"Extracteur d'air ELBEE de Cuisine & salle de bain 10"" Pouces";Extracteur d'air ELBEE;25000;Accessoires Sanitaires;https://ambulantenligne.com/13829/extracteur-d-air-elbee-de-Cuisine-salle-de-bain-10-Pouces.jpg;;;;;;;;
"Extracteur d'air ELBEE de Cuisine & salle de bain 12"" Pouces";Extracteur d'air ELBEE;27500;Accessoires Sanitaires;https://ambulantenligne.com/13830/extracteur-d-air-elbee-de-Cuisine-salle-de-bain-12-Pouces.jpg;;;;;;;;
"Extracteur d'air ELBEE de Cuisine & salle de bain 14"" Pouces";Extracteur d'air ELBEE;30000;Accessoires Sanitaires;https://ambulantenligne.com/13831/extracteur-d-air-elbee-de-Cuisine-salle-de-bain-14-Pouces.jpg;;;;;;;;
"Extracteur d'air ELBEE de Cuisine & salle de bain 16"" Pouces";Extracteur d'air ELBEE;35000;Accessoires Sanitaires;https://ambulantenligne.com/13832/extracteur-d-air-elbee-de-Cuisine-salle-de-bain-16-Pouces.jpg;;;;;;;;
"Extracteur d'air ELBEE de Cuisine & salle de bain 18"" Pouces";Extracteur d'air ELBEE;37500;Accessoires Sanitaires;https://ambulantenligne.com/13833/extracteur-d-air-elbee-de-Cuisine-salle-de-bain-18-Pouces.jpg;;;;;;;;
"Extracteur d'air ELBEE de Cuisine & salle de bain 20"" Pouces";Extracteur d'air ELBEE;45000;Accessoires Sanitaires;https://ambulantenligne.com/13834/extracteur-d-air-elbee-de-Cuisine-salle-de-bain-20-Pouces.jpg;;;;;;;;
"Extracteur d'air ELBEE de Cuisine & salle de bain 24"" Pouces";Extracteur d'air ELBEE;50000;Accessoires Sanitaires;https://ambulantenligne.com/13835/extracteur-d-air-elbee-de-Cuisine-salle-de-bain-24-Pouces.jpg;;;;;;;;
Prise Tà©là©vision ELBEE;Prise ELBEE;1150;Mobilier & Déco;https://ambulantenligne.com/13839/prise-television-elbee-.jpg;;;;;;;;
Interrupteur ELBEE double allumage va & vient;Interrupteur ELBEE;1250;Mobilier & Déco;https://ambulantenligne.com/13838/interrupteur-elbee-double-allumage-va-vient.jpg;;;;;;;;
Interrupteur Sonnette ELBEE;Sonnette ELBEE;1150;Mobilier & Déco;https://ambulantenligne.com/13840/interrupteur-Sonnette-elbee.jpg;;;;;;;;
Prise Internet ELBEE;Prise ELBEE;1200;Mobilier & Déco;https://ambulantenligne.com/13841/prise-internet-elbee.jpg;;;;;;;;
Interrupteur simple allumage ELBEE;interrupteur allumage ELBEE;850;Mobilier & Déco;https://ambulantenligne.com/13842/interrupteur-simple-allumage-elbee.jpg;;;;;;;;
Interrupteur mural ELBEE pour Ventilateur de plafond;Interrupteur mural ELBEE;3250;Mobilier & Déco;https://ambulantenligne.com/13843/interrupteur-mural-elbee-pour-Ventilateur-de-plafond.jpg;;;;;;;;
Prise Electrique ELBEE simple;Prise ELBEE;1150;Mobilier & Déco;https://ambulantenligne.com/13844/prise-electrique-elbee-simple-.jpg;;;;;;;;
Prise ELBEE avec Terre +2 USB;Prise ELBEE;3750;Mobilier & Déco;https://ambulantenligne.com/13846/prise-elbee-avec-terre-2-usb.jpg;;;;;;;;
Ensemble Lavabo suspendu + Chaise Anglaise RO-ROSY 12-HIT;RO-ROSY 12-HIT;150000;Accueil;https://ambulantenligne.com/13845/ensemble-lavabo-suspendu-Chaise-anglaise-ro-rosy-12-hit-.jpg;;;;;;;;
Ensemble Lavabo suspendu + Chaise Anglaise RO-ROSY 04-HIT;RO-ROSY 04-HIT;150000;Accessoires Sanitaires;https://ambulantenligne.com/13850/ensemble-lavabo-suspendu-Chaise-anglaise-ro-rosy-04-hit.jpg;;;;;;;;
Ensemble Lavabo suspendu + Chaise Anglaise RO-ROSY 15-HIT;RO-ROSY 15-HIT;150000;Accessoires Sanitaires;https://ambulantenligne.com/13847/ensemble-lavabo-suspendu-Chaise-anglaise-ro-rosy-15-hit.jpg;;;;;;;;
Ensemble Lavabo suspendu + Chaise Anglaise RO-ROSY 17-HIT;RO-ROSY 17-HIT;150000;Accessoires Sanitaires;https://ambulantenligne.com/13849/ensemble-lavabo-suspendu-Chaise-anglaise-ro-rosy-17-hit.jpg;;;;;;;;
Ensemble Lavabo suspendu + Chaise Anglaise RO-ROSY 13-HIT;RO-ROSY 13-HIT;150000;Accessoires Sanitaires;https://ambulantenligne.com/13851/ensemble-lavabo-suspendu-Chaise-anglaise-ro-rosy-13-hit.jpg;;;;;;;;
Ensemble Lavabo suspendu + Chaise Anglaise RO-ROSY 10-HIT;RO-ROSY 10-HIT;150000;Accessoires Sanitaires;https://ambulantenligne.com/13852/ensemble-lavabo-suspendu-Chaise-anglaise-ro-rosy-10-hit.jpg;;;;;;;;
Ensemble Lavabo + Chaise anglaise SIMPLE RO-ROSY;RO-ROSY;37500;Plomberie;https://ambulantenligne.com/14254/lavabo-simple-pour-salle-de-bain-sunequip-lav-simple.jpg;;;;;;;;
Lampe Plafonnier MIRSA 118.002-3 LUNA-2; argent;118.002;5000;Luminaires;https://ambulantenligne.com/13854/lampe-plafonnier-mirsa-118002-3-luna-2-argent.jpg;;;;;;;
Réfrigerateur Side by Side LG 506 Litres avec distributeur de glacons GC287 SQUV;GC287 SQUV;1202500;501 - 650 Litres;https://ambulantenligne.com/13855/Réfrigerateur-side-by-side-lg-506-Litres-gc287-squv.jpg;;;;;;;;
"Téléviseur ELACTRON 43"" SMART Qled Android TS43D31AS avec support offert";43TS43D31AS;140000;Qled Tv;https://ambulantenligne.com/13857/televiseur-elactron-43-smart-Qled-android-ts43d31as.jpg;;;;;;;;
"Téléviseur ELACTRON 50"" SMART Qled Android TS50D31AS avec support offert";50TS50D31AS;215000;Qled Tv;https://ambulantenligne.com/13858/televiseur-elactron-50-smart-Qled-android-ts50d31as.jpg;;;;;;;;
"Téléviseur ELACTRON 65"" SMART Qled Android TS6561AS avec support offert";65TS6561AS;340000;Qled Tv;https://ambulantenligne.com/13859/televiseur-elactron-65-smart-Qled-android-ts6561as.jpg;;;;;;;;
Batterie solaire HEXA 12V/150AH ELL-EZ-HEXA-ONE-BE;ELL-EZ-HEXA-ONE-BE;135000;Batteries;https://ambulantenligne.com/13860/batterie-solaire-hexa-12v150ah.jpg;;;;;;;;
Batterie solaire HEXA 12V/200AH ELL-EZ-HEXA-ONE200-BE;ELL-EZ-HEXA-ONE200-BE;185000;Batteries;https://ambulantenligne.com/13861/batterie-solaire-hexa-12v200ah.jpg;;;;;;;;
Batterie solaire HEXA 12V/250AH ELL-EZ-HEXA-ONE250-BE;ELL-EZ-HEXA-ONE250-BE;230000;Batteries;https://ambulantenligne.com/13862/batterie-solaire-hexa-12v250ah.jpg;;;;;;;;
Bureau Simple AI-CF -1270-CHA;AI-CF -1270-CHA;90000;Mobilier de Bureau;https://ambulantenligne.com/13863/Bureau-simple.jpg;;;;;;;;
Bureau Simple AI-CF -1470-CHA;AI-CF -1470-CHA;102000;Mobilier de Bureau;https://ambulantenligne.com/13864/Bureau-simple-ai-cf-1470-cha.jpg;;;;;;;;
"Téléviseur SAMSUNG 55"" 4K Crystal UHD DU7000 (2024)";DU7000;280000;Accueil;https://ambulantenligne.com/13865/televiseur-samsung-55-4k-crystal-uhd-du7000-2024.jpg;;;;;;;;
Bureau Simple AI-CF -1680-CHA;AI-CF -1680-CHA;120000;Mobilier de Bureau;https://ambulantenligne.com/13866/Bureau-simple-ai-cf-1680-cha.jpg;;;;;;;;
Bureau Simple AI-CF -1680-CHA;AI-CF -1680-CHA;145000;Mobilier de Bureau;https://ambulantenligne.com/13867/Bureau-simple-ai-cf-1680-cha.jpg;;;;;;;;
TABLE SIMPLE AI-CF-L1612B-CHA;AI-CF-L1612B-CHA;160000;Mobilier de Bureau;https://ambulantenligne.com/13868/table-simple-ai-cf-l1612b-cha.jpg;;;;;;;;
RETOUR DE TABLE AI-CF-10442C-CHA;AI-CF-10442C-CHA;75000;Mobilier de Bureau;https://ambulantenligne.com/13869/retour-de-table-ai-cf-10442c-cha.jpg;;;;;;;;
CAISSon DE TABLE AI-CF-3C-CHA;AI-CF-3C-CHA;50000;Mobilier de Bureau;https://ambulantenligne.com/13870/caisSon-de-table-ai-cf-3c-cha.jpg;;;;;;;;
RETOUR DE TABLE AI-CF-10442B-CHA;AI-CF-10442B-CHA;75000;Mobilier de Bureau;https://ambulantenligne.com/13871/retour-de-table-ai-cf-10442b-cha.jpg;;;;;;;;
Bureau Simple AI-CF-1480/CF-CHA;AI-CF-1480/CF-CHA;105000;Mobilier de Bureau;https://ambulantenligne.com/13872/Bureau-simple-ai-cf-1480cf-cha.jpg;;;;;;;;
Bureau Simple AI-CF-1680-CHA;AI-CF-1680-CHA;120000;Mobilier de Bureau;https://ambulantenligne.com/13873/Bureau-simple-ai-cf-1680-cha.jpg;;;;;;;;
Bureau Simple AI-CF-1880-CHA;AI-CF-1880-CHA;150000;Mobilier de Bureau;https://ambulantenligne.com/13874/Bureau-simple-ai-cf-1880-cha.jpg;;;;;;;;
Bureau Simple AI-CF-1270-CHA;AI-CF-1270-CHA;95000;Mobilier de Bureau;https://ambulantenligne.com/13875/Bureau-simple-ai-cf-1270-cha.jpg;;;;;;;;
Bureau Simple AI-CF-1470-CHA;AI-CF-1470-CHA;103000;Mobilier de chambre;https://ambulantenligne.com/13876/Bureau-simple-ai-cf-1470-cha.jpg;;;;;;;;
Bureau Simple AI-CF-1680-CHA;AI-CF-1680-CHA;120000;Mobilier de Bureau;https://ambulantenligne.com/13878/Bureau-simple-ai-cf-1680-cha.jpg;;;;;;;;
MEUBLE DE Bureau AI-DG01-S0408G;AI-DG01-S0408G;175000;Meuble de Rangement;https://ambulantenligne.com/13877/meuble-de-Bureau-dg01-s0408g.jpg;;;;;;;;
MEUBLE DE Bureau AI-CF-2000T;AI-CF-2000T;141000;Meuble de Rangement;https://ambulantenligne.com/13880/meuble-de-Bureau-cf-2000t.jpg;;;;;;;;
Bureau Simple AI-CF-1880-CHA;AI-CF-1880-CHA;150000;Mobilier de Bureau;https://ambulantenligne.com/13879/Bureau-simple-ai-cf-1880-cha.jpg;;;;;;;;
Bureau Simple AI-CF-1270-CHA;AI-CF-1270-CHA;95000;Mobilier de Bureau;https://ambulantenligne.com/13881/Bureau-simple-ai-cf-1270-cha.jpg;;;;;;;;
PETIT MODELE MEUBLE DE Bureau AI-CF-750T;AI-CF-750T;80000;Meuble de Rangement;https://ambulantenligne.com/13883/petit-modele-meuble-de-Bureau-cf-750t.jpg;;;;;;;;
Bureau Simple AI-CF-1400-CHA;AI-CF-1400-CHA;105000;Mobilier de Bureau;https://ambulantenligne.com/13882/Bureau-simple-ai-cf-1400-cha.jpg;;;;;;;;
Bureau Simple AI-CF- 1600-CHA;AI-CF- 1600-CHA;118500;Mobilier de Bureau;https://ambulantenligne.com/13884/Bureau-simple-ai-cf-1600-cha.jpg;;;;;;;;
Bureau Simple AI-CF-1800-CHA;AI-CF-1800-CHA;150000;Mobilier de Bureau;https://ambulantenligne.com/13885/Bureau-simple-ai-cf-1800-cha.jpg;;;;;;;;
Bureau SECRETAIRE AI-CF-DD1880BR-CHA;AI-CF-DD1880BR-CHA;250000;Mobilier de Bureau;https://ambulantenligne.com/13886/Bureau-secretaire-ai-cf-dd1880br-cha.jpg;;;;;;;;
VESTIAIRE METALLIQUE A 18 CASIERS AI-DNG-18;AI-DNG-18;320000;Meuble de Rangement;https://ambulantenligne.com/13887/vestiaire-metallique-a-18-casiers-dng-18.jpg;;;;;;;;
ARMOIRE METALIQUE AI-DNW-C03;AI-DNW-C03;185000;Meuble de Rangement;https://ambulantenligne.com/13888/armoire-metalique-dnw-c03.jpg;;;;;;;;
ARMOIRE METALIQUE HAUTES PORTES COULISSANTES AI-DNY-02;AI-DNY-02;183000;Meuble de Rangement;https://ambulantenligne.com/13889/armoire-metalique-hautes-portes-coulissantes-dny-02.jpg;;;;;;;;
FAUTEUIL AGENT AI-TY39B-CHA;AI-TY39B-CHA;70000;Fauteuil;https://ambulantenligne.com/13890/fauteuil-agent-ai-ty39b-cha.jpg;;;;;;;;
VESTIAIRE METALLIQUE A 3 PORTES AVEC AI-CLEFDNG-03;AI-CLEFDNG-03-CHA;185000;Meuble de Rangement;https://ambulantenligne.com/13894/estiaire-metallique-a-3portes-avec-clefdng-03.jpg;;;;;;;;
FAUTEUIL AGENT AI-QS-B1605-CHA;AI-QS-B1605-CHA;80000;Fauteuil;https://ambulantenligne.com/13891/fauteuil-agent-ai-qs-b1605-cha.jpg;;;;;;;;
FAUTEUIL VISITEUR AI-QS D9004-CHA;AI-QS D9004-CHA;95000;Fauteuil;https://ambulantenligne.com/13892/fauteuil-visiteur-ai-qs-d9004-cha.jpg;;;;;;;;
FAUTEUIL AGENT AI-QS 1009-CHA;AI-QS 1009-CHA;115000;Fauteuil;https://ambulantenligne.com/13895/fauteuil-agent-ai-qs-1009-cha.jpg;;;;;;;;
VESTIAIRE METALLIQUE A 02 PORTES BATTANTES AI-DNW-G02;AI-DNW-G02;170000;Meuble de Rangement;https://ambulantenligne.com/13896/vestiaire-metallique-a-02-portes-battantes-dnw-g02.jpg;;;;;;;;
VESTIAIRE METALLIQUE A 12 CASIERS AI-DNG-12;AI-DNG-12;270000;Meuble de Rangement;https://ambulantenligne.com/13897/vestiaire-metallique-a-12-casiers-dng-12.jpg;;;;;;;;
STATION DE TRAVAIL 3 PLACES  Bureau AI-RD0505;AI-RD0505;395000;Bureau;https://ambulantenligne.com/13898/station-de-travail-3-places-Bureau-st3pb.jpg;;;;;;;;
STATION DE TRAVAIL - Bureau AI-MJP01-2828-4;AI-MJP01-2828-4;740000;Bureau;https://ambulantenligne.com/13899/station-de-travail-Bureau-stbpp.jpg;;;;;;;;
FAUTEUIL SECRETAIRE AI-QS 1008-CHA;AI-QS 1008-CHA;120000;Fauteuil;https://ambulantenligne.com/13900/fauteuil-secretaire-ai-qs-1008-cha.jpg;;;;;;;;
Mobilier de Bureau  CF-DD1680BR;CF-DD1680BR;240000;Accueil;https://ambulantenligne.com/13901/mobilier-de-Bureau-cf-dd1680br.jpg;;;;;;;;
FAUTEUIL SECRETAIRE AI-QS 2155B-CHA;AI-QS 2155B-CHA;120000;Fauteuil;https://ambulantenligne.com/13902/fauteuil-secretaire-ai-qs-2155b-cha.jpg;;;;;;;;
FAUTEUIL AGENT AI-QS 1602G-CHA;AI-QS 1602G-CHA;120000;Fauteuil;https://ambulantenligne.com/13908/fauteuil-agent-ai-qs-1602g-cha.jpg;;;;;;;;
TABLE DE REUNION AI-ELRS-01C48-1;ELRS-01C48-1;1785000;Table de Conférence;https://ambulantenligne.com/13903/table-de-reunion-elrs-01c48-1.jpg;;;;;;;;
TABLE DE CONFERENCE AI-CF-2400M;AI-CF-2400M;245000;Table de Conférence;https://ambulantenligne.com/13938/table-de-conference-cf-2400m.jpg;;;;;;;;
TABLE DE CONFERENCE AI-CF 120;AI-CF 120;119900;Accueil;https://ambulantenligne.com/13904/table-de-conference-cf-120.jpg;;;;;;;;
TABLE DE CONFERENCE AI-MAX-C0124;AI-MAX-C0124;345000;Table de Conférence;https://ambulantenligne.com/13905/table-de-conference-max-c0124.jpg;;;;;;;;
TABLE DE CONFERENCE AI-XMKL-C0224;AI-XMKL-C0224;495000;Table de Conférence;https://ambulantenligne.com/13906/table-de-conference-xmkl-c0224.jpg;;;;;;;;
TABLE DE CONFERENCE AI-EMOG-02C36;AI-EMOG-02C36;595000;Table de Conférence;https://ambulantenligne.com/13907/table-de-conference-emog-02c36.jpg;;;;;;;;
FAUTEUIL VISITEUR AI-QS-143C-CHA;AI-QS-143C-CHA;120000;Fauteuil;https://ambulantenligne.com/13909/-fauteuil-visiteur-ai-qs-143c-cha.jpg;;;;;;;;
FAUTEUIL AGENT AI-QS 2155A-CHA;AI-QS 2155A-CHA;130000;Fauteuil;https://ambulantenligne.com/13910/fauteuil-agent-ai-qs-2155a-cha.jpg;;;;;;;;
FAUTEUIL MINISTRE AI-QS TY 42A-CHA;AI-QS TY 42A-CHA;130000;Fauteuil;https://ambulantenligne.com/13911/fauteuil-ministre-ai-qs-ty-42a-cha.jpg;;;;;;;;
FAUTEUIL 1/2MINISTRE AI-A0973++-CHA;AI-A0973++-CHA;145000;Fauteuil;https://ambulantenligne.com/13912/fauteuil-12ministre-ai-a0973-cha.jpg;;;;;;;;
FAUTEUIL ORTHOPEDIQUE AI-QS 328B-CHA;AI-QS 328B-CHA;145000;Fauteuil;https://ambulantenligne.com/13913/fauteuil-orthopedique-ai-qs-328b-cha.jpg;;;;;;;;
Chaise SIMPLE SANS ACCOUDOIRS AI-25-21-CHA;AI-25-21-CHA;17000;Chaise;https://ambulantenligne.com/13914/Chaise-simple-sans-accoudoirs-ai-25-21-cha.jpg;;;;;;;;
Chaise SIMPLE 25-21 AVEC ACCOUDOIRS;AI-25-21-CHA1;20000;Chaise;https://ambulantenligne.com/13915/Chaise-simple-25-21-avec-accoudoirs.jpg;;;;;;;;
Chaise SIMPLE AI-TY 34D-CHA;AI-TY 34D-CHA;30000;Chaise;https://ambulantenligne.com/13916/Chaise-simple-ai-ty-34d-cha.jpg;;;;;;;;
Chaise VISITEUR Bureau EN TISSU AI-D 9016-2-CHA;AI-D 9016-2-CHA;45000;Chaise;https://ambulantenligne.com/13917/Chaise-visiteur-Bureau-en-tissu-ai-d-9016-2-cha.jpg;;;;;;;;
Chaise SIMPLE AI-QS-D1001SM-CHA;AI-QS-D1001SM-CHA;45000;Chaise;https://ambulantenligne.com/13918/Chaise-simple-1001sm.jpg;;;;;;;;
Chaise SIMPLE AI-QS165S-CHA;AI-QS165S-CHA;45000;Chaise;https://ambulantenligne.com/13919/-Chaise-simple-ai-qs165s-cha.jpg;;;;;;;;
Chaise VISITEUR AI-QS-D1010-CHA;I-QS-D1010-CHA;85000;Chaise;https://ambulantenligne.com/13920/Chaise-visiteur-ai-qs-d1010-cha.jpg;;;;;;;;
Chaise VISITEUR AI-QS-M02D-CHA;AI-QS-M02D-CHA;95000;Chaise;https://ambulantenligne.com/13921/Chaise-visiteur-ai-qs-m02d-cha.jpg;;;;;;;;
BANQUETTE AI-QS-1209P2-CHA;AI-QS-1209P2-CHA;95000;Chaise;https://ambulantenligne.com/13922/banquette-ai-qs-1209p2-cha.jpg;;;;;;;;
BANQUETTE AI-QS-3001P-CHA;AI-QS-3001P-CHA;124900;Chaise;https://ambulantenligne.com/13923/banquette-ai-qs-3001p-cha.jpg;;;;;;;;
Cabine de douche 80/80 DULIX ITM-LY010;DULIX ITM-LY010;170000;Equipements de salle de bain;https://ambulantenligne.com/13925/cabine-de-douche-8080-dulix-itm-ly010.jpg;;;;;;;;
FAUTEUIL ORTHOPEDIQUE AI-W328B-1-CHA NOIR;AI-W328B-1-CHA;145000;Fauteuil;https://ambulantenligne.com/13924/fauteuil-orthopedique-ai-w328b-1-cha-noir.jpg;;;;;;;;
Cabine de douche 90/90  DULIX ITM-LY010;DULIX ITM-LY010;190000;Equipements de salle de bain;https://ambulantenligne.com/13926/cabine-de-douche-9090-dulix-itm-ly010.jpg;;;;;;;;
Vitre de Séparation de douche 60/210mm DULIX-60;DULIX-60;130000;Accessoires Sanitaires;https://ambulantenligne.com/13932/vitre-de-separation-de-douche-60210mm-dulix.jpg;;;;;;;;
FAUTEUIL AGENT AI-QS-M02B-CHA;AI-QS-M02B-CHA;170000;Fauteuil;https://ambulantenligne.com/13927/fauteuil-agent-ai-qs-m02b-cha.jpg;;;;;;;;
FAUTEUIL AGENT AI-QS M02B-M-CHA;AI-QS M02B-M-CHA;170000;Fauteuil;https://ambulantenligne.com/13928/fauteuil-agent-ai-qs-m02b-m-cha.jpg;;;;;;;;
FAUTEUIL MINISTRE AI-QS 2394A-CHA;AI-QS 2394A-CHA;170000;Fauteuil;https://ambulantenligne.com/13929/fauteuil-ministre-ai-qs-2394a-cha.jpg;;;;;;;;
FAUTEUIL PRESIDENT AI-QS 2104A-CHA;AI-QS 2104A-CHA;170000;Fauteuil;https://ambulantenligne.com/13930/fauteuil-president-ai-qs-2104a-cha.jpg;;;;;;;;
FAUTEUIL MINISTRE AI-TY62A-CHA;AI-TY62A-CHA;170000;Fauteuil;https://ambulantenligne.com/13931/fauteuil-ministre-ai-ty62a-cha.jpg;;;;;;;;
Vitre de Séparation de douche 80/210mm DULIX-80;DULIX-80;135000;Equipements de salle de bain;https://ambulantenligne.com/13933/vitre-de-separation-de-douche-80210mm-dulix.jpg;;;;;;;;
FAUTEUIL 1/2 MINISTRE AI-QSKW049A-CHA;AI-QSKW049A-CHA;170000;Fauteuil;https://ambulantenligne.com/13934/fauteuil-12-ministre-ai-qskw049a-cha.jpg;;;;;;;;
Vitre de Séparation de douche 90/210mm DULIX-90;DULIX-90;140000;Accessoires Sanitaires;https://ambulantenligne.com/13935/vitre-de-separation-de-douche-90210mm-dulix.jpg;;;;;;;;
FAUTEUIL MINISTRE AI-KW 2047A-CHA;AI-KW 2047A-CHA;195000;Fauteuil;https://ambulantenligne.com/13936/fauteuil-ministre-ai-kw-2047a-cha.jpg;;;;;;;;
FAUTEUIL ORTHOPEDIQUE AI-W- 5-CHA;AI-W- 5-CHA;195000;Fauteuil;https://ambulantenligne.com/13937/fauteuil-orthopedique-ai-w-5-cha.jpg;;;;;;;;
TABLE DE CONFERENCE AI-EQS-C36;AI-EQS-C36;1185000;Table de Conférence;https://ambulantenligne.com/13940/table-de-conference-ai-eqs-c36.jpg;;;;;;;;
COMPTOIR DE RECEPTION AI-MZ-Q0124;AI-MZ-Q0124;590000;Bureau;https://ambulantenligne.com/13941/comptoir-de-reception-ai-mz-q0124.jpg;;;;;;;;
COMPTOIR DE RECEPTION AI-CF-R1415;AI-CF-R1415;345000;Bureau;https://ambulantenligne.com/13942/comptoir-de-reception-ai-cf-r1415.jpg;;;;;;;;
COMPTOIR DE RECEPTION AI-YT-QT32;AI-YT-QT32;885000;Bureau;https://ambulantenligne.com/13943/comptoir-de-reception-ai-yt-qt32.jpg;;;;;;;;
COMPTOIR DE RECEPTION AI-CF-R2408;AI-CF-R2408;640000;Bureau;https://ambulantenligne.com/13944/comptoir-de-reception-ai-cf-r2408.jpg;;;;;;;;
FAUTEUIL MINISTRE AI-QS-A0827-CHA;AI-QS-A0827-CHA;195000;Fauteuil;https://ambulantenligne.com/13945/fauteuil-ministre-ai-qs-a0827-cha.jpg;;;;;;;;
Lustre à  Led en cristal V avec Ventilateur 110/220V avec télécommande;MS-E27-LMN;99900;Luminaires;https://ambulantenligne.com/13946/lustre-a-Led-en-cristal-v-avec-Ventilateur-110220v-avec-telecommande.jpg;;;;;;;;
Projecteur solaire Led extérieur 40W programmable par télécommande;MS-PROJECT SOLAIRE-LMN;40000;Luminaires;https://ambulantenligne.com/13949/projecteur-solaire-Led-exterieur-40w-programmable-par-telecommande.jpg;;;;;;;;
Spot Encastré à  Led de 3W;MS-spot-LMN;8000;Luminaires;https://ambulantenligne.com/13951/spot-encastre-a-Led-de-3w.jpg;;;;;;;;
Appliques Murales extérieures Led étanche MS-E27-LMN;MS-E27-LMN;20000;Luminaires;https://ambulantenligne.com/13952/appliques-murales-exterieures-Led-etanche-ms-e27-lmn.jpg;;;;;;;;
SPOT ESCALIER AVEC DETECTEUR DE MOUVEMENT 3W;MS-IP67-LMN;12000;Luminaires;https://ambulantenligne.com/13953/spot-escalier-avec-detecteur-de-mouvement-3w3w.jpg;;;;;;;;
Plafonnier Globe Led  Murale/Applique-étanche 3 couleurs PM;MS-GLOBE-LMN;15000;Luminaires;https://ambulantenligne.com/13954/plafonnier-globe-Led-muraleapplique-etanche-3-couleurs-pm.jpg;;;;;;;;
Plafonnier Globe Led Murale/Applique-étanche 3 couleurs MY;MS-GLOBE-MY-LMN;20000;Luminaires;https://ambulantenligne.com/13956/plafonnier-globe-Led-muraleapplique-etanche-3-couleurs-my.jpg;;;;;;;;
Plafonnier Globe Led Murale/Applique-étanche 3 couleurs GM;MS-GLOBE-GM-LMN;27500;Luminaires;https://ambulantenligne.com/13958/plafonnier-globe-Led-muraleapplique-etanche-3-couleurs-gm.jpg;;;;;;;;
Plafonnier Led Circulaire 6W;MS-CIRCU/6W-LMN;5000;Luminaires;https://ambulantenligne.com/13961/-plafonnier-Led-circulaire-6w.jpg;;;;;;;;
Plafonnier Led Circulaire 12W;MS-CIRCU/12W-LMN;10000;Luminaires;https://ambulantenligne.com/13962/plafonnier-Led-circulaire-12w.jpg;;;;;;;;
Plafonnier Led Circulaire 20W;MS-CIRCU/6W-LMN;12000;Luminaires;https://ambulantenligne.com/13963/plafonnier-Led-circulaire-20w.jpg;;;;;;;;
Plafonnier Led Circulaire 24W;MS-CIRCU/24W-LMN;15000;Luminaires;https://ambulantenligne.com/13964/plafonnier-Led-circulaire-24w.jpg;;;;;;;;
FAUTEUIL MINISTRE AI-QSTY40A-CHA;AI-QSTY40A-CHA;195000;Fauteuil;https://ambulantenligne.com/13965/fauteuil-ministre-ai-qsty40a-cha.jpg;;;;;;;;
FAUTEUIL ORTHOPHEDIQUE AI-QS 328A-1-CHA NOIR;AI-QS 328A-1-CHA;220000;Fauteuil;https://ambulantenligne.com/13966/fauteuil-orthophedique-ai-qs-328a-1-cha-noir.jpg;;;;;;;;
FAUTEUIL VISITEUR PRESIDENT AI-SA 105BH-CHA;AI-SA 105BH-CHA;245000;Fauteuil;https://ambulantenligne.com/13967/fauteuil-visiteur-president-ai-sa-105bh-cha.jpg;;;;;;;;
FAUTEUIL ORTHOPEDIQUE AI-DL8836A-CHA;AI-DL8836A-CHA;245000;Fauteuil;https://ambulantenligne.com/13968/fauteuil-orthopedique-ai-dl8836a-cha.jpg;;;;;;;;
Chaise ORTHOPEDIQUE AI-DL8836A-CHA;AI-DL8836A-CHA;245000;Fauteuil;https://ambulantenligne.com/13969/Chaise-orthopedique-ai-dl8836a-cha.jpg;;;;;;;;
FAUTEUIL PRESIDENT AI-QS 2205A-CHA;AI-QS 2205A-CHA;245000;Fauteuil;https://ambulantenligne.com/13970/fauteuil-president-ai-qs-2205a-cha.jpg;;;;;;;;
FAUTEUIL PRESIDENT AI-QS-2393-CHA;AI-QS-2393-CHA;245000;Fauteuil;https://ambulantenligne.com/13971/fauteuil-president-ai-qs-2393-cha.jpg;;;;;;;;
FAUTEUIL MINISTRE AI-QS M02A-2-CHA;AI-QS M02A-2-CHA;245000;Fauteuil;https://ambulantenligne.com/13972/fauteuil-ministre-ai-qs-m02a-2-cha.jpg;;;;;;;;
FAUTEUIL VISITEUR PRESIDENT AI-DL 913B-CHA;AI-DL 913B-CHA;270000;Fauteuil;https://ambulantenligne.com/13973/fauteuil-visiteur-president-ai-dl-913b-cha.jpg;;;;;;;;
FAUTEUIL PRESIDENT AI-SA105AH-CHA;AI-SA105AH-CHA;295000;Fauteuil;https://ambulantenligne.com/13974/fauteuil-president-ai-sa105ah-cha.jpg;;;;;;;;
Machine à  laver SAMSUNG 8kg avec Quick wash WW80T3040BS;WW80T3040BS;310000;7 - 9 kg;https://ambulantenligne.com/15554/machine-a-laver-samsung-8kg-ww80t3040bsnq.jpg;;;;;;;;
Bureau SECRETAIRE AI-CF-DD1880DR-CHA;AI-CF-DD1880DR-CHA;175000;Bureau;https://ambulantenligne.com/13975/Bureau-secretaire-ai-cf-dd1880dr-cha.jpg;;;;;;;;
Bureau SECRETAIRE AI-CF-CL1880E-CHA;AI-CF-CL1880E-CHA;245000;Bureau;https://ambulantenligne.com/13976/Bureau-secretaire-ai-cf-cl1880e-cha.jpg;;;;;;;;
Bureau MINISTRE AI-CF-JW1680E-CHA;AI-CF-JW1680E-CHA;165000;Bureau;https://ambulantenligne.com/13977/Bureau-ministre-ai-cf-jw1680e-cha.jpg;;;;;;;;
Bureau AGENT AI-CF-DD1470DR-CHA;AI-CF-DD1470DR-CHA;150000;Bureau;https://ambulantenligne.com/13978/Bureau-agent-ai-cf-dd1470dr-cha.jpg;;;;;;;;
Bureau SECRETAIRE AI-DG01-D0116-CHA;AI-DG01-D0116-CHA;315000;Bureau;https://ambulantenligne.com/13979/Bureau-secretaire-ai-dg01-d0116-cha.jpg;;;;;;;;
Bureau SECRETAIRE AI-DG08-D0118ELM-CHA;AI-DG08-D0118ELM-CHA;215000;Bureau;https://ambulantenligne.com/13980/Bureau-secretaire-ai-dg08-d0118elm-cha.jpg;;;;;;;;
Bureau SECRETAIRE AI-YM-D0118-CHA;AI-YM-D0118-CHA;315000;Bureau;https://ambulantenligne.com/13981/Bureau-secretaire-ai-ym-d0118-cha.jpg;;;;;;;;
Bureau SECRETAIRE AI-MNY-D0118-CHA;AI-MNY-D0118-CHA;315000;Bureau;https://ambulantenligne.com/13982/Bureau-secretaire-ai-mny-d0118-cha.jpg;;;;;;;;
Bureau SECRETAIRE AI-SLF-D0216-CHA;AI-SLF-D0216-CHA;295000;Bureau;https://ambulantenligne.com/13983/Bureau-secretaire-ai-slf-d0216-cha.jpg;;;;;;;;
Bureau SERCRETAIRE AI-DG01-D0116LQ-CHA;AI-DG01-D0116LQ-CHA;275000;Bureau;https://ambulantenligne.com/13984/Bureau-sercretaire-ai-dg01-d0116lq-cha.jpg;;;;;;;;
Bureau AGENT AI-DG01-D0912LQ-CHA;AI-DG01-D0912LQ-CHA;185000;Bureau;https://ambulantenligne.com/13985/Bureau-agent-ai-dg01-d0912lq-cha.jpg;;;;;;;;
Micro-onde SAMSUNG avec grill  40L noir MG40DG5525AGSG AI-CH;MG40DG5525AGSG;175000;25 à  40 Litres;https://ambulantenligne.com/14010/Micro-onde-samsung-avec-grill-40l-noir-mg40dg5525agsg.jpg;;;;;;;;
Plaque Encastrable SAMSUNG 4 Feux à  Gaz inox NA64B3100AS/SG;NA64B3100AS/SG;165000;4 Feux 60/60;https://ambulantenligne.com/14002/plaque-Encastrable-samsung-4-Feux-a-gaz-inox-na64b3100assg.jpg;;;;;;;;
Plaque Encastrable SAMSUNG 4 Feux à  Gaz Noir NA64N7100AB/SB NOIR;NA64N7100AB/SB NOIR;180000;4 Feux 60/60;https://ambulantenligne.com/14003/plaque-Encastrable-samsung-4-Feux-a-gaz-noir-na64n7100absb-noir.jpg;;;;;;;;
Four SAMSUNG Encastrable 60L Electrique a convection ventilé - Phantom noir NV60K3110BS/SG;NV60K3110BS/SG;255000;Four Electrique 60cm;https://ambulantenligne.com/14009/four-candy-Encastrable-60l-electrique-a-convection-ventile-phantom-noir-nv60k3110bssg.jpg;;;;;;;;
Four Encastrable SAMSUNG 70L NV70K3110BB/EU;NV70K3110BB/EU;325000;Four à Gaz 60cm;https://ambulantenligne.com/14008/four-samsung-Encastrable-70l-nv70k3110bbeu.jpg;;;;;;;;
Smart Tv SAMSUNG 98 Pouces 4K Crystal UHD UA98DU9000;UA98DU9000;2300000;55 Pouces & Plus;https://ambulantenligne.com/13986/smart-Tv-samsung-98-Pouces-4k-crystal-uhd-ua98du8000.jpg;;;;;;;;
Réfrigérateur HAIER combiné 324L HRF-IVB378VNBG AI-CH;HRF-IVB378VNBG;375000;201 - 350 Litres;https://ambulantenligne.com/13987/Réfrigerateur-haier-combine-324l-hrf-ivb378vnbg-ai-ch.jpg;;;;;;;;
Réfrigérateur side by side SAMSUNG 2 portes 635L + Distributeur eau et glaçon gris RS65CG56B46H AI-CH;RS65CG56B46H;1099000;501 - 650 Litres;https://ambulantenligne.com/13994/Réfrigerateur-side-by-side-samsung-647-Litres-avec-Froid-ventile-rs65cg56b46h-ai-ch.jpg;;;;;;;;
Réfrigérateur 2 portes SAMSUNG avec fontaine 526L Silver RT67K6541/RT53K6541 AI-CH;RT67K6541/RT53K6541;750000;Accueil;https://ambulantenligne.com/13995/Réfrigerateur-2-portes-samsung-avec-fontaine-526l-silver-rt67k6541rt53k6541-ai-ch.jpg;;;;;;;;
Réfrigérateur SAMSUNG side by side 2 en 1 no frost BESPOKE AI-CH;BESPOKE;1300000;201 - 350 Litres;https://ambulantenligne.com/13996/Réfrigerateur-samsung-side-by-side-2-en-1-no-frost-bespoke-ai-ch.jpg;;;;;;;;
Machine à  laver SAMSUNG 9Kg WW90TA0464X/EF AI-CH;WW90TA0464X/EF;394000;7 - 9 kg;https://ambulantenligne.com/13999/machine-a-laver-samsung-9kg-ww90ta0464xef-ai-ch.jpg;;;;;;;;
Marche arrière pour tricycle KE-CG200-MO;KE-CG200-MO;14000;Pièces détachées;https://ambulantenligne.com/14000/marche-arriere-pour-tricycle-ke-cg200-mo.jpg;;;;;;;;
PNEU Moto 110/90  6PR TUBELESS RUDDER KE-MT001-MO;KE-MT001-MO;12000;Pneumatique;https://ambulantenligne.com/14001/pneu-Moto-11090-6pr-tubeless-rudder-ke-mt001-mo.jpg;;;;;;;;
Hotte   de Cuisine Encastrable SAMSUNG avec Ventilateur NK24N7060VB/SG noir Ai-ch;NK24N7060VB/SG;255000;Hotte   60cm;https://ambulantenligne.com/14007/Hotte  -de-Cuisine-Encastrable-samsung-avec-Ventilateur-nk24n7060vbsg-noir-ai-ch.jpg;;;;;;;;
AMORTISSEUR ARRIERE Moto KE-GN378-MO;KE-GN378-MO;12000;Pièces détachées;https://ambulantenligne.com/14005/amortisseur-arriere-Moto-ke-gn378-mo.jpg;;;;;;;;
Réfrigérateur Bar HAIER 90 Litres noir HR-99VNBS AI-CH;HR-99VNBS;110000;Moins de 100 Litres;https://ambulantenligne.com/14011/Réfrigerateur-bar-haier-90-Litres-noir-hr-99vnbs-ai-ch.jpg;;;;;;;;
Réfrigérateur Bar HAIER 92 Litres silver HR-110S AI-CH;HR-110S;110000;Moins de 100 Litres;https://ambulantenligne.com/14013/Réfrigerateur-bar-haier-92-Litres-silver-hr-110s-ai-ch.jpg;;;;;;;;
Réfrigérateur side by side HAIER multi-portes 458L Avec Distributeur D'eau B3FE742CMJW AI-CH;B3FE742CMJW;550000;Moins de 500 Litres;https://ambulantenligne.com/14015/Réfrigerateur-side-by-side-haier-multi-portes-446l-avec-distributeur-d-eau-b3fe742cmjw-ai-ch.jpg;;;;;;;;
Réfrigérateur side by side HAIER 4 portes 463 Litres avec fontaine HCR3818EWM AI-CH;HCR3818EWMM;470000;Moins de 500 Litres;https://ambulantenligne.com/14017/Réfrigerateur-side-by-side-haier-4-portes-463-Litres-avec-fontaine-hcr3818ewmm-ai-ch.jpg;;;;;;;;
Réfrigérateur side by side HAIER 4 portes 433 Litres a HRF-525MB AI-CH;HRF-525MB;460000;Moins de 500 Litres;https://ambulantenligne.com/14019/Réfrigerateur-side-by-side-haier-4-portes-433-Litres-a-hrf-525mb-ai-ch.jpg;;;;;;;;
Réfrigérateur side by side HAIER 4 portes 585 Litres a HRF 700BG AI-CH;HRF 700BG;700000;501 - 650 Litres;https://ambulantenligne.com/14021/Réfrigerateur-side-by-side-haier-4-portes-585-Litres-a-hrf-700bg-ai-ch.jpg;;;;;;;;
Réfrigérateur side by side HAIER avec distributeur d'eau521L HSR3918EWPG AI-CH;HSR3918EWPG;600000;501 - 650 Litres;https://ambulantenligne.com/14023/Réfrigerateur-side-by-side-haier-avec-distributeur-de-glacon-521l-hsr3918ewpg-ai-ch.jpg;;;;;;;;
Smart Tv LG 75 Pouces 4K UHD 75UR781COLK;75UR781COLK;675000;Accueil;https://ambulantenligne.com/14422/smart-Tv-lg-75-Pouces-4k-uhd-75ur781colk.jpg;;;;;;;;
Smart Tv LG 55 Pouces 4K UHD 55UR781COLK;55UR781COLK;300000;Smart Tv 4K;https://ambulantenligne.com/14421/smart-Tv-lg-55-Pouces-4k-uhd-55ur781colk.jpg;;;;;;;;
AMORTISSEUR ARRIERE Moto KE-GN400-MO;KE-GN400-MO;12500;Pièces détachées;https://ambulantenligne.com/14029/amortisseur-arriere-Moto-ke-gn400-mo.jpg;;;;;;;;
Segments de piston KE-CD110+-MO;KE-CD110+-MO;1500;Pièces détachées;https://ambulantenligne.com/14030/segments-de-piston-ke-cd110-mo.jpg;;;;;;;;
Segments de piston KE-CD110++-MO;KE-CD110++-MO;1500;Pièces détachées;https://ambulantenligne.com/14031/segments-de-piston-ke-cd110-mo.jpg;;;;;;;;
Segments de piston KE-CG150+-MO;KE-CG150+-MO;1750;Pièces détachées;https://ambulantenligne.com/14032/segments-de-piston-ke-cg150-mo.jpg;;;;;;;;
Porte intérieur agglomérée avec cadre 90Cm/205cm marron PIA-DULIX;PIA-DULIX;85000;Menuiserie;https://ambulantenligne.com/14070/porte-interieur-agglomeree-avec-cadre-90Cm205cm-pia-dulix-.jpg;;;;;;;;
Segments de piston KE-CG150++-MO;KE-CG150++-MO;1750;Pièces détachées;https://ambulantenligne.com/14033/segments-de-piston-ke-cd150-mo.jpg;;;;;;;;
Segments de piston KE-CG125+-MO;KE-CG125+-MO;1750;Pièces détachées;https://ambulantenligne.com/14034/segments-de-piston-ke-cd125-mo.jpg;;;;;;;;
Segments de piston KE-CG125++-MO;KE-CD125++-MO;1750;Pièces détachées;https://ambulantenligne.com/14035/segments-de-piston-ke-cd125-mo.jpg;;;;;;;;
Segments de piston KE-AP125+-MO;KE-AP125+-MO;1750;Pièces détachées;https://ambulantenligne.com/14037/segments-de-piston-ke-ap125-mo.jpg;;;;;;;;
Segments de piston KE-AP125++-MO;KE-AP125++-MO;1750;Pièces détachées;https://ambulantenligne.com/14038/segments-de-piston-ke-ap125-mo.jpg;;;;;;;;
Segments de piston KE-HJ125-8+-MO;KE-HJ125-8+-MO;1750;Pièces détachées;https://ambulantenligne.com/14039/segments-de-piston-ke-hj125-8-mo.jpg;;;;;;;;
Segments de piston KE-HJ125-8++-MO;KE-HJ125-8++-MO;1750;Pièces détachées;https://ambulantenligne.com/14040/segments-de-piston-ke-hj125-8-mo.jpg;;;;;;;;
Porte intérieur agglomérée avec cadre 90Cm/205cm PIA-DULIX;PIA-DULIX;85000;Menuiserie;https://ambulantenligne.com/14042/porte-interieur-agglomeree-avec-cadre-90Cm205cm-pia-dulix-.jpg;;;;;;;;
Porte intérieur agglomérée avec cadre 90Cm/205cm PIA-DULIX;PIA-DULIX;85000;Menuiserie;https://ambulantenligne.com/14043/porte-interieur-agglomeree-avec-cadre-90Cm205cm-pia-dulix-.jpg;;;;;;;;
Porte intérieur agglomérée avec cadre 90Cm/205cm PIA-DULIX;PIA-DULIX;85000;Menuiserie;https://ambulantenligne.com/14045/porte-interieur-agglomeree-avec-cadre-90Cm205cm-pia-dulix.jpg;;;;;;;;
Joint spi d'amortisseur avant KE-GN-MO;KE-GN-MO;750;Pièces détachées;https://ambulantenligne.com/14047/joint-spi-d-amortisseur-avant-ke-gn-mo.jpg;;;;;;;;
Porte intérieur résidentiel avec cadre pur bois 90Cm/205cm PIR-DULIX;PIR-DULIX;135000;Menuiserie;https://ambulantenligne.com/14048/porte-interieur-residentiel-avec-cadre-pur-bois-90Cm205cm-pir-dulix.jpg;;;;;;;;
Porte intérieur résidentiel avec cadre pur bois 90Cm/205cm PIR-DULIX;PIR-DULIX;135000;Menuiserie;https://ambulantenligne.com/14053/porte-interieur-residentiel-avec-cadre-pur-bois-90Cm205cm-pir-dulix.jpg;;;;;;;;
Jeu complet de joints spi KE-GN125-MO;KE-GN125-MO;1000;Pièces détachées;https://ambulantenligne.com/14049/jeu-complet-de-joints-spi-ke-gn125-mo.jpg;;;;;;;;
Jeu complet de joints spi KE-CD110-MO;KE-CD110-MO;1000;Pièces détachées;https://ambulantenligne.com/14050/jeu-complet-de-joints-spi-ke-cd110-mo.jpg;;;;;;;;
chaine simple de 116 sections noire KE-GN116-MO;KE-GN116-MO;3500;Pièces détachées;https://ambulantenligne.com/14051/chaine-simple-de-116-sections-noire-ke-gn116-mo.jpg;;;;;;;;
chaine unique de 100 sections noire KE-CD110-100-MO;KE-CD110-100-MO;3000;Pièces détachées;https://ambulantenligne.com/14052/chaine-unique-de-100-sections-noire-ke-cd110-100-mo.jpg;;;;;;;;
GUIDE CHAINE 3 VITESSES Moto Trois roues avec vis à  chaine KE-CD110-MO;KE-CD110-MO;1500;Pièces détachées;https://ambulantenligne.com/14056/guide-chaine-3-vitesses-Moto-trois-roues-avec-vis-a-chaine-ke-cd110-mo.jpg;;;;;;;;
Porte intérieur résidentiel avec cadre pur bois 90Cm/205cm PIR-DULIX;PIR-DULIX;135000;Menuiserie;https://ambulantenligne.com/14054/porte-interieur-residentiel-avec-cadre-pur-bois-90Cm205cm-pir-dulix.jpg;;;;;;;;
Porte intérieur résidentiel avec cadre pur bois 90Cm/205cm PIR-DULIX;PIR-DULIX;135000;Menuiserie;https://ambulantenligne.com/14055/porte-interieur-residentiel-avec-cadre-pur-bois-90Cm205cm-pir-dulix.jpg;;;;;;;;
Contre Plaqué Bakélisé MARINEPLEX type A Diamètre 18 TYPE-A-DULIX;TYPE-A-DULIX;22500;Menuiserie;https://ambulantenligne.com/14059/contre-plaque-bakelise-marineplex-type-a-diametre-18-type-a-dulix.jpg;;;;;;;;
Frein à  pied KE-GN125-Mo;KE-GN125-Mo;2000;Pièces détachées;https://ambulantenligne.com/14058/frein-a-pied-ke-gn125-mo.jpg;;;;;;;;
PEDALE DE FREIN Moto KE-CD110-MO;KE-CD110-MO;1700;Pièces détachées;https://ambulantenligne.com/14060/-pedale-de-frein-Moto-ke-cd110-mo.jpg;;;;;;;;
Contre Plaqué BakéliséMARINEPLEX type B Diamà¨tre 18 TYPE-B-DULIX;TYPE-B-DULIX;20000;Menuiserie;https://ambulantenligne.com/14062/contre-plaque-bakelise-marineplex-type-b-diametre-18-type-b-dulix.jpg;;;;;;;;
Levier de vitesse KE-CD110-MO;KE-CD110-MO;1200;Pièces détachées;https://ambulantenligne.com/14067/levier-de-vitesse-ke-cd110-mo.jpg;;;;;;;;
Camion de sable 20m3 NAR-20;NAR-20;95000;Maconnerie;https://ambulantenligne.com/14065/camion-de-sable-20m3-sa-dulix20.jpg;;;;;;;;
Camion de sable 16m3 NAR-16;NAR-16;80000;Maconnerie;https://ambulantenligne.com/14066/camion-de-sable-16m3-nar-16.jpg;;;;;;;;
Camion de sable 8m3 NAR-8;NAR-8;55000;Maconnerie;https://ambulantenligne.com/14068/camion-de-sable-8m3-nar-8.jpg;;;;;;;;
Camion de sable 4m3 NAR-4;NAR-4;27500;Maconnerie;https://ambulantenligne.com/14069/camion-de-sable-4m3-nar-4.jpg;;;;;;;;
Siphon de sol de douche SUS304;SUS304;1500;Plomberie;https://ambulantenligne.com/14071/siphon-de-sol-de-douche-sus304.jpg;;;;;;;;
Kit chaine + vis KE-CD110-MO;KE-CD110-MO;6500;Pièces détachées;https://ambulantenligne.com/14074/kit-chaine-vis-ke-cd110-mo.jpg;;;;;;;;
Vanne d'angle chaude et Froide en acier inoxydable; vidange RCD-SUS304;RCD-SUS304;2500;Plomberie;https://ambulantenligne.com/14077/robinet-colonne-pour-douche-rcd-sus304.jpg;;;;;;;
Kit chaine + vis KE-CG125-MO;KE-CG125-MO;7000;Pièces détachées;https://ambulantenligne.com/14079/kit-chaine-vis-ke-cg125-mo.jpg;;;;;;;;
Volant Magnètique  Moteur d'inertie (niveau 6) KE-CD110-MO;KE-CD110-MO;3500;Pièces détachées;https://ambulantenligne.com/14080/volant-magnetique-moteur-d-inertie-niveau-6-ke-cd110-mo.jpg;;;;;;;;
Bobine D'allumage ronde Originale KE-CG125-MO;KE-CG125-MO;4000;Pièces détachées;https://ambulantenligne.com/14082/bobine-d-allumage-ronde-originale-ke-cg125-mo.jpg;;;;;;;;
Bobine D'allumage ronde Originale KE-CD110-MO;KE-CD110-MO;4000;Pièces détachées;https://ambulantenligne.com/14084/bobine-d-allumage-ronde-originale-ke-cd110-mo.jpg;;;;;;;;
Roulement / Palier 6302;KE-6302-MO;1400;Pièces détachées;https://ambulantenligne.com/14085/roulement-palier-6302.jpg;;;;;;;;
Roulement / Palier 6301;KE-6301-MO;1200;Pièces détachées;https://ambulantenligne.com/14087/roulement-palier-6301.jpg;;;;;;;;
Roulement / Palier 6204;KE-6204-MO;1700;Pièces détachées;https://ambulantenligne.com/14089/roulement-palier-6204.jpg;;;;;;;;
Huile moteur Bouteille d'huile moteur de 1;5 L;KE-JY380-MO;4500;Lubrifiants;https://ambulantenligne.com/14091/huile-moteur.jpg;;;;;;;
Huile moteur Bouteille d'huile moteur de 1;2 L;KE-JY341-MO;4000;Lubrifiants;https://ambulantenligne.com/14092/huile-moteur-bouteille-d-huile-moteur-de-12-l.jpg;;;;;;;
Auto-réhydratationSolution auto-régénérante blanche avec canule 500g;KE-ZBY101-MO;1500;Lubrifiants;https://ambulantenligne.com/14094/auto-rehydratation-solution-auto-regenerante-blanche-avec-canule-500g.jpg;;;;;;;;
Bouchon de vidange  pour Evier de salle de bain BOU-DULIX;BOU-DULIX;2500;Plomberie;https://ambulantenligne.com/14095/bouchon-de-vidange-pour-evier-de-salle-de-bain-bou-dulix.jpg;;;;;;;;
Siphon Evier pour lavabo SI-DULIX;SI-DULIX;1500;Accueil;https://ambulantenligne.com/14098/siphon-evier-pour-lavabo-si-dulix.jpg;;;;;;;;
Robinet d'eau  RO-DULIX;RO-DULIX;1500;Plomberie;https://ambulantenligne.com/14099/robinet-d-eau-ro-dulix.jpg;;;;;;;;
Robinet d'eau anti-corrosion RA-DULIX;RA-DULIX;3000;Plomberie;https://ambulantenligne.com/14103/robinet-d-eau-anticorrosion-ra-dulix.jpg;;;;;;;;
Hotte   de Cuisine HAIER 90Cm CCHP26EEBS NOIR AI-CH;CCHP26EEBS;155000;Hotte   90Cm;https://ambulantenligne.com/14104/Hotte  -de-Cuisine-haier-90Cm-cchp26eebs-noir.jpg;;;;;;;;
Huile moteur Bidon de 1 litre d'huile moteur;KE-JY358-MO;2500;Lubrifiants;https://ambulantenligne.com/14106/huile-moteur-bidon-de-1-litre-d-huile-moteur-.jpg;;;;;;;;
Boite à  vitesse manuelle Dodge calibrer 2em Main ND-BSY-AO;ND-BSY-AO;250000;Pièces détachées;https://ambulantenligne.com/14107/boite-a-vitesse-manuelle-dodge-calibrer-occasion.jpg;;;;;;;;
Boite à  Vitesse Automatique HYUNDAI TUCSon 2em Main ND-TUCSon-AO;ND-TUCSon-AO;400000;Pièces détachées;https://ambulantenligne.com/14108/boite-a-vitesse-automatique-hyundai-tucSon.jpg;;;;;;;;
Boite à  Vitesse AutomatiqueToyota Highlander 4x4; modèle 2015 2em Main ND-TOYOTA-AO;ND-TOYOTA-AO;900000;Pièces détachées;https://ambulantenligne.com/14109/boite-a-vitesse-automatiquetoyota-highlander-4x4-modele-2015-occasion.jpg;;;;;;;
Boite à  Vitesse Automatique Toyota Highlander 4;2 2em Main ND-TOYOTA-AO;ND-TOYOTA-AO;600000;Pièces détachées;https://ambulantenligne.com/14110/boite-a-vitesse-automatique-toyota-highlander-42.jpg;;;;;;;
Boite à  Vitesse Chevrolet Cruise 4;2 2em Main ND-Chevrolet-AO;ND-Chevrolet-AO;500000;Pièces détachées;https://ambulantenligne.com/14111/boite-a-vitesse-chevrolet-cruise-42-occasion.jpg;;;;;;;
Boite à  Vitesse Automatique Peugeot 406 2em Main ND-PEUGEOT406-AO;ND-PEUGEOT406-AO;350000;Pièces détachées;https://ambulantenligne.com/14112/boite-a-vitesse-automatique-peugeot-406-automatique-.jpg;;;;;;;;
Boite à  Vitesse Citroà«n C5 2em Main ND-Citroà«nC5-AO;ND-Citroà«nC5-AO;300000;Pièces détachées;https://ambulantenligne.com/14113/boite-a-vitesse-citroen-c5-occasion.jpg;;;;;;;;
Boite à  Vitesse Peugeot 3008 2em Main PAP-PEUGEOT3008-EBA;PAP-PEUGEOT3008-EBA;800000;Pièces détachées;https://ambulantenligne.com/14114/boite-a-vitesse-peugeot-3008-occasion.jpg;;;;;;;;
Boite à  Vitesse  Hyundai  2em Main PAP-HYUNDAI-EBA;PAP-HYUNDAI-EBA;500000;Pièces détachées;https://ambulantenligne.com/14116/boite-a-vitesse-hyundai-occasion.jpg;;;;;;;;
Boite à  Vitesse  Hyundai Veloster 2em Main PAP-VELOSTER-EBA;PAP-VELOSTER-EBA;650000;Pièces détachées;https://ambulantenligne.com/14117/boite-a-vitesse-hyundai-veloster-occasion.jpg;;;;;;;;
Boite à  Vitesse Jeep cherokee 2em Main PAP-JEEPCHEROKEE-EBA;PAP-JEEPCHEROKEE-EBA;550000;Pièces détachées;https://ambulantenligne.com/14118/boite-a-vitesse-jeep-cherokee-occasion.jpg;;;;;;;;
Boite à  Vitesse Automatique FORD ESCAP 2012  2em Main PAP-FORDESCAP2012-EBA;PAP-FORDESCAP2012-EBA;400000;Pièces détachées;https://ambulantenligne.com/14119/boite-a-vitesse-automatique-ford-escap-2012-occasion.jpg;;;;;;;;
Boite à  Vitesse Automatique FORD ESCAP 2013 2em Main PAP-FORDESCAP2013-EBA;PAP-FORDESCAP2013-EBA;1000000;Pièces détachées;https://ambulantenligne.com/14120/boite-a-vitesse-automatique-ford-escap-2013-occasion.jpg;;;;;;;;
Boite à  Vitesse Hyundai Sonata 2em Main PAP-SonATA-EBA;PAP-SonATA-EBA;450000;Pièces détachées;https://ambulantenligne.com/14121/boite-a-vitesse-hyundai-Sonata-occasion.jpg;;;;;;;;
Boite à  Vitesse Peugeot 307 2em Main PAP-PEUGEOT307-EBA;PAP-PEUGEOT307-EBA;250000;Pièces détachées;https://ambulantenligne.com/14122/boite-a-vitesse-peugeot-307-occasion.jpg;;;;;;;;
Boite à  Vitesse Peugeot 407 2em Main PAP-PEUGEOT407-EBA;PAP-PEUGEOT407-EBA;300000;Pièces détachées;https://ambulantenligne.com/14123/boite-a-vitesse-peugeot-407-occasion.jpg;;;;;;;;
Moteur complet Ford Escape 2010 à  2012  sans Boite 2eme Main TA-MOTEURESCAPE-PHA;TA-MOTEURESCAPE-PHA;650000;Pièces détachées;https://ambulantenligne.com/14124/moteur-complet-ford-escape-2010-a-2012-sans-boite.jpg;;;;;;;;
Moteur complet Ford Escape 2013 sans Boite 2eme Main TA-MOTEURESCAPE-PHA;TA-MOTEURESCAPE-PHA;600000;Pièces détachées;https://ambulantenligne.com/14125/moteur-complet-ford-escape-2013-sans-boite-2eme-main.jpg;;;;;;;;
Phare avant FORD FIESTA 2012 TA-PHAREFIESTA-PHA;TA-PHAREFIESTA-PHA;135000;Pièces détachées;https://ambulantenligne.com/14126/phare-avant-ford-fiesta-2012.jpg;;;;;;;;
Ensemble de Phares pour Ford Focus Paire TA-FOCUS-PHA;TA-FOCUS-PHA;130000;Pièces détachées;https://ambulantenligne.com/14128/ensemble-de-phares-pour-ford-focus-paire.jpg;;;;;;;;
Malle arrière Ford Explorer 2013 TA-MALLE -PHA;TA-MALLE -PHA;550000;Pièces détachées;https://ambulantenligne.com/14129/malle-arriere-ford-explorer-2013.jpg;;;;;;;;
Tableau de bord Ford Explorer Let's Go Avec Montage TA-TABLEAU LET'SGO-PHA;TA-TABLEAU LET'SGO-PHA;600000;Pièces détachées;https://ambulantenligne.com/14130/tableau-de-bord-ford-explorer-lets-go-avec-montage-.jpg;;;;;;;;
Hotte   de Cuisine HAIER 60cm HCH S60TB12A NOIR AI-CH;HCH S60TB12A;150000;Hotte   60cm;https://ambulantenligne.com/14131/Hotte  -de-Cuisine-haier-60cm-hch-s60tb12a-noir.jpg;;;;;;;;
Tableau de bord Ford Explorer Avec clé Avec Montage TA-TABLEAU clé-PHA;TA-TABLEAU clé-PHA;550000;Pièces détachées;https://ambulantenligne.com/14133/tableau-de-bord-ford-explorer-avec-cle-avec-montage-2eme-main.jpg;;;;;;;;
Smart Tv HAIER 55 Pouces 4K Google Tv H55K85FUX;H55K85FUX;235000;55 Pouces & Plus;https://ambulantenligne.com/15972/smart-Tv-haier-55-Pouces-4k-Qled-google-Tv-h55k85fux.jpg;;;;;;;;
Smart Tv HAIER 65 Pouces 4K Google Tv H65K85FUX;H65K85FUX;315000;Smart Tv 4K;https://ambulantenligne.com/15975/smart-Tv-haier-65-Pouces-4k-Qled-google-Tv-h65k85fux.jpg;;;;;;;;
Smart Tv HAIER 75 Pouces 4K Google Tv H75K85FUX;H75K85FUX;430000;Deals du Moment;https://ambulantenligne.com/15978/smart-Tv-haier-75-Pouces-4k-google-Tv-h75k85fux.jpg;;;;;;;;
Hotte   de Cuisine HAIER 90Cm HXP90D-750SB AI-CH;HXP90D-750SB;155000;Hotte   90Cm;https://ambulantenligne.com/14137/Hotte  -de-Cuisine-haier-90Cm-hxp90d-750sb-.jpg;;;;;;;;
Hotte   de Cuisine HAIER 60cm HXG60E-550SB AI-CH;HXG60E-550SB;115000;Hotte   60cm;https://ambulantenligne.com/14138/Hotte  -de-Cuisine-haier-60cm-hxg60e-550sb-ai-ch.jpg;;;;;;;;
"Volant Let""s Go Ford Escape 2013 TA-VOLANTLET'SGO-PHA";TA-VOLANTLET'SGO-PHA;150000;Pièces détachées;https://ambulantenligne.com/14139/volant-lets-go-ford-escape-2013-.jpg;;;;;;;;
Volant  Ford Escape 2013 Avec clé TA-VOLANTAVECCLà-PHA;TA-VOLANTAVECCLà-PHA;120000;Pièces détachées;https://ambulantenligne.com/14140/volant-ford-escape-2013-avec-cle-2eme-main.jpg;;;;;;;;
Ensemble 4 portes complet Ford Fiesta 2013 TA-FIESTA4PORTES-PHA;TA-FIESTA4PORTES-PHA;400000;Pièces détachées;https://ambulantenligne.com/14144/ensemble-4-portes-complet-ford-fiesta-2013.jpg;;;;;;;;
PIGNON COMPLET KE-CD110-MO;KE-CD110-MO;5000;Pièces détachées;https://ambulantenligne.com/14145/pignon-complet-ke-cd110-mo.jpg;;;;;;;;
PIGNON COMPLET KE-CG125-MO;KE-CG125-MO;6500;Pièces détachées;https://ambulantenligne.com/14147/pignon-complet-ke-cg125-mo.jpg;;;;;;;;
PIGNON COMPLET KE-CG150-MO;KE-CG150-MO;6500;Pièces détachées;https://ambulantenligne.com/14150/pignon-complet-ke-cg150-mo.jpg;;;;;;;;
Culasse Complet KE-AP125-MO;KE-AP125-MO;22500;Pièces détachées;https://ambulantenligne.com/14152/culasse-complet-ke-ap125-mo.jpg;;;;;;;;
Culasse Simple KE-GN150-MO;KE-GN150-MO;15500;Pièces détachées;https://ambulantenligne.com/14153/culasse-simple-ke-gn150-mo.jpg;;;;;;;;
"Smart Tv SAMSUNG 65"" 4K Crystal UHD 2023 CU7100";CU7100;425000;Accueil;https://ambulantenligne.com/14157/smart-Tv-samsung-65-4k-crystal-uhd-2023-cu7100.jpg;;;;;;;;
Soupape Moteur KE-CD110-MO;KE-CD110-MO;1500;Pièces détachées;https://ambulantenligne.com/14158/soupape-moteur-ke-cd110-mo.jpg;;;;;;;;
Soupape Moteur KE-CG125-MO;KE-CG125-MO;1700;Accueil;https://ambulantenligne.com/14159/soupape-moteur-ke-cg125-mo.jpg;;;;;;;;
Soupape Moteur KE-CG150-MO;KE-CG150-MO;1700;Pièces détachées;https://ambulantenligne.com/14160/soupape-moteur-ke-cg150-mo.jpg;;;;;;;;
Vilebrequin  UQU KE-CD110-MO;KE-CD110-MO;9500;Pièces détachées;https://ambulantenligne.com/14161/vilebrequin-uqu-ke-cd110-mo.jpg;;;;;;;;
Culasse Simple KE-CG125-MO;KE-CG125-MO;15000;Pièces détachées;https://ambulantenligne.com/14162/culasse-simple-ke-cg125-mo.jpg;;;;;;;;
Culasse Complet KE-HJ125-8-MO;KE-HJ125-8-MO;22000;Pièces détachées;https://ambulantenligne.com/14163/culasse-complet-ke-hj125-8-mo.jpg;;;;;;;;
Graisse de Moto 500g KE-HY218-MO;KE-HY218-MO;1700;Equipements;https://ambulantenligne.com/14166/graisse.jpg;;;;;;;;
Bougie d'allumage Moto DEGROG KE-CR8E-MO;KE-CR8E-MO;750;Pièces détachées;https://ambulantenligne.com/14171/bougie-d-allumage-Moto-degrog-ke-cr8e-mo.jpg;;;;;;;;
Bougie d'allumage Moto DEGROG KE-A7TC-MO;KE-A7TC-MO;750;Pièces détachées;https://ambulantenligne.com/14170/bougie-d-allumage-Moto-degrog-ke-a7tc-mo.jpg;;;;;;;;
Bougie d'allumage Moto DEGROG KE-D8TC-MO;KE-D8TC-MO;750;Pièces détachées;https://ambulantenligne.com/14172/bougie-d-allumage-Moto-degrog-ke-d8tc-mo.jpg;;;;;;;;
Arbre à  came Moto jakarta KE-CD110-MO;KE-CD110-MO;2000;Pièces détachées;https://ambulantenligne.com/14173/arbre-a-came-Moto-jakarta-ke-cd110-mo.jpg;;;;;;;;
Dà©marreur Moto KE-GN125-MO;KE-GN125-MO;6750;Pièces détachées;https://ambulantenligne.com/14174/demarreur-Moto-ke-gn125-mo.jpg;;;;;;;;
Dà©marreur Moto KE-GN200-MO;KE-GN200-MO;7200;Pièces détachées;https://ambulantenligne.com/14175/demarreur-Moto-ke-gn200-mo.jpg;;;;;;;;
Dà©marreur Moto KE-CD110-MO;KE-CD110-MO;6500;Pièces détachées;https://ambulantenligne.com/14176/demarreur-Moto-ke-cd110-mo.jpg;;;;;;;;
Disque d'embrayage GN125 KE-CD110/CG125-MO;KE-CD110/CG125-MO;1800;Pièces détachées;https://ambulantenligne.com/14178/disque-d-embrayage-gn125-ke-cd110cg125-mo.jpg;;;;;;;;
Disque d'embrayage GN200 KE-GN200-MO;KE-GN200-MO;2200;Pièces détachées;https://ambulantenligne.com/14179/disque-d-embrayage-gn200-ke-gn200-mo.jpg;;;;;;;;
Ensemble tambour à  engrenages pièces de Moto de changement de vitesse KE-CD110-MO;KE-CD110-MO;2750;Pièces détachées;https://ambulantenligne.com/14181/ensemble-tambour-a-engrenages-pieces-de-Moto-de-changement-de-vitesse-ke-cd110-mo-.jpg;;;;;;;;
Piston Complet+ / Bouchon + (Boite en fer; piston + joint spi + segment de piston) KE-CD110+-MO;KE-CD110+-MO;2800;Pièces détachées;https://ambulantenligne.com/14183/bouchon-boite-en-fer-piston-joint-spi-segment-de-piston.jpg;;;;;;;
Piston Complet++ / Plug++ (Boite en fer; piston + joint spi + segment de piston) KE-CD110++-MO;KE-CD110++-MO;2800;Pièces détachées;https://ambulantenligne.com/14184/piston-complet-plug-boite-en-fer-piston-joint-spi-segment-de-piston-ke-cd110-mo.jpg;;;;;;;
Piston Complet++ / Bouchon + (Boite en fer; piston + joint spi + segment de piston) KE-CG150+-MO;KE-CG150+-MO;3300;Pièces détachées;https://ambulantenligne.com/14185/piston-complet-bouchon-boite-en-fer-piston-joint-spi-segment-de-piston-ke-cg150-mo.jpg;;;;;;;
Piston Complet++ / Bouchon + (Boite en fer; piston + joint spi + segment de piston) KE-CG150++-MO;KE-CG150++-MO;3300;Pièces détachées;https://ambulantenligne.com/14186/piston-complet-bouchon-boite-en-fer-piston-joint-spi-segment-de-piston-ke-cg150-mo.jpg;;;;;;;
Piston Complet+ / Bouchon + (Boite en fer; piston + joint spi + segment de piston) KE-CG125+-MO;KE-CG125+-MO;3500;Pièces détachées;https://ambulantenligne.com/14187/piston-complet-bouchon-boite-en-fer-piston-joint-spi-segment-de-piston-ke-cg125-mo.jpg;;;;;;;
Piston Complet++ / Plug++ (Boite en fer; piston + joint spi + segment de piston) KE-CG125++-MO;KE-CG125++-MO;3500;Pièces détachées;https://ambulantenligne.com/14188/piston-complet-plug-boite-en-fer-piston-joint-spi-segment-de-piston-ke-cg125-mo.jpg;;;;;;;
Piston Complet+ / Bouchon + (Boite en fer; piston + joint spi + segment de piston) KE-AP125+-MO;KE-AP125+-MO;3500;Pièces détachées;https://ambulantenligne.com/14189/piston-complet-bouchon-boite-en-fer-piston-joint-spi-segment-de-piston-ke-ap125-mo.jpg;;;;;;;
Piston Complet++ / Plug++ (Boite en fer; piston + joint spi + segment de piston) KE-AP125++-MO;KE-AP125++-MO;3500;Pièces détachées;https://ambulantenligne.com/14190/piston-complet-plug-boite-en-fer-piston-joint-spi-segment-de-piston-ke-ap125-mo.jpg;;;;;;;
Piston Complet+ / Bouchon + (Boite en fer; piston + joint spi + segment de piston) KE-HJ125-8+-MO;KE-HJ125-8+-MO;3500;Pièces détachées;https://ambulantenligne.com/14191/piston-complet-bouchon-boite-en-fer-piston-joint-spi-segment-de-piston-ke-hj125-8-mo.jpg;;;;;;;
Piston Complet++ / Plug++ (Boite en fer; piston + joint spi + segment de piston) KE-HJ125-8++-MO;KE-HJ125-8++-MO;3500;Pièces détachées;https://ambulantenligne.com/14192/piston-complet-plug-boite-en-fer-piston-joint-spi-segment-de-piston-ke-hj125-8-mo.jpg;;;;;;;
Petit Culbuteur  pour Moto CD110 KE-CD110-MO;KE-CD110-MO;1500;Pièces détachées;https://ambulantenligne.com/14194/petit-culbuteur-pour-Moto-cd110-ke-cd110-mo.jpg;;;;;;;;
TAMBOUR d'embrayage Moto CG125 KE-CG125-MO;KE-CG125-MO;3000;Pièces détachées;https://ambulantenligne.com/14195/-tambour-dembrayage-Moto-cg125-ke-cg125-mo.jpg;;;;;;;;
Tambour d'embrayage Moto KE-CD110-MO;KE-CD110-MO;2800;Pièces détachées;https://ambulantenligne.com/14197/tambour-d-embrayage-Moto-ke-cd110-mo.jpg;;;;;;;;
Ensemble d'embrayage primaire de Moto CD110 KE-CD110-MO;KE-CD110-MO;7750;Pièces détachées;https://ambulantenligne.com/14199/ensemble-dembrayage-primaire-de-Moto-cd110-ke-cd110-mo.jpg;;;;;;;;
Carburateur Moto CG150 KE-CG150-MO;KE-CG150-MO;5750;Pièces détachées;https://ambulantenligne.com/14203/carburateur-Moto-cg150-ke-cg150-mo.jpg;;;;;;;;
Carburateur Moto CD110 KE-CD110-MO;KE-CD110-MO;5500;Pièces détachées;https://ambulantenligne.com/14204/carburateur-Moto-cd110-ke-cd110-mo.jpg;;;;;;;;
Carburateur Moto CG125 KE-CG125-MO;KE-CG125-MO;5000;Pièces détachées;https://ambulantenligne.com/14205/carburateur-Moto-cg125-ke-cg125-mo.jpg;;;;;;;;
Carburateur Moto CG200 KE-CG200-MO;KE-CG200-MO;6000;Pièces détachées;https://ambulantenligne.com/14206/carburateur-Moto-cg200-ke-cg200-mo.jpg;;;;;;;;
Centre d'embrayage Moto CD110 KE-CD110-MO;KE-CD110-MO;4750;Pièces détachées;https://ambulantenligne.com/14207/-centre-dembrayage-Moto-cd110-ke-cd110-mo.jpg;;;;;;;;
Centre d'embrayage Moto CG125 KE-CG125-MO;KE-CG125-MO;5000;Pièces détachées;https://ambulantenligne.com/14209/centre-dembrayage-Moto-cg125-ke-cg125-mo.jpg;;;;;;;;
Centre d'embrayage Moto CG150 KE-CG150-MO;KE-CG150-MO;5250;Pièces détachées;https://ambulantenligne.com/14211/centre-dembrayage-Moto-cg150-ke-cg150-mo.jpg;;;;;;;;
Amortisseur avant CD110 Moto KE-CD110-MO;KE-CD110-MO;12500;Pièces détachées;https://ambulantenligne.com/14213/amortisseur-avant-cd110-Moto-ke-cd110-mo.jpg;;;;;;;;
Chaise fauteuil scandinave Patchwork Jaune AID-CFS-ARA;AID-CFS-ARA;55000;Canapé & Fauteuil;https://ambulantenligne.com/14214/Chaise-fauteuil-scandinave-patchwork-jaune-aid-cfs-ara.jpg;;;;;;;;
Table d'appoint en métal doré avec plateau en verre AID-MB2102-ARA;AID-MB2102-ARA;35000;Mobilier de Salon;https://ambulantenligne.com/14215/table-d-appoint-en-metal-dore-avec-plateau-en-verre-aid-mb2102-ara.jpg;;;;;;;;
Table d'appoint moderne dorée pour salon avec le dessus mabrée AID-TAMD-ARA;AID-TAMD-ARA;35000;Mobilier de Salon;https://ambulantenligne.com/14216/table-d-appoint-moderne-doree-pour-salon-avec-le-dessus-mabre-aid-tamd-ara.jpg;;;;;;;;
Mobilier industriel           Bookshelf; Barnwood taille unique AID-MIBB-ARA;AID-MIBB-ARA;120000;Mobilier de Salon;https://ambulantenligne.com/14217/mobilier-industriel          -bookshelf-barnwood-taille-unique-aid-mibb-ara.jpg;;;;;;;
Bureau d'ordinateur de style rustique avec tiroir Walker EdiSon; bois de grance AID-BDG-ARA;AID-BDG-ARA;100000;Table;https://ambulantenligne.com/14218/Bureau-d-ordinateur-de-style-rustique-avec-tiroir-walker-ediSon-bois-de-grance-aid-bdg-ara.jpg;;;;;;;
Set de 2 tables basses en métal noir gigognes Kungsà¶r AID-S2-ARA;AID-S2-ARA;70000;Mobilier de Salon;https://ambulantenligne.com/14219/set-de-2-tables-basses-en-metal-noir-gigognes-kungsoer-aid-s2-ara.jpg;;;;;;;;
Table basse en verre brun Durian Hopper AID-TBVDH-ARA;AID-TBVDH-ARA;100000;Mobilier de Salon;https://ambulantenligne.com/14220/table-basse-en-verre-brun-durian-hopper-aid-tbvdh-ara.jpg;;;;;;;;
Chaise de salle à  manger en velours AID-CSM-ARA;AID-CSM-ARA;35000;Mobilier de Salon;https://ambulantenligne.com/14221/Chaise-de-salle-a-manger-en-velours-aid-csm-ara.jpg;;;;;;;;
Lampe à  poser Nordlux Linton Laiton AID-LAPNL-ARA;AID-SENL-ARA;15000;Luminaires;https://ambulantenligne.com/14222/lampe-a-poser-nordlux-linton-laiton-aid-lapnl-ara.jpg;;;;;;;;
Lampe de table portable WiZ ligthining connectée socle en bois AID-LTPWLSB-ARA;AID-LTPWL-ARA;20000;Luminaires;https://ambulantenligne.com/14223/lampe-de-chevet-Led-aid-lcl-ara.jpg;;;;;;;;
Lampe de table Home sweet home AID-LTHSH-ARA;AID-LTHSH-ARA;15000;Luminaires;https://ambulantenligne.com/14224/lampe-de-table-home-sweet-home-aid-lthsh-ara.jpg;;;;;;;;
Lampe de table Jedi Lightning réglable avec télécommande AID-LTJL-ARA;AID-LTJL-ARA;20000;Luminaires;https://ambulantenligne.com/14225/lampe-de-table-jedi-lightning-reglable-avec-telecommande-aid-ltjl-ara.jpg;;;;;;;;
Arbre à  came Ensemble Cam trois pièces GN125 KE-GN125-MO;KE-GN125-MO;3750;Pièces détachées;https://ambulantenligne.com/14226/arbre-a-came-ensemble-cam-trois-pieces-gn125-ke-gn125-mo.jpg;;;;;;;;
Plaquette de frein Moto GN125 KE-GN125-MO;KE-GN125-MO;1750;Pièces détachées;https://ambulantenligne.com/14228/gn125.jpg;;;;;;;;
Plaquette de frein Moto CD110 KE-CD110-MO;KE-CD110-MO;1500;Pièces détachées;https://ambulantenligne.com/14231/plaquette-de-frein-Moto-cd110-ke-cd110-mo.jpg;;;;;;;;
Carter complete Moto CD110 KE-CD110-MO;KE-CD110-MO;14000;Pièces détachées;https://ambulantenligne.com/14237/carter-complete-Moto-cd110-ke-cd110-mo.jpg;;;;;;;;
Cylindre Complete-A Moto CD110 KE-CD110-MO;KE-CD110-MO;7750;Pièces détachées;https://ambulantenligne.com/14238/cylindre-complete-a-Moto-cd110-ke-cd110-mo.jpg;;;;;;;;
Vilebrequin Moto CG150 KE-CG150-MO;KE-CG150-MO;11500;Pièces détachées;https://ambulantenligne.com/14242/vilebrequin-Moto-cg150-ke-cg150-mo.jpg;;;;;;;;
Vilebrequin Moto AP125 KE-AP125-MO;KE-AP125-MO;11750;Pièces détachées;https://ambulantenligne.com/14243/vilebrequin-Moto-ap125-ke-ap125-mo.jpg;;;;;;;;
Vilebrequin Moto CG175 KE-CG175-MO;KE-CG175-MO;12000;Pièces détachées;https://ambulantenligne.com/14244/vilebrequin-Moto-cg175-ke-cg175-mo.jpg;;;;;;;;
Vilebrequin Moto HJ125-8 KE-HJ125-8-MO;KE-HJ125-8-MO;12250;Pièces détachées;https://ambulantenligne.com/14245/vilebrequin-Moto-hj125-8-ke-hj125-8-mo.jpg;;;;;;;;
Moto Jakarta KTM CD110 KE-CD110-MO;KE-CD110-MO;375000;Moto;https://ambulantenligne.com/14246/Moto-jakarta-ktm-cd110-ke-cd110-mo.jpg;;;;;;;;
Moto Jakarta KTM CD110 KE-CD110-MO;KE-CD110-MO;375000;Moto;https://ambulantenligne.com/14247/Moto-jakarta-ktm-cd110-ke-cd110-mo.jpg;;;;;;;;
Moto Jakarta KTM CD110 KE-CD110-MO;KE-CD110-MO;375000;Moto;https://ambulantenligne.com/14248/Moto-jakarta-ktm-cd110-ke-cd110-mo.jpg;;;;;;;;
Moto Jakarta KTM CD110 KE-CD110-MO;KE-CD110-MO;375000;Moto;https://ambulantenligne.com/14249/Moto-jakarta-ktm-cd110-ke-cd110-mo.jpg;;;;;;;;
Moto Haojue Express Gn 125/150cc KE-Gn 125/150cc-MO;KE-Gn 125/150cc-MO;800000;Moto;https://ambulantenligne.com/14250/Moto-haojue-express-gn-125150cc-ke-gn-125150cc-mo.jpg;;;;;;;;
Moto Haojue Express Gn 125/150cc KE-Gn125/150cc-MO;KE-Gn125/150cc-MO;800000;Moto;https://ambulantenligne.com/14251/Moto-haojue-express-gn-125150cc-ke-gn125150cc-mo.jpg;;;;;;;;
Moto Haojue Express Gn 125/150cc KE-Gn125/150cc-MO;KE-Gn125/150cc-MO;800000;Moto;https://ambulantenligne.com/14252/Moto-haojue-express-gn-125150cc-ke-gn125150cc-mo.jpg;;;;;;;;
Téléphone SAMSUNG GALAXY A06 Mémoire 64Go Ram 4Go;A06;51000;Smartphone;https://ambulantenligne.com/14262/telephone-samsung-galaxy-a06-memoire-64go-ram-4go.jpg;;;;;;;;
Evier REGINOX 1 bac AID-1BAC-ARA;AID-1BAC-ARA;60000;Cuisine;https://ambulantenligne.com/14263/evier-reginox-1-bac.jpg;;;;;;;;
Téléphone SAMSUNG GALAXY A06 Mémoire 128Go Ram 4Go;A06;56000;Smartphone;https://ambulantenligne.com/14264/telephone-samsung-galaxy-a06-memoire-128go-ram-4go.jpg;;;;;;;;
Téléphone SAMSUNG GALAXY A16 Mémoire 128Go Ram 4Go;A16;75000;Smartphone;https://ambulantenligne.com/14265/telephone-samsung-galaxy-a16-memoire-128go-ram-4go.jpg;;;;;;;;
Téléphone SAMSUNG GALAXY A16 Mémoire 256Go Ram 8Go;A16;102500;Smartphone;https://ambulantenligne.com/14266/telephone-samsung-galaxy-a16-memoire-128go-ram-4go.jpg;;;;;;;;
Téléphone SAMSUNG GALAXY Z FLIP 5 Mémoire 256Go Ram 8Go;Z FLIP 5;475000;Smartphone;https://ambulantenligne.com/14268/telephone-samsung-galaxy-z-flip-5-memoire-256go-ram-8go.jpg;;;;;;;;
Téléphone SAMSUNG GALAXY Z FLIP 5 Mémoire 512Go Ram 8Go;Z FLIP 5;525000;Smartphone;https://ambulantenligne.com/14269/telephone-samsung-galaxy-z-flip-5-memoire-256go-ram-8go.jpg;;;;;;;;
Téléphone SAMSUNG GALAXY Z FLIP 6 Mémoire 256Go Ram 12Go;Z FLIP 6;585000;Smartphone;https://ambulantenligne.com/14273/telephone-samsung-galaxy-z-flip-6-memoire-256go-ram-12go.jpg;;;;;;;;
Evier REGINOX double Bac  AID-2BAC-ARA;AID-2BAC-ARA;80000;Cuisine;https://ambulantenligne.com/14270/evier-reginox-double-bac-aid-2bac-ara.jpg;;;;;;;;
Mitigeur Evier FRANKE AID-Fn 6100.071-ARA;AID-Fn 6100.071-ARA;60000;Robinetterie;https://ambulantenligne.com/14271/mitigeur-evier-franke-aid-fn-6100071-ara.jpg;;;;;;;;
Mitigeur Evier FRANKE AID-230536-ARA;AID-230536-ARA;60000;Robinetterie;https://ambulantenligne.com/14272/mitigeur-evier-franke-aid-230536-ara.jpg;;;;;;;;
Mitigeur Evier SCHàTTE TOKYO D-SCHàTTE-ARA;AID-SCHàTTE-ARA;50000;Robinetterie;https://ambulantenligne.com/14274/mitigeur-evier-schuette-tokyo-d-schuette-ara.jpg;;;;;;;;
Mitigeur Evier FRANKE AID-FB 250.031-ARA;AID-FB 250.031-ARA;50000;Robinetterie;https://ambulantenligne.com/14276/mitigeur-evier-franke-aid-fb-250031-ara.jpg;;;;;;;;
Téléphone SAMSUNG GALAXY Z FLIP 6 Mémoire 512Go Ram 12Go;Z FLIP 6;615000;Smartphone;https://ambulantenligne.com/14275/telephone-samsung-galaxy-z-flip-6-memoire-256go-ram-12go.jpg;;;;;;;;
Mitigeur Evier FRANKE AID-FC 3055.901-ARA;AID-FC 3055.901-ARA;50000;Robinetterie;https://ambulantenligne.com/14277/mitigeur-evier-franke-aid-fc-3055901-ara.jpg;;;;;;;;
Téléphone SAMSUNG GALAXY Z FOLD 4 Mémoire 512Go Ram 12Go;Z FOLD 4;675000;Smartphone;https://ambulantenligne.com/14280/telephone-samsung-galaxy-z-fold-4-memoire-512go-ram-12go.jpg;;;;;;;;
Chaise Anglaise Classique ROSY;ROSY;50000;Plomberie;https://ambulantenligne.com/14282/Chaise-anglaise-classique-rosy.jpg;;;;;;;;
Mitigeur Evier eyckhaus  AID-eyckhaus-ARA;AID-eyckhaus-ARA;80000;Robinetterie;https://ambulantenligne.com/14284/mitigeur-evier-eyckhaus-aid-eyckhaus-ara.jpg;;;;;;;;
Mitigeur Evier CLEVER CHEF AGORA AID-AGORA-ARA;AID-AGORA-ARA;80000;Robinetterie;https://ambulantenligne.com/14285/mitigeur-evier-clever-chef-agora-aid-agora-ara.jpg;;;;;;;;
Téléphone SAMSUNG GALAXY Z FOLD 5 Mémoire 512Go Ram 12Go;Z FOLD 5;695000;Smartphone;https://ambulantenligne.com/14286/telephone-samsung-galaxy-z-fold-5-memoire-512go-ram-12go.jpg;;;;;;;;
Téléphone SAMSUNG GALAXY Z FOLD 5 Mémoire 256Go Ram 12Go;Z FOLD 5;685000;Smartphone;https://ambulantenligne.com/14287/telephone-samsung-galaxy-z-fold-5-memoire-512go-ram-12go.jpg;;;;;;;;
Téléphone SAMSUNG GALAXY Z FOLD 6 Mémoire 256Go Ram 12Go;FOLD 6;820000;Smartphone;https://ambulantenligne.com/14293/telephone-samsung-galaxy-z-fold-6-memoire-256go-ram-12go.jpg;;;;;;;;
Téléphone SAMSUNG GALAXY Z FOLD 6 Mémoire 512Go Ram 12Go;FOLD 6;1025000;Smartphone;https://ambulantenligne.com/14298/telephone-samsung-galaxy-z-fold-6-memoire-256go-ram-12go.jpg;;;;;;;;
"Téléphone TECNO POP 8 Ecran 6.6"" ROM 64Go RAM 2Go";POP 8;48000;Smartphone;https://ambulantenligne.com/14303/telephone-tecno-pop-8-ecran-66-rom-64go-ram-2go.jpg;;;;;;;;
"Téléphone TECNO POP 8 Ecran 6.6"" ROM 64Go RAM 3Go";POP 8;51500;Smartphone;https://ambulantenligne.com/14304/telephone-tecno-pop-8-ecran-66-rom-64go-ram-2go.jpg;;;;;;;;
Téléphone TECNO POP 9 Ecran ROM 64Go RAM 3Go;POP 9;53500;Smartphone;https://ambulantenligne.com/14305/telephone-tecno-pop-9-ecran-rom-64go-ram-3go.jpg;;;;;;;;
Téléphone TECNO POP 9 Ecran ROM 128Go RAM 3Go;POP 9;58500;Smartphone;https://ambulantenligne.com/14306/telephone-tecno-pop-9-ecran-rom-64go-ram-3go.jpg;;;;;;;;
Téléphone TECNO SPARK 20C Ecran ROM 256Go RAM 4Go;SPARK 20C;76000;Smartphone;https://ambulantenligne.com/14308/telephone-tecno-spark-20c-ecran-rom-256go-ram-4go.jpg;;;;;;;;
Téléphone TECNO SPARK 30C ROM 128Go RAM 4Go;SPARK 30C;68000;Smartphone;https://ambulantenligne.com/14310/telephone-tecno-spark-30c-rom-128go-ram-4go.jpg;;;;;;;;
Téléphone TECNO SPARK 30 ROM 128Go RAM 8Go;SPARK 30;85900;Smartphone;https://ambulantenligne.com/14311/telephone-tecno-spark-30-rom-128go-ram-8go.jpg;;;;;;;;
Téléphone TECNO SPARK 30 ROM 256Go RAM 8Go;SPARK 30;101500;Smartphone;https://ambulantenligne.com/14312/telephone-tecno-spark-30-rom-128go-ram-8go.jpg;;;;;;;;
Téléphone TECNO CAMON 30 ROM 256Go RAM 8Go;CAMON 30;133500;Smartphone;https://ambulantenligne.com/14314/telephone-tecno-camon-30-rom-256go-ram-8go.jpg;;;;;;;;
Téléphone TECNO CAMON 30 ROM 256Go RAM 12Go;CAMON 30;152500;Smartphone;https://ambulantenligne.com/14317/telephone-tecno-camon-30-rom-256go-ram-8go.jpg;;;;;;;;
Téléphone TECNO PHANTOM V FOLD  ROM 512Go RAM 12Go;PHANTOM V FOLD;647500;Smartphone;https://ambulantenligne.com/14321/telephone-tecno-phantom-v-fold-rom-512go-ram-12go.jpg;;;;;;;;
Tablette SAMSUNG GALAXY A9 8'' ROM 64Go RAM 4Go;GALAXY A9;88000;Tablette;https://ambulantenligne.com/14323/Tablette-samsung-galaxy-a9-8-rom-64go-ram-4go.jpg;;;;;;;;
Tablette SAMSUNG GALAXY A9 Plus 10'' ROM 64Go RAM 4Go;GALAXY A9 +;132500;Tablette;https://ambulantenligne.com/14327/Tablette-samsung-galaxy-a9-8-rom-64go-ram-4go.jpg;;;;;;;;
Tablette SAMSUNG GALAXY A9 Plus 10'' ROM 128Go RAM 4Go;GALAXY A9 +;155000;Tablette;https://ambulantenligne.com/14326/Tablette-samsung-galaxy-a9-8-rom-64go-ram-4go.jpg;;;;;;;;
Machine à  laver 7kg inverter LG F2Y1HYP6J - GRIS A+++;F2Y1HYP6J;265000;7 - 9 kg;https://ambulantenligne.com/14395/machine-a-laver-7kg-inverter-lg-f2y1hyp6j-noir-a.jpg;;;;;;;;
Tablette SAMSUNG GALAXY S9 11'' ROM 256Go RAM 12Go;TAB S9;460000;Tablette;https://ambulantenligne.com/14355/Tablette-samsung-galaxy-s9-11-rom-256go-ram-12go.jpg;;;;;;;;
Tablette SAMSUNG GALAXY S10 Plus 12.4'' ROM 256Go RAM 12Go;S10 +;640000;Accueil;https://ambulantenligne.com/14361/Tablette-samsung-galaxy-s10-124-rom-256go-ram-12go.jpg;;;;;;;;
Tablette SAMSUNG GALAXY S10 ULTRA 14.6'' ROM 512Go RAM 12Go;S10 ultra;792500;Accueil;https://ambulantenligne.com/14366/Tablette-samsung-galaxy-s10-124-rom-256go-ram-12go.jpg;;;;;;;;
Téléphone HUAWEI NOVA Y71 ROM 128Go RAM 8Go;NOVA Y71;86500;Smartphone;https://ambulantenligne.com/14368/telephone-huawei-nova-y71-rom-128go-ram-8go.jpg;;;;;;;;
Téléphone HUAWEI NOVA Y72 ROM 128Go RAM 8Go;NOVA Y72;95000;Smartphone;https://ambulantenligne.com/14371/telephone-huawei-nova-y72-rom-128go-ram-8go.jpg;;;;;;;;
Téléphone HUAWEI NOVA Y91 ROM 256Go RAM 8Go;NOVA Y91;123500;Smartphone;https://ambulantenligne.com/14373/telephone-huawei-nova-y91-rom-256go-ram-8go.jpg;;;;;;;;
Téléphone HUAWEI NOVA 8I ROM 128Go RAM 6Go;NOVA 8I;102000;Smartphone;https://ambulantenligne.com/14381/telephone-huawei-nova-8i-rom-128go-ram-6go.jpg;;;;;;;;
Téléphone HUAWEI NOVA 11I ROM 128Go RAM 8Go;NOVA 11I;118500;Smartphone;https://ambulantenligne.com/14382/telephone-huawei-nova-11i-rom-128go-ram-8go.jpg;;;;;;;;
Lave vaisselle BEKO 10 couverts DVS05024S;DVS05024S;217500;Dimension 45Cm;https://ambulantenligne.com/14391/Lave-vaisselle-beko-10-couverts-dvs05024s.jpg;;;;;;;;
Lave vaisselle HAIER 15 couverts A++ HBWE153661Q1;HBWE153661Q1;242500;Dimension60cm;https://ambulantenligne.com/14393/Lave-vaisselle-haier-15-couverts-a-hbwe153661q1.jpg;;;;;;;;
Lave vaisselle BEKO 13 couverts A++ DVN05321B Noir;DVN05321B;229900;Dimension60cm;https://ambulantenligne.com/14396/Lave-vaisselle-beko-13-couverts-dvn05321b-noir.jpg;;;;;;;;
Machine à  laver HAIER 10Kg HW100-B14959S8U1;HW100-B14959S8U1;295000;10 kg & Plus;https://ambulantenligne.com/14399/machine-a-laver-haier-15kg-hw150-bp14986es8-silver.jpg;;;;;;;;
Machine à  laver HAIER 10Kg Lavante + 6Kg Séchage HWD100-B14939S8;HWD100-B14939S8;360000;10 kg & Plus;https://ambulantenligne.com/14400/machine-a-laver-haier-10kg-lavante-6kg-sechage-hwd100-b14939s8.jpg;;;;;;;;
Four ENDURO Encastrable Electrique 90/60 LT95277 INOX;LT95277;265000;Four Electrique 90Cm;https://ambulantenligne.com/14408/four-enduro-Encastrable-electrique-9060-lt95277-inox.jpg;;;;;;;;
Four ENDURO Encastrable Electrique 90/60 LT95277 NOIR;LT95277;265000;Four Electrique 90Cm;https://ambulantenligne.com/14407/four-enduro-Encastrable-electrique-9060-lt95277-inox.jpg;;;;;;;;
Micro onde Encastrable HAIER 30L HBMW30GB Noir;HBMW30GB;187500;Encastrable;https://ambulantenligne.com/14423/Micro-onde-Encastrable-haier-30l-hbmw30gb-noir.jpg;;;;;;;;
Miroir Salle De Bain CHOO-MIR-GT-NA;CHOO-MIR-GT-NA;35000;Electricité;https://ambulantenligne.com/14424/miroir-salle-de-bain-mir-gt.jpg;;;;;;;;
Miroir Salle De Bain CHOO-MIR-GT-NA;CHOO-MIR-GT-NA;35000;Electricité;https://ambulantenligne.com/14426/miroir-salle-de-bain-mir-gt.jpg;;;;;;;;
Miroir Salle De Bain CHOO-MIR-GT-NA;CHOO-MIR-GT-NA;35000;Electricité;https://ambulantenligne.com/14428/miroir-salle-de-bain-mir-gt.jpg;;;;;;;;
copy of Miroir Salle De Bain CHOO-MIR-GT-NA;CHOO-MIR-GT-NA;35000;Electricité;https://ambulantenligne.com/14430/miroir-salle-de-bain-mir-gt.jpg;;;;;;;;
Miroir Salle De Bain CHOO-MIR-GT-NA;CHOO-MIR-GT-NA;35000;Electricité;https://ambulantenligne.com/14433/miroir-salle-de-bain-mir-gt.jpg;;;;;;;;
Miroir Salle De Bain CHOO-MIR-GT-NA;CHOO-MIR-GT-NA;35000;Electricité;https://ambulantenligne.com/14435/miroir-salle-de-bain-mir-gt.jpg;;;;;;;;
Miroir Salle De Bain CHOO-MIR-GT-NA;CHOO-MIR-GT-NA;35000;Electricité;https://ambulantenligne.com/14437/miroir-salle-de-bain-mir-gt.jpg;;;;;;;;
Miroir Salle De Bain CHOO-MIR-GT-NA;CHOO-MIR-GT-NA;35000;Electricité;https://ambulantenligne.com/14439/miroir-salle-de-bain-mir-gt.jpg;;;;;;;;
Miroir Salle De Bain CHOO-MIR-GT-NA;CHOO-MIR-GT-NA;35000;Electricité;https://ambulantenligne.com/14443/miroir-salle-de-bain-mir-gt.jpg;;;;;;;;
Téléphone IPHONE 16 SIMPLE Mémoire 128Go;IPHONE 16 SIMPLE;597500;Smartphone;https://ambulantenligne.com/14444/telephone-iphone-16-simple-memoire-128go-.jpg;;;;;;;;
Téléphone IPHONE 16 SIMPLE Mémoire 256Go;IPHONE 16 SIMPLE;697500;Smartphone;https://ambulantenligne.com/14445/telephone-iphone-16-simple-memoire-128go-.jpg;;;;;;;;
Téléphone IPHONE 16 + Mémoire 128Go;IPHONE 16 +;725000;Smartphone;https://ambulantenligne.com/14446/telephone-iphone-16-memoire-128go.jpg;;;;;;;;
Téléphone IPHONE 16 + Mémoire 256Go;IPHONE 16 +;825000;Smartphone;https://ambulantenligne.com/14447/telephone-iphone-16-memoire-128go.jpg;;;;;;;;
Téléphone IPHONE 16 PRO MAX Mémoire 256Go;IPHONE 16 PRO MAX;945000;Smartphone;https://ambulantenligne.com/14448/telephone-iphone-16-pro-max-memoire-256go.jpg;;;;;;;;
Téléphone IPHONE 16 PRO MAX Mémoire 512Go;IPHONE 16 PRO MAX;1135000;Smartphone;https://ambulantenligne.com/14449/telephone-iphone-16-pro-max-memoire-256go.jpg;;;;;;;;
Téléphone IPHONE 16 PRO MAX Mémoire 1TERA;IPHONE 16 PRO MAX;1245000;Smartphone;https://ambulantenligne.com/14450/telephone-iphone-16-pro-max-memoire-256go.jpg;;;;;;;;
Téléphone IPHONE 16 PRO  Mémoire 128GB;IPHONE 16 PRO;745000;Smartphone;https://ambulantenligne.com/14451/telephone-iphone-16-pro-memoire-128gb-.jpg;;;;;;;;
Téléphone IPHONE 16 PRO  Mémoire 256GB;IPHONE 16 PRO;930000;Smartphone;https://ambulantenligne.com/14452/telephone-iphone-16-pro-memoire-128gb-.jpg;;;;;;;;
Téléphone IPHONE 13 PRO MAX Mémoire 256Go;13 PRO MAX;450000;Smartphone;https://ambulantenligne.com/14453/telephone-iphone-13-pro-max-memoire-256go.jpg;;;;;;;;
Split LG Art Cool Inverter 24000BTU/3CV;art cool;635000;Split/Clim Artcool ;https://ambulantenligne.com/14460/split-lg-art-cool-inverter-24000btu3cv-.jpg;;;;;;;;
Filtre à  huile moteur pour Toyota 9091540002-C0002496;9091540002-C0002496;15200;Equipements;https://ambulantenligne.com/14462/filtre-a-huile-moteur-pour-toyota-9091540002-c0002496-.jpg;;;;;;;;
FILTRE A AIR POLLEN HABITACLE D'ORIGINE TOYOTA 87139YZZ16-C0002496;87139YZZ16-C0002496;26500;Equipements;https://ambulantenligne.com/14463/filtre-a-air-pollen-habitacle-d-origine-toyota-87139yzz16-c0002496.jpg;;;;;;;;
Filtre à  air Toyota  178010C010-C0002496;178010C010-C0002496;40200;Equipements;https://ambulantenligne.com/14465/filtre-a-air-toyota-178010c010-c0002496.jpg;;;;;;;;
filtre à  carburant Toyota 23390YZZA1-C0002496;23390YZZA1-C0002496;26000;Equipements;https://ambulantenligne.com/14466/filtre-a-carburant-toyota-23390yzza1-c0002496.jpg;;;;;;;;
FILTRE A POLLEN HABITACLE D'ORIGINE TOYOTA 87139YZZ33-C0002496;87139YZZ33-C0002496;21500;Equipements;https://ambulantenligne.com/14468/filtre-a-pollen-habitacle-d-origine-toyota-87139yzz33-c0002496.jpg;;;;;;;;
FILTRE A CARBURANT TOYOTA 233900L070-C0002496;233900L070-C0002496;49500;Equipements;https://ambulantenligne.com/14469/filtre-a-carburant-toyota-233900l070-c0002496.jpg;;;;;;;;
FILTRE A AIR POUR TOYOTA HILUX/FORTUNER 178010L040-C0002496;178010L040-C0002496;50200;Equipements;https://ambulantenligne.com/14470/filtre-a-air-pour-toyota-hiluxfortuner-178010l040-c0002496-.jpg;;;;;;;;
FILTRE A HUILE D'ORIGINE TOYOTA 90915YZZN2-C0002496;90915YZZN2-C0002496;10000;Equipements;https://ambulantenligne.com/14473/filtre-a-huile-d-origine-toyota-90915yzzn2-c0002496.jpg;;;;;;;;
Filtre à  air Toyota 178010D060-C0002496;178010D060-C0002496;27500;Equipements;https://ambulantenligne.com/14474/filtre-a-air-toyota-178010d060-c0002496.jpg;;;;;;;;
Filtre à  huile d'origine Toyota 90915YZZJ3-C0002496;90915YZZJ3-C0002496;16500;Equipements;https://ambulantenligne.com/14476/filtre-a-huile-d-origine-toyota-90915yzzj3-c0002496.jpg;;;;;;;;
Filtre à  air Toyota 1780130080-C0002496;1780130080-C0002496;40000;Equipements;https://ambulantenligne.com/14478/filtre-a-air-toyota-1780130080-c0002496.jpg;;;;;;;;
FILTRE A CARBURANT TOYOTA 23390YZZAB -C0002496;23390YZZAB -C0002496;40500;Equipements;https://ambulantenligne.com/14479/filtre-a-carburant-toyota-23390yzzab-c0002496.jpg;;;;;;;;
Filtre à  air Toyota 1780130040 -C0002496;1780130040 -C0002496;40200;Equipements;https://ambulantenligne.com/14481/filtre-a-air-toyota-1780130040-c0002496.jpg;;;;;;;;
Courroie d'alternateur - HiAce 3L; Hilux Surf et Pick-Up LN106 2LTE 9091602211-C0002496;9091602211-C0002496;35000;Pièces détachées;https://ambulantenligne.com/14484/courroie-d-alternateur-hiace-3l-hilux-surf-et-pick-up-ln106-2lte-9091602211-c0002496-.jpg;;;;;;;
Courroie d'Unité d'entrainement 99332112658P-C0002496 Toyota;99332112658P-C0002496;13500;Pièces détachées;https://ambulantenligne.com/14485/-courroie-d-unite-d-entrainement-99332112658p-c0002496-toyota.jpg;;;;;;;;
Courroie trapèzoidale TOYOTA 99332008258P-C0002496;99332008258P-C0002496;14000;Pièces détachées;https://ambulantenligne.com/14487/courroie-trapezoidale-toyota-99332008258p-c0002496.jpg;;;;;;;;
Courroie de distribution Toyota 13568YZZ01-C0002496;13568YZZ01-C0002496;57000;Pièces détachées;https://ambulantenligne.com/14488/courroie-de-distribution-toyota-13568yzz01-c0002496-.jpg;;;;;;;;
Tendeur de courroie de distribution pour Toyota 1350554021-C0002496;1350554021-C0002496;66500;Pièces détachées;https://ambulantenligne.com/14490/tendeur-de-courroie-de-distribution-pour-toyota-1350554021-c0002496.jpg;;;;;;;;
Galet tendeur de courroie de distribution Toyota 1350354030-C0002496;1350354030-C0002496;77000;Pièces détachées;https://ambulantenligne.com/14491/galet-tendeur-de-courroie-de-distribution-toyota-1350354030-c0002496.jpg;;;;;;;;
POULIE DE RENVOI D'ANGLE POUR MOTEUR DIESEL TOYOTA HIACE HILUX LANDCRUISER PRADO 2KD-FE 884400K281-C0002496;884400K281-C0002496;115500;Pièces détachées;https://ambulantenligne.com/14520/poulie-de-renvoi-d-angle-pour-moteur-diesel-toyota-hiace-hilux-landcruiser-prado-2kd-fe-884400k281-c0002496.jpg;;;;;;;;
Galet Enrouleur Poulie Toyota 884400K270-C0002496;884400K270-C0002496;117000;Pièces détachées;https://ambulantenligne.com/14522/galet-enrouleur-poulie-toyota-884400k270-c0002496.jpg;;;;;;;;
Courroie Poly-V Toyota 9091602513-C0002496;9091602513-C0002496;77500;Pièces détachées;https://ambulantenligne.com/14523/courroie-poly-v-toyota-9091602513-c0002496.jpg;;;;;;;;
Pompe à  eau moteur d'origine Toyota 1610059257-C0002496;1610059257-C0002496;136000;Pièces détachées;https://ambulantenligne.com/14524/pompe-a-eau-moteur-d-origine-toyota-1610059257-c0002496.jpg;;;;;;;;
COURROIE DE DISTRIBUTION Toyota 1356839016-C0002496;1356839016-C0002496;43500;Pièces détachées;https://ambulantenligne.com/14525/courroie-de-distribution-toyota-1356839016-c0002496.jpg;;;;;;;;
Courroie de distribution de soupape de moteur et tendeur de poulie pour Toyota 1350567042-C0002496;1350567042-C0002496;60000;Pièces détachées;https://ambulantenligne.com/14526/courroie-de-distribution-de-soupape-de-moteur-et-tendeur-de-poulie-pour-toyota-1350567042-c0002496-.jpg;;;;;;;;
Tendeur de courroie de distribution Toyota 1354067020-C0002496;1354067020-C0002496;37500;Pièces détachées;https://ambulantenligne.com/14528/tendeur-de-courroie-de-distribution-toyota-1354067020-c0002496.jpg;;;;;;;;
Pompe à  eau Toyota 1610069357-C0002496;1610069357-C0002496;202500;Pièces détachées;https://ambulantenligne.com/14531/pompe-a-eau-toyota-1610069357-c0002496.jpg;;;;;;;;
Courroie serpentine pour Toyota 9091602664-C0002496;9091602664-C0002496;49000;Pièces détachées;https://ambulantenligne.com/14532/courroie-serpentine-pour-toyota-9091602664-c0002496.jpg;;;;;;;;
Crà©maillà¨re de direction Renault Kangoo 3  ser-kangoo3-igne;ser-kangoo3-igne;25000;Pièces détachées;https://ambulantenligne.com/14534/cremaillere-de-direction-renault-kangoo-3.jpg;;;;;;;;
Ensemble Lavabo + Chaise Anglaise BLEU FRENCIA KE-04038483-DA;KE-04038483-DA;75000;Plomberie;https://ambulantenligne.com/14538/ensemble-lavabo-Chaise-anglaise-bleu-frencia-ke-04038483-da.jpg;;;;;;;;
Ensemble Lavabo + Chaise Anglaise ROSE FRENCIA KE-02018079-DA;KE-02018079-DA;77500;Plomberie;https://ambulantenligne.com/14540/ensemble-lavabo-Chaise-anglaise-bleu-frencia-ke-04038483-da.jpg;;;;;;;;
Ensemble Lavabo + Chaise Anglaise FRENCIA CLASSICA KE-42435554-DA;KE-42435554-DA;77500;Plomberie;https://ambulantenligne.com/14799/ensemble-lavabo-Chaise-anglaise-bleu-frencia-ke-04038483-da.jpg;;;;;;;;
Chaise Anglaise FRENCIA MONOPIECE B03 KE-5812-DA;B03 KE-5812-DA;67500;Plomberie;https://ambulantenligne.com/14797/ensemble-lavabo-Chaise-anglaise-bleu-frencia-ke-04038483-da.jpg;;;;;;;;
Ensemble Lavabo + Chaise Anglaise IRANI FRENCIA KE-552728-DA;KE-552728-DA;50000;Plomberie;https://ambulantenligne.com/14550/ensemble-lavabo-Chaise-anglaise-bleu-frencia-ke-04038483-da.jpg;;;;;;;;
Ensemble Lavabo + Chaise Anglaise FRENCIA OCEAN KE-20899291-DA;KE-20899291-DA;69500;Plomberie;https://ambulantenligne.com/14557/ensemble-lavabo-Chaise-anglaise-bleu-frencia-ke-04038483-da.jpg;;;;;;;;
Colone douchette BK-130021690-DA;BK-130021690-DA;4000;Plomberie;https://ambulantenligne.com/14575/Chaise-anglaise-frencia-wc-14-ke-1391-da.jpg;;;;;;;;
Evier de Cuisine monobac en inox KE-13246-DA;KE-13246-DA;15000;Cuisine;https://ambulantenligne.com/14591/evier-de-Cuisine-en-inox-ke-13246-da.jpg;;;;;;;;
Evier de Cuisine double bac avec syphon FRENCIA inox KE-13000-DA;KE-13000-DA;27500;Cuisine;https://ambulantenligne.com/14556/evier-de-Cuisine-double-bac-frencia-ke-13000-da.jpg;;;;;;;;
Chaise Anglaise FRENCIA ROSE KE-13802-DA;KE-13802-DA;54250;Plomberie;https://ambulantenligne.com/14558/Chaise-anglaise-frencia-rose-ke-13802-da.jpg;;;;;;;;
LAVABO FRENCIA ROSE KE-16480-DA;KE-16480-DA;29500;Plomberie;https://ambulantenligne.com/14559/lavabo-frencia-rose-ke-16480-da.jpg;;;;;;;;
Chaise Anglaise FRENCIA BLEU KE-13804-DA;KE-13804-DA;53250;Plomberie;https://ambulantenligne.com/14560/Chaise-anglaise-frencia-bleu-ke-13804-da.jpg;;;;;;;;
LAVABO FRENCIA BLEU KE-16484-DA;KE-16484-DA;32500;Plomberie;https://ambulantenligne.com/14561/lavabo-frencia-bleu-ke-16484-da.jpg;;;;;;;;
Blebox SwitchBoxD v2 Module relais WiFi 230 V Interrupteur intelligent Prise sans fil Minuterie télécommande B07F6B11VW;B07F6B11VW;49200;Electricité;https://ambulantenligne.com/14564/blebox-switchboxd-v2-module-relais-wifi-230-v-interrupteur-intelligent-prise-sans-fil-minuterie-telecommande-b07f6b11vw.jpg;;;;;;;;
Carreaux décoratifs mural; céramique faîence 30x60cm;MA-CDM-RIE;9500;Carrelage;https://ambulantenligne.com/14566/carreaux-decoratifs-mural-ceramique-faience-30x60cm.jpg;;;;;;;
Robinet d'eau pour lavabo KE-8900-DA;KE-8900-DA;4500;Robinetterie;https://ambulantenligne.com/14572/robinet-d-eau-pour-lavabo-ke-rb-da.jpg;;;;;;;;
Robinet d'eau pour Cuisine KE-4440-DA;KE-4440-DA;4000;Accueil;https://ambulantenligne.com/14573/robinet-d-eau-pour-Cuisine-ke-rc-da.jpg;;;;;;;;
Robinet mitigeur Salle de Bain KE-4436-DA;KE-4436-DA;8000;Accueil;https://ambulantenligne.com/14574/robinet-mitigeur-salle-de-bain-ke-4436-da.jpg;;;;;;;;
Evier de Cuisine monobac avec syphon en inox KE-13246-DA;KE-13246-DA;17500;Cuisine;https://ambulantenligne.com/14590/evier-de-Cuisine-en-inox-ke-13246-da.jpg;;;;;;;;
Evier Cuisine double bac  FRENCIA inox KE-13000-DA;KE-13000-DA;25000;Cuisine;https://ambulantenligne.com/14580/evier-de-Cuisine-double-bac-frencia-ke-13000-da.jpg;;;;;;;;
Carreaux décoratifs mural; céramique faïence 30x60cm MA-KDMCF-RIE;MA-KDMCF-RIE;9500;Carrelage;https://ambulantenligne.com/14587/carreaux-decoratifs-mural-ceramique-faience-30x60cm-ma-kdmcf-rie.jpg;;;;;;;
Paires Amortisseurs avant Peugeot BOXER SER-BOXER-IGNE Second main;SER-BOXER-IGNE;190000;Pièces détachées;https://ambulantenligne.com/14594/paires-amortisseurs-avant-peugeot-boxer-ser-boxer-igne-second-main.jpg;;;;;;;;
Douchette Salle de Bain KE-0199-DA;KE-0199-DA;3750;Accessoires Sanitaires;https://ambulantenligne.com/14595/douchette-salle-de-bain-ke-0199-da.jpg;;;;;;;;
Paires de Bras avant  Peugeot BOXER SER-BRSBOXER-IGNE;SER-BRSBOXER-IGNE;80000;Pièces détachées;https://ambulantenligne.com/14596/paires-de-bras-avant-peugeot-boxer-ser-brsboxer-igne.jpg;;;;;;;;
Paires de frein FERODO PEUGEOT BOXER SER-FERODO-IGNE;SER-FERODO-IGNE;80000;Pièces détachées;https://ambulantenligne.com/14597/kit-de-frein-ferodo-peugeot-boxer-ser-ferodo-igne.jpg;;;;;;;;
Paires de Biellette de barre stabilisatrice Peugeot Boxer SER-BILLETTE-IGNE;SER-BILLETTE-IGNE;30000;Pièces détachées;https://ambulantenligne.com/14598/paires-de-biellette-de-barre-stabilisatrice-peugeot-boxer-ser-billette-igne.jpg;;;;;;;;
Carreaux mural faïence 20x30cm KE-PMCPP23-DA;KE-PMCPP23-DA;3300;Carrelage;https://ambulantenligne.com/14603/carreaux-mural-faience-20x30cm-ke-pmcpp23-da.jpg;;;;;;;;
Carreaux mural faïence 20x30cm KE-PMCP2309-DA;KE-PMCP2309-DA;3300;Carrelage;https://ambulantenligne.com/14605/carreaux-mural-faience-20x30cm-ke-pmcpp23-da.jpg;;;;;;;;
Carreaux mural faïence 20x30cm KE-PMCP23096S-DA;KE-PMCP23096S-DA;3300;Carrelage;https://ambulantenligne.com/14607/carreaux-mural-faience-20x30cm-ke-pmcpp23-da.jpg;;;;;;;;
Carreaux mural faïence 20x30cm KE-PMCP23099S-DA;KE-PMCP23099S-DA;3300;Carrelage;https://ambulantenligne.com/14609/carreaux-mural-faience-20x30cm-ke-pmcpp23-da.jpg;;;;;;;;
Carreaux mural faïence 20x30cm KE-PMCP23165S-DA;KE-PMCP23165S-DA;3300;Carrelage;https://ambulantenligne.com/14611/carreaux-mural-faience-20x30cm-ke-pmcpp23-da.jpg;;;;;;;;
Carreaux mural faïence 20x30cm KE-PMCP23176S-DA;KE-PMCP23176S-DA;3300;Carrelage;https://ambulantenligne.com/14613/carreaux-mural-faience-20x30cm-ke-pmcpp23-da.jpg;;;;;;;;
Carreaux mural faïence 20x30cm KE-PMCP23188S-DA;KE-PMCP23188S-DA;3300;Carrelage;https://ambulantenligne.com/14615/carreaux-mural-faience-20x30cm-ke-pmcpp23-da.jpg;;;;;;;;
Carreaux mural faïence 20x30cm KE-PMCP23391S-DA;KE-PMCP23391S-DA;3300;Carrelage;https://ambulantenligne.com/14617/carreaux-mural-faience-20x30cm-ke-pmcpp23-da.jpg;;;;;;;;
Carreaux mural faïence 20x30cm KE-PMCP23215S-DA;KE-PMCP23215S-DA;3300;Carrelage;https://ambulantenligne.com/14620/carreaux-mural-faience-20x30cm-ke-pmcpp23-da.jpg;;;;;;;;
Carreaux mural faïence 20x30cm KE-PMCP23213S-DA;KE-PMCP23213S-DA;3300;Carrelage;https://ambulantenligne.com/14622/carreaux-mural-faience-20x30cm-ke-pmcpp23-da.jpg;;;;;;;;
Carreaux mural faïence 20x30cm KE-PMCP23515S-DA;KE-PMCP23515S-DA;3300;Carrelage;https://ambulantenligne.com/14626/carreaux-mural-faience-20x30cm-ke-pmcpp23-da.jpg;;;;;;;;
Carreaux mural faïence 20x30cm KE-PMCP23516S-DA;KE-PMCP23516S-DA;3300;Carrelage;https://ambulantenligne.com/14628/carreaux-mural-faience-20x30cm-ke-pmcpp23-da.jpg;;;;;;;;
Carreaux mural faïence 20x30cm KE-PMCPP23517S-DA;KE-PMCPP23517S-DA;3300;Carrelage;https://ambulantenligne.com/14630/carreaux-mural-faience-20x30cm-ke-pmcpp23-da.jpg;;;;;;;;
Carreaux mural faïence 20x30cm KE-PMCPP23522S-DA;KE-PMCPP23522S-DA;3300;Carrelage;https://ambulantenligne.com/14632/carreaux-mural-faience-20x30cm-ke-pmcpp23-da.jpg;;;;;;;;
Carreaux mural faïence 20x30cm KE-PMCPP23556S-DA;KE-PMCPP23556S-DA;3300;Carrelage;https://ambulantenligne.com/14634/carreaux-mural-faience-20x30cm-ke-pmcpp23-da.jpg;;;;;;;;
Carreaux mural faïence 20x30cm KE-PMCPP23557S-DA;KE-PMCPP23557S-DA;3300;Carrelage;https://ambulantenligne.com/14636/carreaux-mural-faience-20x30cm-ke-pmcpp23-da.jpg;;;;;;;;
Carreaux mural faïence 20x30cm KE-PMCP23558S-DA;KE-PMCP23558S-DA;3300;Carrelage;https://ambulantenligne.com/14638/carreaux-mural-faience-20x30cm-ke-pmcpp23-da.jpg;;;;;;;;
Carreaux mural faïence 20x30cm KE-PMCP23559S-DA;KE-PMCP23559S-DA;3300;Carrelage;https://ambulantenligne.com/14640/carreaux-mural-faience-20x30cm-ke-pmcpp23-da.jpg;;;;;;;;
Carreaux mural faïence 20x30cm KE-PMCP23560S-DA;KE-PMCP23560S-DA;3300;Carrelage;https://ambulantenligne.com/14642/carreaux-mural-faience-20x30cm-ke-pmcpp23-da.jpg;;;;;;;;
Carreaux mural faïence 20x30cm KE-PMCP23561S-DA;KE-PMCP23561S-DA;3300;Carrelage;https://ambulantenligne.com/14644/carreaux-mural-faience-20x30cm-ke-pmcpp23-da.jpg;;;;;;;;
Carreaux mural faïence 20x30cm KE-PMCP23564S-DA;KE-PMCP23564S-DA;3300;Carrelage;https://ambulantenligne.com/14646/carreaux-mural-faience-20x30cm-ke-pmcpp23-da.jpg;;;;;;;;
Carreaux mural faïence 20x30cm KE-PMCP23563S-DA;KE-PMCP23563S-DA;3300;Carrelage;https://ambulantenligne.com/14648/carreaux-mural-faience-20x30cm-ke-pmcpp23-da.jpg;;;;;;;;
Carreaux mural faïence 20x30cm KE-PMCP23568S-DA;KE-PMCP23568S-DA;3300;Carrelage;https://ambulantenligne.com/14650/carreaux-mural-faience-20x30cm-ke-pmcpp23-da.jpg;;;;;;;;
Carreaux mural faïence 20x30cm KE-PMCP23571S-DA;KE-PMCP23571S-DA;3300;Carrelage;https://ambulantenligne.com/14652/carreaux-mural-faience-20x30cm-ke-pmcpp23-da.jpg;;;;;;;;
Carreaux mural faïence 20x30cm KE-PMCP23582S-DA;KE-PMCP23582S-DA;3300;Carrelage;https://ambulantenligne.com/14654/carreaux-mural-faience-20x30cm-ke-pmcpp23-da.jpg;;;;;;;;
Carreaux mural faïence 20x30cm KE-PMCP23584S-DA;KE-PMCP23584S-DA;3300;Carrelage;https://ambulantenligne.com/14656/carreaux-mural-faience-20x30cm-ke-pmcpp23-da.jpg;;;;;;;;
Carreaux mural faïence 20x30cm KE-PMCP23577S-DA;KE-PMCP23577S-DA;3300;Carrelage;https://ambulantenligne.com/14658/carreaux-mural-faience-20x30cm-ke-pmcpp23-da.jpg;;;;;;;;
Carreaux mural faïence 20x30cm KE-PMCP23587S-DA;KE-PMCP23587S-DA;3300;Carrelage;https://ambulantenligne.com/14660/carreaux-mural-faience-20x30cm-ke-pmcpp23-da.jpg;;;;;;;;
Carreaux mural faïence 20x30cm KE-PMCP23594S-DA;KE-PMCP23594S-DA;3300;Carrelage;https://ambulantenligne.com/14662/carreaux-mural-faience-20x30cm-ke-pmcpp23-da.jpg;;;;;;;;
Carreaux mural faïence 20x30cm KE-PMCP23845S-DA;KE-PMCP23845S-DA;3300;Carrelage;https://ambulantenligne.com/14664/carreaux-mural-faience-20x30cm-ke-pmcpp23-da.jpg;;;;;;;;
Carreaux mural faïence 20x30cm KE-PMCP23078S-DA;KE-PMCP23078S-DA;3300;Carrelage;https://ambulantenligne.com/14666/carreaux-mural-faience-20x30cm-ke-pmcpp23-da.jpg;;;;;;;;
Carreaux mural faïence 20x30cm KE-PMCP2301AS-DA;KE-PMCP2301AS-DA;3300;Carrelage;https://ambulantenligne.com/14669/carreaux-mural-faience-20x30cm-ke-pmcpp23-da.jpg;;;;;;;;
Carreaux mural faïence 20x30cm KE-PMCP2301CS-DA;KE-PMCP2301CS-DA;3300;Carrelage;https://ambulantenligne.com/14671/carreaux-mural-faience-20x30cm-ke-pmcpp23-da.jpg;;;;;;;;
Carreaux mural faïence 20x30cm KE-PMCP2308BS-DA;KE-PMCP2308BS-DA;3300;Carrelage;https://ambulantenligne.com/14673/carreaux-mural-faience-20x30cm-ke-pmcpp23-da.jpg;;;;;;;;
Carreaux mural faïence 20x30cm KE-PMCP2310CS-DA;KE-PMCP2310CS-DA;3300;Carrelage;https://ambulantenligne.com/14675/carreaux-mural-faience-20x30cm-ke-pmcpp23-da.jpg;;;;;;;;
Carreaux mural faïence 20x30cm KE-PMCP2310BS-DA;KE-PMCP2310BS-DA;3300;Carrelage;https://ambulantenligne.com/14677/carreaux-mural-faience-20x30cm-ke-pmcpp23-da.jpg;;;;;;;;
Carreaux mural faïence 20x30cm KE-PMCP2312AS-DA;KE-PMCP2312AS-DA;3300;Carrelage;https://ambulantenligne.com/14679/carreaux-mural-faience-20x30cm-ke-pmcpp23-da.jpg;;;;;;;;
Carreaux mural faïence 20x30cm KE-PMCP2312CS-DA;KE-PMCP2312CS-DA;3300;Carrelage;https://ambulantenligne.com/14681/carreaux-mural-faience-20x30cm-ke-pmcpp23-da.jpg;;;;;;;;
Carreaux mural faïence 20x30cm KE-PMCP2312BS-DA;KE-PMCP2312BS-DA;3300;Carrelage;https://ambulantenligne.com/14683/carreaux-mural-faience-20x30cm-ke-pmcpp23-da.jpg;;;;;;;;
Carreaux mural faïence 20x30cm KE-PMCP2313AS-DA;KE-PMCP2313AS-DA;3300;Carrelage;https://ambulantenligne.com/14685/carreaux-mural-faience-20x30cm-ke-pmcpp23-da.jpg;;;;;;;;
Carreaux mural faïence 20x30cm KE-PMCP23176S-DA;KE-PMCP23176S-DA;3300;Carrelage;https://ambulantenligne.com/14688/carreaux-mural-faience-20x30cm-ke-pmcpp23-da.jpg;;;;;;;;
Carreaux mural faïence 20x30cm KE-PMCP23100S-DA;KE-PMCP23100S-DA;3300;Carrelage;https://ambulantenligne.com/14690/carreaux-mural-faience-20x30cm-ke-pmcpp23-da.jpg;;;;;;;;
Carreaux mural faïence 20x30cm KE-PMCP23101S-DA;KE-PMCP23101S-DA;3300;Carrelage;https://ambulantenligne.com/14692/carreaux-mural-faience-20x30cm-ke-pmcpp23-da.jpg;;;;;;;;
Carreaux mural faïence 20x30cm KE-PMCP23102S-DA;KE-PMCP23102S-DA;3300;Carrelage;https://ambulantenligne.com/14694/carreaux-mural-faience-20x30cm-ke-pmcpp23-da.jpg;;;;;;;;
Carreaux mural faïence 20x30cm KE-PMCP23103S-DA;KE-PMCP23103S-DA;3300;Carrelage;https://ambulantenligne.com/14696/carreaux-mural-faience-20x30cm-ke-pmcpp23-da.jpg;;;;;;;;
Carreaux mural Antidérapant 30x30cm KE-YM33-DA;KE-YM33-DA;4800;Carrelage;https://ambulantenligne.com/14700/carreaux-mural-faience-30x30cm-ke-ym33-da.jpg;;;;;;;;
Carreaux mural Antidérapant 30x30cm KE-YM31-DA;KE-YM31-DA;4800;Carrelage;https://ambulantenligne.com/14702/carreaux-mural-faience-30x30cm-ke-ym33-da.jpg;;;;;;;;
Carreaux mural faïence 25x40cm KE-PCMP4109533-DA;KE-PCMP4109533-DA;3250;Carrelage;https://ambulantenligne.com//carreaux-mural-faience-30x30cm-ke-ym33-da.jpg;;;;;;;;
Carreaux mural faïence 25x40cm KE-PCMP4099S-DA;KE-PCMP4099S-DA;3750;Carrelage;https://ambulantenligne.com/14704/carreaux-mural-faience-30x30cm-ke-ym33-da.jpg;;;;;;;;
Carreaux mural faïence 25x40cm KE-CP4001S-DA;KE-CP4001S-DA;3750;Carrelage;https://ambulantenligne.com/14706/carreaux-mural-faience-30x30cm-ke-ym33-da.jpg;;;;;;;;
Carreaux mural faïence 25x40cm KE-PMCP4395S-DA;KE-PMCP4395S-DA;3750;Carrelage;https://ambulantenligne.com/14708/carreaux-mural-faience-30x30cm-ke-ym33-da.jpg;;;;;;;;
Carreaux mural faïence 25x40cm KE-PMCP4394S-DA;KE-PMCP4394S-DA;3750;Carrelage;https://ambulantenligne.com/14710/carreaux-mural-faience-30x30cm-ke-ym33-da.jpg;;;;;;;;
Carreaux mural faïence 25x40cm KE-PMCP4390S-DA;KE-PMCP4390S-DA;3750;Carrelage;https://ambulantenligne.com/14712/carreaux-mural-faience-30x30cm-ke-ym33-da.jpg;;;;;;;;
Carreaux mural faïence 25x40cm KE-PMCP4387S-DA;KE-PMCP4387S-DA;3750;Carrelage;https://ambulantenligne.com/14714/carreaux-mural-faience-30x30cm-ke-ym33-da.jpg;;;;;;;;
Carreaux mural faïence 25x40cm KE-PMCP4362S-DA;KE-PMCP4362S-DA;3750;Carrelage;https://ambulantenligne.com/14716/carreaux-mural-faience-30x30cm-ke-ym33-da.jpg;;;;;;;;
Carreaux mural faïence 25x40cm KE-PMCP4209S-DA;KE-PMCP4209S-DA;3750;Carrelage;https://ambulantenligne.com/14718/carreaux-mural-faience-30x30cm-ke-ym33-da.jpg;;;;;;;;
Carreaux mural faïence 25x40cm KE-PMCP4209BS-DA;Carreaux mural faïence 25x40cm KE-PMCP4209BS-DA;3750;Carrelage;https://ambulantenligne.com/14720/carreaux-mural-faience-30x30cm-ke-ym33-da.jpg;;;;;;;;
Carreaux mural faïence 25x40cm KE-PMCP4209CS-DA;KE-PMCP4209CS-DA;3750;Carrelage;https://ambulantenligne.com/14722/carreaux-mural-faience-30x30cm-ke-ym33-da.jpg;;;;;;;;
Carreaux mural faïence 25x40cm PMCP4210BS;KE-PMCP4210BS-DA;3750;Carrelage;https://ambulantenligne.com/14724/carreaux-mural-faience-30x30cm-ke-ym33-da.jpg;;;;;;;;
Carreaux mural faïence 25x40cm PMCP4210CS;KE-PMCP4210CS-DA;3750;Carrelage;https://ambulantenligne.com/14726/carreaux-mural-faience-30x30cm-ke-ym33-da.jpg;;;;;;;;
Carreaux mural faïence 25x40cm KE-PMCP4212S-DA;KE-PMCP4212S-DA;3750;Carrelage;https://ambulantenligne.com/14728/carreaux-mural-faience-30x30cm-ke-ym33-da.jpg;;;;;;;;
Carreaux Sol Emaille 40x40cm  KE-YMG44030S-DA;KE-YMG44030S-DA;5200;Carrelage;https://ambulantenligne.com/14729/carreaux-mural-emaille-4040-ke-ymg44-da.jpg;;;;;;;;
Carreaux Sol Emaille 40x40cm KE-YMG44-DA;KE-YMG44-DA;5200;Carrelage;https://ambulantenligne.com/14731/carreaux-sol-emaille-40x40cm-ke-ymg44-da.jpg;;;;;;;;
Carreaux Sol Emaille 40x40cm KE-YMG44001S-DA;KE-YMG44001S-DA;5200;Carrelage;https://ambulantenligne.com/14732/carreaux-sol-emaille-40x40cm-ke-ymg44001s-da.jpg;;;;;;;;
Carreaux Sol Emaille 40x40cm KE-YMG44005S-DA;KE-YMG44005S-DA;5200;Carrelage;https://ambulantenligne.com/14733/carreaux-sol-emaille-40x40cm-ke-ymg44005s-da.jpg;;;;;;;;
Carreaux Sol Emaille 40x40cm KE-YMG44002S-DA;KE-YMG44002S-DA;5200;Carrelage;https://ambulantenligne.com/14734/carreaux-sol-emaille-40x40cm-ke-ymg44002s-da.jpg;;;;;;;;
Carreaux Sol Emaille 40x40cm KE-YMG44008S-DA;KE-YMG44008S-DA;5200;Carrelage;https://ambulantenligne.com/14735/carreaux-sol-emaille-40x40cm-ke-ymg44008s-da.jpg;;;;;;;;
Carreaux Sol Emaille 40x40cm KE-YMG44022S-DA;KE-YMG44022S-DA;5200;Accueil;https://ambulantenligne.com/14737/carreaux-sol-emaille-40x40cm-ke-ymg44022s-da.jpg;;;;;;;;
Carreaux Sol Emaille 40x40cm KE-YMG44013S-DA;KE-YMG44013S-DA;5200;Carrelage;https://ambulantenligne.com/14738/carreaux-sol-emaille-40x40cm-ke-ymg44013s-da.jpg;;;;;;;;
Carreaux Sol Emaille 40x40cm KE-YMG44024S-DA;KE-YMG44024S-DA;5200;Carrelage;https://ambulantenligne.com/14739/carreaux-sol-emaille-40x40cm-ke-ymg44024s-da.jpg;;;;;;;;
Carreaux Sol Emaille 40x40cm KE-YMG44028S-DA;KE-YMG44028S-DA;5200;Carrelage;https://ambulantenligne.com/14740/carreaux-sol-emaille-40x40cm-ke-ymg44028s-da.jpg;;;;;;;;
Carreaux Salle de Bain faïence 25x40cm KE-PMCP4213S-DA;KE-PMCP4213S-DA;3750;Carrelage;https://ambulantenligne.com/14741/carreaux-salle-de-bain-faience-25x40cm-ke-pmcp4213s-da.jpg;;;;;;;;
Carreaux Salle de Bain faïence 25x40cm KE-PMCP4214S-DA;KE-PMCP4214S-DA;3750;Carrelage;https://ambulantenligne.com/14742/carreaux-salle-de-bain-faience-25x40cm-ke-pmcp4216s-da.jpg;;;;;;;;
Carreaux Salle de Bain faïence 25x40cm KE-PMCP4216S-DA;KE-PMCP4216S-DA;3750;Carrelage;https://ambulantenligne.com/14744/carreaux-salle-de-bain-faience-25x40cm-ke-pmcp4216s-da.jpg;;;;;;;;
Carreaux Salle de Bain faïence 25x40cm KE-PMCP4255S-DA;KE-PMCP4255S-DA;3750;Carrelage;https://ambulantenligne.com/14745/carreaux-salle-de-bain-faience-25x40cm-ke-pmcp4255s-da.jpg;;;;;;;;
Carreaux Salle de Bain faïence 25x40cm KE-PMCP4256S-DA;KE-PMCP4256S-DA;3750;Carrelage;https://ambulantenligne.com/14746/carreaux-salle-de-bain-faience-25x40cm-ke-pmcp4256s-da.jpg;;;;;;;;
Carreaux Salle de Bain faïence 20x30cm KE-PMCP4257S-DA;KE-PMCP4257S-DA;3300;Carrelage;https://ambulantenligne.com/14747/carreaux-salle-de-bain-faience-20x30cm-ke-pmcp4258-da.jpg;;;;;;;;
Carreaux Salle de Bain faïence 20x30cm KE-PMCP4258S-DA;KE-PMCP4258S-DA;3300;Carrelage;https://ambulantenligne.com/14748/carreaux-salle-de-bain-faience-20x30cm-ke-pmcp4258-da.jpg;;;;;;;;
Carreaux Salle de Bain faïence 20x30cm KE-PMCP4259S-DA;KE-PMCP4259S-DA;3300;Carrelage;https://ambulantenligne.com/14749/carreaux-salle-de-bain-faience-20x30cm-ke-pmcp4259s-da.jpg;;;;;;;;
Carreaux Salle de Bain faïence 20x30cm KE-PMCP4260S-DA;KE-PMCP4260S-DA;3300;Carrelage;https://ambulantenligne.com/14751/carreaux-salle-de-bain-faience-20x30cm-ke-pmcp4260s-da.jpg;;;;;;;;
Machine à  laver HISENSE 12kg WF5S123BB GRIS;WF5S123BB;310000;10 kg & Plus;https://ambulantenligne.com/14761/machine-a-laver-hisense-12kg-wf5s123bb-gris.jpg;;;;;;;;
Carreaux Salle de Bain faïence 20x30cm KE-PMCP4261S-DA;KE-PMCP4261S-DA;3300;Carrelage;https://ambulantenligne.com/14752/carreaux-salle-de-bain-faience-20x30cm-ke-pmcp4261s-da.jpg;;;;;;;;
Carreaux Salle de Bain faïence 20x30cm KE-PMCP4237S-DA;KE-PMCP4237S-DA;3300;Carrelage;https://ambulantenligne.com/14753/carreaux-salle-de-bain-faience-20x30cm-ke-pmcp4237s-da.jpg;;;;;;;;
Mixeur / Blender SMART TECHNOLGY 1.5L 400W STPE-1020GR;STPE-1020GR;10000;Mixeur & Jus;https://ambulantenligne.com/14755/mixeur-blender-smart-technolgy-15l-400w-stpe-1020gr.jpg;;;;;;;;
Mixeur / Blender SMART TECHNOLGY 1.5L 400W STPE-1020W;STPE-1020W;10000;Mixeur & Jus;https://ambulantenligne.com/14757/mixeur-blender-smart-technolgy-15l-400w-stpe-1020w.jpg;;;;;;;;
Carreaux Sol Antidérapant 30x30cm KE-YM33-DA;KE-YM33-DA;4800;Carrelage;https://ambulantenligne.com/14762/carreaux-sol-antiderapant-30x30cm-ke-ym33-da.jpg;;;;;;;;
Carreaux Sol Antidérapant 30x30cm KE-YM33-DA;KE-YM33-DA;4800;Carrelage;https://ambulantenligne.com/14763/carreaux-sol-antiderapant-30x30cm-ke-ym33-da.jpg;;;;;;;;
Carreaux Sol Antidérapant 30x30cm KE-YM33275-DA;KE-YM33275-DA;4800;Carrelage;https://ambulantenligne.com/14764/carreaux-sol-antiderapant-30x30cm-ke-ym33275-da.jpg;;;;;;;;
Carreaux Sol Antidérapant 30x30cm KE-YM33614S-DA;KE-YM33614S-DA;4800;Carrelage;https://ambulantenligne.com/14765/carreaux-sol-antiderapant-30x30cm-ke-ym33614s-da.jpg;;;;;;;;
Carreaux Sol Antidérapant 30x30cm KE-YM33615S-DA;KE-YM33615S-DA;4800;Carrelage;https://ambulantenligne.com/14766/carreaux-sol-antiderapant-30x30cm-ke-ym33615s-da.jpg;;;;;;;;
Carreaux Sol Antidérapant 30x30cm KE-YM33618S-DA;KE-YM33618S-DA;4800;Carrelage;https://ambulantenligne.com/14767/carreaux-sol-antiderapant-30x30cm-ke-ym33618s-da.jpg;;;;;;;;
Carreaux Sol Antidérapant 30x30cm KE-FGP33712S-DA;KE-FGP33712S-DA;4800;Carrelage;https://ambulantenligne.com/14768/carreaux-sol-antiderapant-30x30cm-ke-ym33712s-da.jpg;;;;;;;;
Carreaux Sol Antidérapant 30x30cm KE-FGP33-DA;KE-FGP33-DA;4800;Carrelage;https://ambulantenligne.com/14770/carreaux-sol-antiderapant-30x30cm-ke-ym33-da.jpg;;;;;;;;
Carreaux Sol Antidérapant 30x30cm KE-FGP33038S-DA;KE-FGP33038S-DA;4800;Carrelage;https://ambulantenligne.com/14771/carreaux-sol-antiderapant-30x30cm-ke-fgp33038s-da.jpg;;;;;;;;
Carreaux Sol Antidérapant 30x30cm KE-FGP33006S-DA;KE-FGP33006S-DA;4800;Carrelage;https://ambulantenligne.com/14772/carreaux-sol-antiderapant-30x30cm-ke-fgp33006s-da.jpg;;;;;;;;
Carreaux Sol Antidérapant 30x30cm KE-FGP33040S-DA;KE-FGP33040S-DA;4800;Carrelage;https://ambulantenligne.com/14773/carreaux-sol-antiderapant-30x30cm-ke-fgp33040s-da.jpg;;;;;;;;
Carreaux Sol Antidérapant 30x30cm KE-FGP33061S-DA;KE-FGP33061S-DA;4800;Carrelage;https://ambulantenligne.com/14774/carreaux-sol-antiderapant-30x30cm-ke-fgp33061s-da.jpg;;;;;;;;
Carreaux Sol Antidérapant 30x30cm KE-FGP33066S-DA;KE-FGP33066S-DA;4800;Carrelage;https://ambulantenligne.com/14775/carreaux-sol-antiderapant-30x30cm-ke-fgp33066s-da.jpg;;;;;;;;
Carreaux Sol Antidérapant 30x30cm KE-FGP33710S-DA;KE-FGP33710S-DA;4800;Carrelage;https://ambulantenligne.com/14776/carreaux-sol-antiderapant-30x30cm-ke-fgp33710s-da.jpg;;;;;;;;
Carreaux Sol Antidérapant 30x30cm KE-FGP33562S-DA;KE-FGP33562S-DA;4800;Carrelage;https://ambulantenligne.com/14781/carreaux-sol-antiderapant-30x30cm-ke-fgp33562s-da.jpg;;;;;;;;
Carreaux Sol Antidérapant 30x30cm KE-FGP33711S-DA;KE-FGP33711S-DA;4800;Carrelage;https://ambulantenligne.com/14782/carreaux-sol-antiderapant-30x30cm-ke-fgp33711s-da.jpg;;;;;;;;
Carreaux Sol Porcelaine 60x60cm KE-YMP66018S-DA;KE-YMP66018S-DA;6100;Carrelage;https://ambulantenligne.com/14783/carreaux-sol-porcelaine-60x60cm-ke-ymp66018s-da.jpg;;;;;;;;
Carreaux Sol Porcelaine 60x60cm KE-YMP66082S-DA;KE-YMP66082S-DA;6100;Carrelage;https://ambulantenligne.com/14784/carreaux-sol-porcelaine-60x60cm-ke-ymp66082s-da.jpg;;;;;;;;
Carreaux Sol Porcelaine 60x60cm KE-YMP66203S-DA;KE-YMP66203S-DA;6100;Carrelage;https://ambulantenligne.com/14785/carreaux-sol-porcelaine-60x60cm-ke-ymp660203s-da.jpg;;;;;;;;
Carreaux Sol Porcelaine 60x60cm KE-YMP66444S-DA;KE-YMP66444S-DA;6100;Carrelage;https://ambulantenligne.com/14786/carreaux-sol-porcelaine-60x60cm-ke-ymp66444s-da.jpg;;;;;;;;
Carreaux Sol Porcelaine 60x60cm KE-YMP66014S-DA;KE-YMP66014S-DA;6100;Carrelage;https://ambulantenligne.com/14787/carreaux-sol-porcelaine-60x60cm-ke-ymp66014s-da.jpg;;;;;;;;
Carreaux Sol Porcelaine 60x60cm KE-YMP66013S-DA;KE-YMP66013S-DA;6100;Carrelage;https://ambulantenligne.com/14788/carreaux-sol-porcelaine-60x60cm-ke-ymp66013s-da.jpg;;;;;;;;
Carreaux Sol Porcelaine 60x60cm KE-YMP66015S-DA;KE-YMP66015S-DA;6100;Carrelage;https://ambulantenligne.com/14789/carreaux-sol-porcelaine-60x60cm-ke-ymp66015s-da.jpg;;;;;;;;
Carreaux Sol Porcelaine 60x60cm KE-YMP66S-DA;KE-YMP66S-DA;6100;Carrelage;https://ambulantenligne.com/14790/carreaux-sol-porcelaine-60x60cm-ke-ymp66s-da.jpg;;;;;;;;
Carreaux Sol Matt 60x60cm KE-FGC66221S-DA;KE-FGC66221S-DA;5800;Carrelage;https://ambulantenligne.com/14791/carreaux-sol-matt-60x60cm-ke-fgc66221s-da.jpg;;;;;;;;
Carreaux Sol Matt 60x60cm KE-FGC66001S-DA;KE-FGC66001S-DA;5800;Carrelage;https://ambulantenligne.com/14792/carreaux-sol-matt-60x60cm-ke-fgc66001s-da.jpg;;;;;;;;
Carreaux Sol Matt 60x60cm KE-FGC66003S-DA;KE-FGC66003S-DA;5800;Carrelage;https://ambulantenligne.com/14793/carreaux-sol-matt-60x60cm-ke-fgc66003s-da.jpg;;;;;;;;
Carreaux Sol Matt 60x60cm KE-FGC66002S-DA;KE-FGC66002S-DA;5800;Carrelage;https://ambulantenligne.com/14794/carreaux-sol-matt-60x60cm-ke-fgc66002s-da.jpg;;;;;;;;
Carreaux Sol Matt 60x60cm KE-FGC66004S-DA;KE-FGC66004S-DA;5800;Carrelage;https://ambulantenligne.com/14795/carreaux-sol-matt-60x60cm-ke-fgc66004s-da.jpg;;;;;;;;
Carreaux Sol Matt 60x60cm KE-FGC66205S-DA;KE-FGC66205S-DA;5800;Carrelage;https://ambulantenligne.com/14798/carreaux-sol-matt-60x60cm-ke-fgc66205s-da.jpg;;;;;;;;
Carreaux Sol Matt 60x60cm KE-FGC66217S-DA;KE-FGC66217S-DA;5800;Carrelage;https://ambulantenligne.com/14800/carreaux-sol-matt-60x60cm-ke-fgc66217s-da.jpg;;;;;;;;
Carreaux Sol Matt 60x60cm KE-FGC66206S-DA;KE-FGC66206S-DA;5800;Carrelage;https://ambulantenligne.com/14801/carreaux-sol-matt-60x60cm-ke-fgc66206s-da.jpg;;;;;;;;
Imprimante HP Laser M107;M107;110000;Accueil;https://ambulantenligne.com/14804/imprimante-hp-laser-m107-.jpg;;;;;;;;
Imprimante HP Laser M111;M111;115000;Accueil;https://ambulantenligne.com/14806/imprimante-hp-laser-m111.jpg;;;;;;;;
Hachoir à  viande & légumes minMAX multifonction 3.8L Verre;MF-2025;15000;Accueil;https://ambulantenligne.com/14808/hachoir-a-viande-legumes-minmax-multifonction-38l-verre.jpg;;;;;;;;
Hachoir à  viande & légumes minMAX multifonction 3L Inox;MMG-803F;12500;Accueil;https://ambulantenligne.com/14810/hachoir-a-viande-legumes-minmax-multifonction-3l-inox-.jpg;;;;;;;;
Téléphone SAMSUNG GALAXY A05 Mémoire 64Go Ram 4Go;GALAXY 05;46500;Accueil;https://ambulantenligne.com/14813/telephone-samsung-galaxy-a05-memoire-64go-ram-4go.jpg;;;;;;;;
Fer à  repasser PHILIPS vapeur 2200W DST3020;DST3020;28000;Repassage;https://ambulantenligne.com/14815/fer-a-repasser-philips-vapeur-2200w-dst3020.jpg;;;;;;;;
Fer à  repasser PHILIPS vapeur 2600W DST7011;DST7011;45000;Repassage;https://ambulantenligne.com/14817/fer-a-repasser-philips-vapeur-2600w-dst7011.jpg;;;;;;;;
Fer à  repasser PHILIPS vapeur 2600W DST7012;DST7012;45000;Repassage;https://ambulantenligne.com/14819/fer-a-repasser-philips-vapeur-2600w-dst7012.jpg;;;;;;;;
Fontaine à  eau SOLSTAR 2 robinets 42 Litres WC-28T2-INBSS;WC-28T2-INBSS;300000;Fontaine à Eau;https://ambulantenligne.com/14832/fontaine-a-eau-solstar-2-robinets-42-Litres-wc-28t2-inbss.jpg;;;;;;;;
Fer à  repasser à  vapeur TEFAL ECOMASTER 1200W FV1054;FV1054;15000;Repassage;https://ambulantenligne.com/14836/fer-a-repasser-a-vapeur-tefal-ecomaster-1200w-fv1054.jpg;;;;;;;;
Bouilloire TEFAL Morning 1.7 Litres KO2MOB27;KO2MOB27;25000;Accueil;https://ambulantenligne.com/14842/bouilloire-tefal-morning-17-Litres-ko2mob27-.jpg;;;;;;;;
Table à  manger 6 Places 80X140 Pied en Metal Noir T10;T10;220000;Table;https://ambulantenligne.com/14843/table-a-manger-6-places-80x140-pied-en-metal-noir-t10.jpg;;;;;;;;
Table à  manger 6 Places 80X130/80X170 Bois Marron B40;B40;200000;Table;https://ambulantenligne.com/14845/table-a-manger-6-places-80x140-pied-en-metal-noir-t10.jpg;;;;;;;;
Table à  manger 6 Places Extensible 80X130/80X170 Bois Blanc B60;B60;200000;Table;https://ambulantenligne.com/14847/table-a-manger-6-places-80x140-pied-en-metal-noir-t10.jpg;;;;;;;;
Table à  manger 6 Places Extensible 80X130/80X170 Bois Blanc doré B10;B10;200000;Table;https://ambulantenligne.com/14849/table-a-manger-6-places-80x140-pied-en-metal-noir-t10.jpg;;;;;;;;
Table à  manger 6 Places Extensible 80X130/80X170 Bois Blanc Bleu B30;B30;200000;Table;https://ambulantenligne.com/14852/table-a-manger-6-places-80x140-pied-en-metal-noir-t10.jpg;;;;;;;;
Table à  manger 6 Places Extensible 80X130/80X170 Bois Blanc Mauve B50;B50;200000;Table;https://ambulantenligne.com/14857/table-a-manger-6-places-80x140-pied-en-metal-noir-t10.jpg;;;;;;;;
Table à  manger 8 Places  180X80 Metal Marron D6;D6;265000;Table;https://ambulantenligne.com/14861/table-a-manger-6-places-80x140-pied-en-metal-noir-t10.jpg;;;;;;;;
Table à  manger 8 Places  180X80 Metal Beige D7;D7;265000;Table;https://ambulantenligne.com/14863/table-a-manger-6-places-80x140-pied-en-metal-noir-t10.jpg;;;;;;;;
Table à  manger 8 Places  180X80 Metal Bleu Blanc D5;D5;265000;Table;https://ambulantenligne.com/14865/table-a-manger-6-places-80x140-pied-en-metal-noir-t10.jpg;;;;;;;;
Table à  manger 4 Places Ronde Beige C10;C10;190000;Table;https://ambulantenligne.com/14867/table-a-manger-6-places-80x140-pied-en-metal-noir-t10.jpg;;;;;;;;
Table à  manger 4 Places Ronde Marron C40;C40;190000;Table;https://ambulantenligne.com/14869/table-a-manger-6-places-80x140-pied-en-metal-noir-t10.jpg;;;;;;;;
Support Tv mural fixe jusqu'à  75 Pouces;;15000;Accessoires Tv;https://ambulantenligne.com/14870/support-Tv-mural-fixe-jusqu-a-75-Pouces.jpg;;;;;;;;
Chambre à  coucher 2 lits jumeaux 6 battants 4 pièces  gris clair EMA TWIN;EMA TWIN;535000;Mobilier de chambre;https://ambulantenligne.com/14871/chambre-a-coucher-2-lits-jumeaux-6-battants-4-pieces-gris-clair-ema-twin.jpg;;;;;;;;
Chambre à  coucher 6 battants 4 pièces  gris clair EMA;EMA;560000;Mobilier de chambre;https://ambulantenligne.com/14988/chambre-a-coucher-2-lits-jumeaux-6-battants-4-pieces-gris-clair-ema-twin.jpg;;;;;;;;
Chambre à  coucher 6 battants 4 pièces gris foncé ALPINA;ALPINA;540000;Mobilier de chambre;https://ambulantenligne.com/14879/chambre-a-coucher-2-lits-jumeaux-6-battants-4-pieces-gris-clair-ema-twin.jpg;;;;;;;;
Chambre à  coucher 6 battants 4 pièces gris doré CHANNEL;CHANNEL;550000;Mobilier de chambre;https://ambulantenligne.com/14882/chambre-a-coucher-2-lits-jumeaux-6-battants-4-pieces-gris-clair-ema-twin.jpg;;;;;;;;
Chambre à  coucher armoire coulissante 4 pièces marron claire LINDA CHC17;LINDA CHC17;575000;Mobilier de chambre;https://ambulantenligne.com/14886/chambre-a-coucher-2-lits-jumeaux-6-battants-4-pieces-gris-clair-ema-twin.jpg;;;;;;;;
Chambre à  coucher 6 battants  4 pièces Blanc  CHC21;LINDA CHC21;580000;Mobilier de chambre;https://ambulantenligne.com/14890/chambre-a-coucher-2-lits-jumeaux-6-battants-4-pieces-gris-clair-ema-twin.jpg;;;;;;;;
Chambre à  coucher 6 battants 4 pièces Noir Beige CHC13;CHC13;550000;Mobilier de chambre;https://ambulantenligne.com/14894/chambre-a-coucher-2-lits-jumeaux-6-battants-4-pieces-gris-clair-ema-twin.jpg;;;;;;;;
Chambre à  coucher 8 battants 4 pièces Beige CHC16 HERMES;CHC16 HERMES;625000;Mobilier de chambre;https://ambulantenligne.com/14898/chambre-a-coucher-2-lits-jumeaux-6-battants-4-pieces-gris-clair-ema-twin.jpg;;;;;;;;
Chambre à  coucher armoire 6 battants 6 pièces Gris EFTELYA;EFTELYA;995000;Mobilier de chambre;https://ambulantenligne.com/14902/chambre-a-coucher-2-lits-jumeaux-6-battants-4-pieces-gris-clair-ema-twin.jpg;;;;;;;;
Chambre à  coucher armoire 6 battants 6 pièces Beige BAMBI;BAMBI;990000;Mobilier de chambre;https://ambulantenligne.com/14911/chambre-a-coucher-2-lits-jumeaux-6-battants-4-pieces-gris-clair-ema-twin.jpg;;;;;;;;
Chambre à  coucher armoire 6 battants 6 pièces Marron Gris ANKA;ANKA;999000;Mobilier de chambre;https://ambulantenligne.com/14926/chambre-a-coucher-2-lits-jumeaux-6-battants-4-pieces-gris-clair-ema-twin.jpg;;;;;;;;
Chambre à  coucher armoire 6 battants 6 pièces Gris Beige Blanc PUSAT;PUSAT;999000;Mobilier de chambre;https://ambulantenligne.com/14937/chambre-a-coucher-2-lits-jumeaux-6-battants-4-pieces-gris-clair-ema-twin.jpg;;;;;;;;
Salon Canapé lit 3-2-1 6 places Gris Kaki Vermont;Kaki Vermont;620000;Accueil;https://ambulantenligne.com/14943/salon-canape-lit-3-2-1-6-places-gris-kaki-vermont.jpg;;;;;;;;
Salon Canapé lit 3-2-1 6 places Camel Vermont;Camel Vermont;625000;Accueil;https://ambulantenligne.com/14947/salon-canape-lit-3-2-1-6-places-gris-kaki-vermont.jpg;;;;;;;;
Meuble Tv / Table Tv AYCA UNITESI AKSESUAR MARRON 10;AKSESUAR MARRON 10;135000;Table;https://ambulantenligne.com/14951/meuble-Tv-table-Tv-ayca-unitesi-aksesuar-marron-10.jpg;;;;;;;;
Meuble Tv / Table Tv PERU Tv UNITESI AKSESUAR 28;UNITESI AKSESUAR 28;140000;Table;https://ambulantenligne.com/14955/meuble-Tv-table-Tv-ayca-unitesi-aksesuar-marron-10.jpg;;;;;;;;
Meuble Tv / Table Tv AFOR Tv UNITESI AKSESUAR 36;UNITESI AKSESUAR 36;140000;Table;https://ambulantenligne.com/14959/meuble-Tv-table-Tv-ayca-unitesi-aksesuar-marron-10.jpg;;;;;;;;
Meuble Tv / Table Tv COURT EN VERRE NOIR A36P;A36P;45000;Table;https://ambulantenligne.com/14962/meuble-Tv-table-Tv-ayca-unitesi-aksesuar-marron-10.jpg;;;;;;;;
Table SUPPORT Tv 32-75 Pouces VSTAR 1700;VSTAR 1700;75000;Table;https://ambulantenligne.com/14965/meuble-Tv-table-Tv-ayca-unitesi-aksesuar-marron-10.jpg;;;;;;;;
Table SUPPORT Tv 55-98 Pouces VSTAR 1800;VSTAR 1800;100000;Table;https://ambulantenligne.com/14970/meuble-Tv-table-Tv-ayca-unitesi-aksesuar-marron-10.jpg;;;;;;;;
Sèche linge CANDY 9Kg Blanc CSEC9LF;CSEC9LF;240000;Sèche-linge;https://ambulantenligne.com/14974/seche-linge-candy-9kg-blanc-csec9lf.jpg;;;;;;;;
Sèche linge CANDY 10Kg Blanc CS0E10DGS;CS0E10DGS;260000;Sèche-linge;https://ambulantenligne.com/14982/seche-linge-candy-10kg-blanc-cs0e10dgs.jpg;;;;;;;;
Sèche linge BEKO 7Kg  DB7111PA;DB7111PA;250000;Sèche-linge;https://ambulantenligne.com/14990/seche-linge-beko-7kg-db7111pa.jpg;;;;;;;;
Sèche linge LG 8Kg Gris RC8066C1F;RC8066C1F;510000;Sèche-linge;https://ambulantenligne.com/14992/seche-linge-lg-8kg-gris-rc8066c1f.jpg;;;;;;;;
Sèche linge LG 9Kg Dual inverterGris RH90V9PV8N;RH90V9PV8N;540000;Sèche-linge;https://ambulantenligne.com/15001/seche-linge-lg-9kg-dual-invertergris-rh90v9pv8n.jpg;;;;;;;;
Friteuse à  air HISENSE Electrique 4L double fenètre H08AFBK2S1;H08AFBK2S1;75000;Accueil;https://ambulantenligne.com/15009/friteuse-a-air-hisense-electrique-4l-double-fenetre-h08afbk2s1.jpg;;;;;;;;
Friteuse à  air HISENSE Electrique 6.7L fenètre visible noir H06AFBS2S3;H06AFBS2S3;55000;Accueil;https://ambulantenligne.com/15016/friteuse-a-air-hisense-electrique-67l-fenetre-visible-noir-h06afbs2s3.jpg;;;;;;;;
Friteuse à  air HISENSE Electrique 5.2L noir H06AFGY1S1;H06AFGY1S1;45000;Accueil;https://ambulantenligne.com/15021/friteuse-a-air-hisense-electrique-52l-noir-h06afgy1s1.jpg;;;;;;;;
MiniChaine HISENSE avec BLUETOOTH  300w HP100;HP100;145000;Hi-Fi System;https://ambulantenligne.com/15027/mini-chaine-hisense-avec-bluetooth-300w-hp100.jpg;;;;;;;;
Machine à  glace HISENSE 15KG noir inoxydable ICM1504;ICM1504;90000;Assurvente;https://ambulantenligne.com/15032/machine-a-glace-hisense-15kg-noir-inoxydable-icm1504.jpg;;;;;;;;
Congélateur HISENSE vertical 6 Tiroirs Alu RS-24DC;RS-24DC;205000;Congélateur Vertical;https://ambulantenligne.com/15037/Congélateur-hisense-vertical-6-Tiroirs-alu-rs-24dc.jpg;;;;;;;;
LIT SIMPLE WILFRED BRANDI 117;BRANDI 117;80000;Mobilier de chambre;https://ambulantenligne.com/15055/lit-simple-brandi-117.jpg;;;;;;;;
LIT SIMPLE HADLEY  117;HADLEY;77500;Mobilier de chambre;https://ambulantenligne.com/15057/lit-simple-brandi-117.jpg;;;;;;;;
LIT SIMPLE YAMAN 109;YAMAN 109;80000;Mobilier de chambre;https://ambulantenligne.com/15059/lit-simple-brandi-117.jpg;;;;;;;;
LIT QUEEN MARTELL MARRON;QUEEN MARTELL;92500;Mobilier de chambre;https://ambulantenligne.com/15061/lit-simple-brandi-117.jpg;;;;;;;;
LIT QUEEN REGAN NOIR;QUEEN REGAN;95000;Mobilier de chambre;https://ambulantenligne.com/15063/lit-simple-brandi-117.jpg;;;;;;;;
LIT QUEEN HALDEN BLANC;QUEEN HALDEN;95000;Mobilier de chambre;https://ambulantenligne.com/15065/lit-simple-brandi-117.jpg;;;;;;;;
MEUBLE DE Tv REDA SUPPORT SonOMA FONCE;REDA;43500;Accueil;https://ambulantenligne.com/15066/meuble-de-Tv-reda-support-Sonoma-fonce.jpg;;;;;;;;
Meuble de Rangement  DAVE 179;DAVE 179;67500;Meuble de Rangement;https://ambulantenligne.com/15068/meuble-de-Tv-reda-support-Sonoma-fonce.jpg;;;;;;;;
Meuble de Rangement CLASSEUR DAVE 170;DAVE 170;85000;Meuble de Rangement;https://ambulantenligne.com/15070/meuble-de-Tv-reda-support-Sonoma-fonce.jpg;;;;;;;;
Meuble de Rangement CLASSEUR 8 ETAGERES DAVE 170;DAVE 170;68000;Meuble de Rangement;https://ambulantenligne.com/15072/meuble-de-Tv-reda-support-Sonoma-fonce.jpg;;;;;;;;
MEUBLE Tv DUDLEY 1;5M 102/173;102/173;95000;Table;https://ambulantenligne.com/15073/meuble-Tv-dudley-15m-102173.jpg;;;;;;;
Meuble de Rangement HAVIR BLANC;HAVIR;68500;Meuble de Rangement;https://ambulantenligne.com/15074/meuble-de-rangement-havir-blanc.jpg;;;;;;;;
Meuble de Rangement HAVIR AVEC PORTE EN VERRE BLANCHE;HAVIR;87500;Meuble de Rangement;https://ambulantenligne.com/15076/meuble-de-rangement-havir-blanc.jpg;;;;;;;;
ARMOIRE / COMMODE  MULTIFONCTIONS MANDO 170/172;HAVIR;87500;Meuble de Rangement;https://ambulantenligne.com/15078/meuble-de-rangement-havir-blanc.jpg;;;;;;;;
Meuble Tv / Table Tv VOLOS 1.8M 808/172;MOLOS;97500;Table;https://ambulantenligne.com/15079/meuble-Tv-table-Tv-peru-Tv-volos-18m-808172.jpg;;;;;;;;
Meuble Tv / Table Tv MANDO 1.8M 170/172;MANDO 170/172;90000;Table;https://ambulantenligne.com/15081/meuble-Tv-table-Tv-peru-Tv-volos-18m-808172.jpg;;;;;;;;
Bureau d'étude Fayne Light Cappuccino122010;Cappuccino122010;57500;Table;https://ambulantenligne.com/15090/Bureau-detude-fayne-light-cappuccino122010.jpg;;;;;;;;
TABLE BASSE RECTANGULAIRE MYRON 813/113;813/113;90000;Table;https://ambulantenligne.com/15089/table-basse-rectangulaire-myron-813113.jpg;;;;;;;;
TABLE BASSE RECTANGULAIRE MYRON 813/114;813/114;90000;Table;https://ambulantenligne.com/15092/table-basse-rectangulaire-myron-813113.jpg;;;;;;;;
TABLE BASSE RECTANGULAIRE MYRON 813/112;813/112;90000;Table;https://ambulantenligne.com/15094/table-basse-rectangulaire-myron-813113.jpg;;;;;;;;
TABLE BASSE RECTANGULAIRE MYRON 800/114;800/114;90000;Table;https://ambulantenligne.com/15096/table-basse-rectangulaire-myron-813113.jpg;;;;;;;;
TABLE BASSE RECTANGULAIRE MYRON 802/114;802/114;90000;Table;https://ambulantenligne.com/15098/table-basse-rectangulaire-myron-813113.jpg;;;;;;;;
LAMPE TABLE BRADFORD H550 802/163;H550 802/163;42500;Table;https://ambulantenligne.com/15099/lampe-table-bradford-h550-802163.jpg;;;;;;;;
Bureau D'ETUDE FAYNE EN NOYER 124019;NOYER 124019;65000;Table;https://ambulantenligne.com/15100/Bureau-d-etude-fayne-en-noyer-124019.jpg;;;;;;;;
TABLE BASSE KYLIE 117;KYLIE 117/132054;52500;Table;https://ambulantenligne.com/15101/table-basse-kylie-117.jpg;;;;;;;;
Congélateur DESKA horizontal FRZ-310DK;FRZ-310DK;155000;251 - 500 Litres;https://ambulantenligne.com/15102/Congélateur-deska-horizontal-frz-410dk.jpg;;;;;;;;
Congélateur HISENSE horizontal 240L avec vitre noir FC-32DD4HA;FC-32DD4HA;205000;Congélateur Horizontal;https://ambulantenligne.com/15105/Congélateur-hisense-horizontal-240l-avec-vitre-noir-fc-32dd4ha.jpg;;;;;;;;
Congélateur HAIER Horizontal inverter 428VS silver;428VS;297500;251 - 500 Litres;https://ambulantenligne.com/15106/Congélateur-haier-horizontal-inverter-428vs-silver.jpg;;;;;;;;
Congélateur HAIER Horizontal inverter 478VS silver;478VS;320000;Congélateur Horizontal;https://ambulantenligne.com/15115/Congélateur-haier-horizontal-inverter-478vs-silver.jpg;;;;;;;;
Congélateur HAIER Horizontal inverter HCF588VS silver;HCF588VS;335000;Congélateur Horizontal;https://ambulantenligne.com/15117/Congélateur-haier-horizontal-inverter-hcf588vs-silver.jpg;;;;;;;;
Salon Canapé MOODY 01 Place MD-MOODY-S1;MD-MOODY-S1;250000;Canapé & Fauteuil;https://ambulantenligne.com/15122/salon-canape-moody-01-place.jpg;;;;;;;;
Salon Canapé MOODY 05 Places MD-MOODY-S5;MD-MOODY-S5;1000000;Canapé & Fauteuil;https://ambulantenligne.com/15125/salon-canape-moody-01-place.jpg;;;;;;;;
Canapé MOODY 06 Places MD-MOODY-S6;MD-MOODY-S6;1200000;Canapé & Fauteuil;https://ambulantenligne.com/15121/salon-canape-moody-01-place.jpg;;;;;;;;
Machine à  laver HAIER 15Kg HW150-BP14986ES8;HW150-BP14986ES8;437500;10 kg & Plus;https://ambulantenligne.com/15127/machine-a-laver-haier-15kg-hw150-bp14986es8.jpg;;;;;;;;
Chambre à  coucher 6 battants 4 pièces gris blanc VISTAS;VISTAS;550000;Mobilier de chambre;https://ambulantenligne.com/15129/chambre-a-coucher-6-battants-4-pieces-gris-blanc-vistas.jpg;;;;;;;;
Chambre à  coucher 6 battants 4 pièces marron WOOD;WOOD;550000;Mobilier de chambre;https://ambulantenligne.com/15135/chambre-a-coucher-6-battants-4-pieces-gris-blanc-vistas.jpg;;;;;;;;
Chambre à  coucher 6 battants 4 pièces blanc marron ROUND;ROUND;550000;Mobilier de chambre;https://ambulantenligne.com/15141/chambre-a-coucher-6-battants-4-pieces-gris-blanc-vistas.jpg;;;;;;;;
Chambre à  coucher 6 battants 4 pièces blanc gris LINES;LINES;550000;Mobilier de chambre;https://ambulantenligne.com/15147/chambre-a-coucher-6-battants-4-pieces-gris-blanc-vistas.jpg;;;;;;;;
Chauffe eau Electrique FINIX 30 Litres DSCF30-B2MHW;DSCF30-B2MHW;67500;Chauffe eau;https://ambulantenligne.com/15154/chauffe-eau-electrique-finix-30-Litres-dscf30-b2mhw.jpg;;;;;;;;
Chauffe eau Electrique FINIX 50 Litres DSCF50-B2MHW;DSCF30-B2MHW;72500;Chauffe eau;https://ambulantenligne.com/15156/chauffe-eau-electrique-finix-50-Litres-dscf50-b2mhw.jpg;;;;;;;;
Congélateur FINIX horizontal 700 Litres silver BDW-700;BDW-700;360000;Accueil;https://ambulantenligne.com/15158/Congélateur-finix-horizontal-700-Litres-silver-bdw-700.jpg;;;;;;;;
"Ventilateur SOLSTAR sur pied 16"" FS1615U-MBK SS";FS1615U-MBK SS;20000;Ventilo Sur Pied;https://ambulantenligne.com/15165/Ventilateur-solstar-sur-pied-16-fs1615u-mbk-ss.jpg;;;;;;;;
"Ventilateur SOLSTAR sur pied 16"" FS1615U-PBK SS";FS1615U-PBK SS;21500;Ventilo Sur Pied;https://ambulantenligne.com/15166/Ventilateur-solstar-sur-pied-16-fs1615u-pbk-ss.jpg;;;;;;;;
"Ventilateur SOLSTAR sur pied 16"" FS1893U-WH SS";FS1893U-WH SS;25000;Ventilo Sur Pied;https://ambulantenligne.com/15167/Ventilateur-solstar-sur-pied-16-fs1893u-wh-ss.jpg;;;;;;;;
"Ventilateur SOLSTAR sur pied 16"" FSR1845U-WH SS";FSR1845U-WH SS;25000;Ventilo Sur Pied;https://ambulantenligne.com/15168/-Ventilateur-solstar-sur-pied-16-fsr1845u-wh-ss.jpg;;;;;;;;
Robinet mitigeur Salle de Bain; Robinet Lavabo ITM-49 CHOO-NA;ITM-49 CHOO-NA;20000;Robinetterie;https://ambulantenligne.com/15170/robinet-mitigeur-salle-de-bain-robinet-lavabo-itm-49-choo-na.jpg;;;;;;;
Douchette Salle de Bain Colonne de douche CHOO-ITM-12-NA;CHOO-ITM-12-NA;45000;Accessoires Sanitaires;https://ambulantenligne.com/15171/douchette-salle-de-bain-colonne-de-douche-choo-na2.jpg;;;;;;;;
Ventilateur de plafond SOLSTAR Pales courtes - Blanc FC24WH SS;FC24WH SS;20000;Ventilo Plafonnier;https://ambulantenligne.com/15176/Ventilateur-de-plafond-solstar-pales-courtes-blanc-fc24wh-ss.jpg;;;;;;;;
Douchette Salle de Bain Colonne de douche CHOO-ITM-10-NA;CHOO-ITM-10-NA;65000;Accessoires Sanitaires;https://ambulantenligne.com/15173/douchette-salle-de-bain-colonne-de-douche-choo-na2.jpg;;;;;;;;
Douchette Salle de Bain Colonne de douche CHOO-ITM-03-NA;CHOO-ITM-03-NA;37500;Accessoires Sanitaires;https://ambulantenligne.com/15178/douchette-salle-de-bain-colonne-de-douche-choo-na2.jpg;;;;;;;;
Douchette Salle de Bain Colonne de douche CHOO-ITM-02-NA;CHOO-ITM-02-NA;50000;Accessoires Sanitaires;https://ambulantenligne.com/15180/douchette-salle-de-bain-colonne-de-douche-choo-na2.jpg;;;;;;;;
Douchette Salle de Bain Colonne de douche CHOO-ITM-09-NA;CHOO-ITM-09-NA;35000;Accessoires Sanitaires;https://ambulantenligne.com/15182/douchette-salle-de-bain-colonne-de-douche-choo-na2.jpg;;;;;;;;
Evier de Cuisine double Bac Inox CHOO-20-NA;CHOO-20-NA;64000;Cuisine;https://ambulantenligne.com/15183/evier-de-Cuisine-double-bac-inox-choo-20-na.jpg;;;;;;;;
Ventilateur de plafond SOlSTAR Pales courtes - Marron FC24WH SS;FC24WH SS;24000;Ventilo Plafonnier;https://ambulantenligne.com/15184/Ventilateur-de-plafond-solstar-pales-courtes-marron-fc24wh-ss.jpg;;;;;;;;
Evier de Cuisine double Bac Noir CHOO-30-NA;CHOO-30-NA;64000;Cuisine;https://ambulantenligne.com/15186/evier-de-Cuisine-double-bac-inox-choo-20-na.jpg;;;;;;;;
Evier de Cuisine complet avec Accessoires double Bac CHOO-50-NA;CHOO-50-NA;119900;Cuisine;https://ambulantenligne.com/15188/evier-de-Cuisine-double-bac-inox-choo-20-na.jpg;;;;;;;;
"Ventilateur SOLSTAR plafonnier 56"" FC56P-SS";FC56P-SS;25000;Ventilo Plafonnier;https://ambulantenligne.com/15190/Ventilateur-solstar-plafonnier-56-fc-56p-ss.jpg;;;;;;;;
"Ventilateur SOLSTAR 16"" Orbit fan FB 1661 SS";FB 1661 SS;20000;Ventilo Plafonnier;https://ambulantenligne.com/15195/Ventilateur-solstar-16-orbit-fan-fb-1661-ss.jpg;;;;;;;;
"Ventilateur SOLSTAR 16"" Orbit fan FB-1661WH";FB 1661 WH SS;20000;Ventilo Plafonnier;https://ambulantenligne.com/15193/Ventilateur-solstar-16-orbit-fan-fb-1661wh.jpg;;;;;;;;
Machine à  laver HISENSE 11kg  top loading GRIS WTJA1112T;GRIS WTJA1112T;235000;Lavante Séchante;https://ambulantenligne.com/15200/machine-a-laver-hisense-105kg-toop-loading-wtja1102t.jpg;;;;;;;;
Smart Tv LG 83 Pouces OLed 4K B46LA;B46LA;2350000;Oled Tv;https://ambulantenligne.com/15201/smart-Tv-lg-83-Pouces-oLed-4k-b46la.jpg;;;;;;;;
Micro onde Smart Technology 20 Litres gris noir STMW-20WB;STMW-20WB;39900;Micro-onde;https://ambulantenligne.com/15207/Micro-onde-smart-technology-20-Litres-silver-stmw-20m.jpg;;;;;;;;
Ventilateur rechargeable SMART TECHNOLOGY sur pied 16 Pouces STv630;STv630;35000;Ventilo Rechargeable;https://ambulantenligne.com/15208/Ventilateur-smart-technology-sur-pied-16-Pouces-sTv630.jpg;;;;;;;;
Fer à  repasser HAIER vapeur 2400W HEI32BL NOIR;DST5020;20000;Repassage;https://ambulantenligne.com/15211/fer-a-repasser-philips-vapeur-2400w-dst5020.jpg;;;;;;;;
Congélateur + Réfrigérateur EVVOLI vertical 1 porte 8 Tiroirs 195 Litres Blanc EVRFZU195W;EVRFZU195W;220000;7 Tiroirs & Plus;https://ambulantenligne.com/15216/Congélateur-Réfrigerateur-evvoli-vertical-1-porte-8-Tiroirs-195-Litres-blanc-evrfzu195w.jpg;;;;;;;;
Smart Tv LG 4K 75 Pouces Nanocell UHD 4K NANO 75QNED856QA;75QNED856QA;1550000;Nanocell Tv;https://ambulantenligne.com/15219/smart-Tv-lg-4k-75-Pouces-nanocell-uhd-4k-nano-75qned856qa.jpg;;;;;;;;
Congélateur + Réfrigérateur EVVOLI vertical 1 porte 8 Tiroirs 195 Litres Blanc EVRFZU195S;EVRFZU195S;235000;7 Tiroirs & Plus;https://ambulantenligne.com/15226/Congélateur-Réfrigerateur-evvoli-vertical-1-porte-8-Tiroirs-195-Litres-blanc-evrfzu195w.jpg;;;;;;;;
Télécommande Téléviseur LG AKB75675312;AKB75675312;5000;Tv & Son;https://ambulantenligne.com/15228/telecommande-televiseur-lg-akb75675312.jpg;;;;;;;;
Cuisinière FINIX 5 Feux 90/60 inox G95NDM (62V12T2G1X);G95NDM (62V12T2G1X);245000;5 Feux 90/60;https://ambulantenligne.com/15232/cuisiniere-finix-5-Feux-9060-inox-g95ndm-62v12t2g1x.jpg;;;;;;;;
MICRO ONDE HAIER 20 Litres noir HMW20MBP;HMW20MBP;45000;Micro-onde;https://ambulantenligne.com/15247/Micro-onde-smart-technology-20-Litres-silver-stmw-20m.jpg;;;;;;;;
Cuisinière ENDURO 7 Feux 100/90 avec affichage multifours PCK100X60X;PCK100X60X;585000;Cuisinière & Four;https://ambulantenligne.com/15237/cuisiniere-enduro-5-Feux-9060-inox-s9502cmri.jpg;;;;;;;;
Réfrigérateur Bar HAIER 1 porte noir HR135;HR135;90000;Réfrigerateur Bar;https://ambulantenligne.com/15245/frigo-bar-astech-1-porte-marron.jpg;;;;;;;;
Réfrigérateur HAIER combiné 3 Tiroirs 350L avec Fontaine No-Frost HDPW5618DWPK;HDPW5618DWPK;335000;351 Litres ET Plus;https://ambulantenligne.com/15248/Réfrigerateur-haier-combine-3-Tiroirs-350l-avec-fontaine-no-frost-hdpw5618dwpk.jpg;;;;;;;;
Cuisinière ENDURO 5 Feux 90/60 Professionnelle à  Gaz avec Affichage Numerique RGC90X60S;RGC90X60S;400000;5 Feux 90/60;https://ambulantenligne.com/15260/cuisiniere-enduro-5-Feux-9060-professionnelle-a-gaz-avec-affichage-numerique-rgc90x60s.jpg;;;;;;;;
Réfrigérateur EVVOLI  1 porte 8 Tiroirs 352L Avec Fontaine No-Frost EVRFM390LS;EVRFM390LS;300000;201 Litres & Plus;https://ambulantenligne.com/15261/Réfrigerateur-evvoli-1-porte-8-Tiroirs-390l-avec-fontaine-no-frost-evrfm390ls.jpg;;;;;;;;
Réchaud ROCH 4 Feux à  gaz RGC-O-400 - Inox;RGC-O-400;25000;Réchaud à gaz;https://ambulantenligne.com/15263/Réchaud-roch-4-Feux-a-gaz-rgc-o-400-inox.jpg;;;;;;;;
Congélateur EVVOLI vertical 1 porte 8 Tiroirs No-Frost 257L EVRFMU290FS;EVRFMU290FS;310000;201 Litres & Plus;https://ambulantenligne.com/15269/Congélateur-evvoli-vertical-1-porte-8-Tiroirs-no-frost-257l-evrfmu290fs.jpg;;;;;;;;
Minichaine LG CJ98 3500W + BON AUCHAN OFFERT;CJ98;340000;Hi-Fi System;https://ambulantenligne.com/15273/mini-chaine-lg-ck-99-watt.jpg;;;;;;;;
Réfrigérateur combiné SMART TECHNOLOGY 2 Tiroirs 106L Marron STCB145WH;STCB145WH;120000;Moins de 200 Litres;https://ambulantenligne.com/15281/Réfrigerateur-combine-smart-technology-2-Tiroirs-106l-marron-stcb145wh.jpg;;;;;;;;
Réfrigérateur BEKO side by side 600 Litres double portes GN156320XP;GN156320XP;670000;501 - 650 Litres;https://ambulantenligne.com/15300/Réfrigerateur-beko-side-by-side-600-Litres-double-portes-gn156320xp.jpg;;;;;;;;
Mobilier de Bureau OZ-EDK0424;OZ-EDK0424;250000;Mobilier de Bureau;https://ambulantenligne.com/15294/mobilier-de-Bureau-oz-edk0424.jpg;;;;;;;;
Mobilier de Bureau OZ-EDK0318;OZ-EDK0318;245000;Mobilier de Bureau;https://ambulantenligne.com/15298/mobilier-de-Bureau-oz-edk0318.jpg;;;;;;;;
Mobilier de Bureau OZ-EDK0418;OZ-EDK0418;230000;Mobilier de Bureau;https://ambulantenligne.com/15308/mobilier-de-Bureau-oz-edk0418.jpg;;;;;;;;
Mobilier de Bureau OZ-250316;OZ-250316;220000;Mobilier de Bureau;https://ambulantenligne.com/15313/mobilier-de-Bureau-oz-250316.jpg;;;;;;;;
Réfrigérateur ENDURO combiné 3 Tiroirs A+ 450L No-Frost RCN450GD Beige;RCN450GD;350000;351 Litres ET Plus;https://ambulantenligne.com/15318/Réfrigerateur-enduro-combine-3-Tiroirs-a-450l-no-frost-rcn450gd-beige.jpg;;;;;;;;
Congélateur HISENSE horizontal 205L FC-26DD4HA Gris;FC-26DD4HA;170000;251 - 500 Litres;https://ambulantenligne.com/15320/Congélateur-hisense-horizontal-300l-fc-26dd4ha-gris.jpg;;;;;;;;
"Téléviseur SAMSUNG 55"" Smart Qled 4K UHD 55Q60D";55Q60D;385000;Qled Tv;https://ambulantenligne.com/15322/televiseur-samsung-55-smart-Qled-4k-uhd-55q60d-avec-support-offert.jpg;;;;;;;;
"Téléviseur SAMSUNG 65"" Smart Qled 4K UHD 65Q60D 2024";65Q60D;575000;Qled Tv;https://ambulantenligne.com/15324/televiseur-samsung-65-smart-Qled-4k-uhd-65q60d-2024-avec-support-offert.jpg;;;;;;;;
Micro Four Electrique ENDURO 50 Litres I28TTFL;I28TTFL;65000;MiniFour Electrique;https://ambulantenligne.com/15331/micro-four-electrique-haier-42-Litres-heo42l-d1.jpg;;;;;;;;
Split SKYLINE 1.5CV 12000 BTU R410;SKYLINE;132500;12.000 Btu/1.5Cv;https://ambulantenligne.com/15332/split-skyline-15cv-12000-btu-r410.jpg;;;;;;;;
Split SKYLINE 9000 BTU R410;SKYLINE;120000;9.000 BTU/1.25CV;https://ambulantenligne.com/15337/split-skyline-15cv-12000-btu-r410.jpg;;;;;;;;
Split SKYLINE 18000 BTU R410;SKYLINE;205000;18.000 BTU/2CV;https://ambulantenligne.com/15340/split-skyline-15cv-12000-btu-r410.jpg;;;;;;;;
Split SKYLINE 24000 BTU R410;SKYLINE;267500;24.000 BTU/3CV;https://ambulantenligne.com/15343/split-skyline-15cv-12000-btu-r410.jpg;;;;;;;;
Téléphone INFINIX SMART 8 64Go RAM 2GO;smart 8;47500;Smartphone;https://ambulantenligne.com/15358/telephone-infinix-smart-6-32go-ram-2go-x657-noir.jpg;;;;;;;;
Téléphone INFINIX SMART 9 HD 64Go RAM 2GO;smart 9;52500;Smartphone;https://ambulantenligne.com/15360/telephone-infinix-smart-6-32go-ram-2go-x657-noir.jpg;;;;;;;;
Split CAC 12000btu inverter noir avec wifi 12CACIN;12CACIN;215000;12.000 Btu/1.5Cv;https://ambulantenligne.com/15367/split-cac-18000btu-inverter-noir-avec-wifi-18cacin.jpg;;;;;;;;
"Téléviseur SAMSUNG 85"" Smart Qled 4K UHD 85Q60D";85Q60D;1295000;Qled Tv;https://ambulantenligne.com/15368/televiseur-samsung-85-smart-Qled-4k-uhd-85q60d-avec-support-offert.jpg;;;;;;;;
Robot de Cuisine Patissier KEALIVE 4.5L 1200W;KEALIVE;55000;Robot de Cuisine;https://ambulantenligne.com/15370/robot-de-Cuisine-patissier-smart-technology-stpe-9999d.jpg;;;;;;;;
Salon Canapé 06 Places VENISE - Couleur au choix;VENISE;625000;Canapé & Fauteuil;https://ambulantenligne.com/15371/salon-canape-06-places-venise-couleur-au-choix.jpg;;;;;;;;
Réfrigérateur combiné ENDURO 3 Tiroirs 800L neofrost RCNT800;RCNT800;595000;351 Litres ET Plus;https://ambulantenligne.com/15376/Réfrigerateur-combine-enduro-3-Tiroirs-800l-neofrost-rcnt800.jpg;;;;;;;;
Salon Canapé 07 Places RELAX - Couleur au choix;RELAX;450000;Canapé & Fauteuil;https://ambulantenligne.com/15379/salon-canape-07-places-relax-couleur-au-choix-.jpg;;;;;;;;
Salon Canapé 06 Places CONFORT - Couleur au choix;CONFORT;495000;Canapé & Fauteuil;https://ambulantenligne.com/15385/salon-canape-06-places-confort-couleur-au-choix.jpg;;;;;;;;
Réfrigérateur ENDURO 2 portes inverter + distributeur d'eau 700L NO-FROST RDN700PWXW;RCN700PWXW;500000;351 Litres & Plus;https://ambulantenligne.com/15392/Réfrigerateur-combine-enduro-3-Tiroirs-800l-neofrost-rcnt800.jpg;;;;;;;;
Salon Canapé 07 Places CONFORT - Couleur au choix;CONFORT;570000;Canapé & Fauteuil;https://ambulantenligne.com/15389/salon-canape-07-places-confort-couleur-au-choix.jpg;;;;;;;;
Salon Canapé 06 Places RELAX - Couleur au choix;RELAX;400000;Canapé & Fauteuil;https://ambulantenligne.com/15395/salon-canape-06-places-relax-couleur-au-choix-.jpg;;;;;;;;
Salon Canapé 07 Places CITY - Couleur au choix;CITY;850000;Canapé & Fauteuil;https://ambulantenligne.com/15401/salon-canape-07-places-city-couleur-au-choix.jpg;;;;;;;;
Réfrigérateur ENDURO 4 portes side by side 564L avec fontaine inverter  NO-FROST FD620P83X;FD620P83X;570000;501 - 650 Litres;https://ambulantenligne.com/15406/Réfrigerateur-combine-enduro-3-Tiroirs-800l-neofrost-rcnt800.jpg;;;;;;;;
Salon Canapé 07 Places CONFORMA - Couleur au choix;CONFORMA;695000;Canapé & Fauteuil;https://ambulantenligne.com/15409/salon-canape-07-places-conforma-couleur-au-choix.jpg;;;;;;;;
Réfrigérateur ENDURO 4 portes side by side  NO-FROST SBS395MP75X GRIS;SBS395MP75X;545000;Moins de 500 Litres;https://ambulantenligne.com/15959/Réfrigerateur-combine-enduro-3-Tiroirs-800l-neofrost-rcnt800.jpg;;;;;;;;
Réfrigérateur ENDURO combiné 3 Tiroirs inverter + distributeur d'eau 700L NO-FROST RCN700WDX;RCN700WDX;535000;351 Litres ET Plus;https://ambulantenligne.com/15429/Réfrigerateur-combine-enduro-3-Tiroirs-800l-neofrost-rcnt800.jpg;;;;;;;;
Réfrigérateur ENDURO combiné 3 Tiroirs nofrost 595L faà§ade beige miroirs RCSN595G;RCSN595G;440000;351 Litres ET Plus;https://ambulantenligne.com/15434/Réfrigerateur-2-portes-enduro-550l-defrost-rds550bg-beige.jpg;;;;;;;;
Réfrigérateur ENDURO combiné 3 Tiroirs 400 Litres NOFROST RCNT400DSX;RCN595W;300000;Frigo combiné;https://ambulantenligne.com/15439/Réfrigerateur-enduro-combine-3-Tiroirs-595-Litres-nofrost-full-option-a-dark-skin-rcn595w.jpg;;;;;;;;
Réfrigérateur ENDURO combiné 3 Tiroirs 300L RCST300SX;RCST300SX;210000;Moins de 200 Litres;https://ambulantenligne.com/15443/Réfrigerateur-enduro-combine-2-Tiroirs-150l-rcst210s.jpg;;;;;;;;
Réfrigérateur ENDURO combiné 4 Tiroirs 256L plaque aluminium A++ RCST300SAP;RCST300SAP;245000;201 - 350 Litres;https://ambulantenligne.com/15449/Réfrigerateur-enduro-combine-2-Tiroirs-150l-rcst210s.jpg;;;;;;;;
Machine à  laver ENDURO 10kg lavante 6kg séchante WD1060T3;WD1060T3;345000;10 kg & Plus;https://ambulantenligne.com/15456/machine-a-laver-sharp-10kg-lavante-7kg-sechante-es-dp1054kjz-s.jpg;;;;;;;;
Sèche linge ENDURO 10Kg Gris DR10SV;DR10SV;260000;Sèche-linge;https://ambulantenligne.com/15465/seche-linge-candy-9kg-blanc-csec9lf.jpg;;;;;;;;
Lave vaisselle ENDURO 13 couverts A++ DWX1413S;DVS05024S;235000;Dimension 45Cm;https://ambulantenligne.com/15468/Lave-vaisselle-beko-10-couverts-dvs05024s.jpg;;;;;;;;
Réfrigérateur ENDURO combiné 4 Tiroirs 400 Litres NOFROST Gris RCNT350PX;RCNT350PX;340000;Frigo combiné;https://ambulantenligne.com/15478/Réfrigerateur-enduro-combine-3-Tiroirs-595-Litres-nofrost-full-option-a-dark-skin-rcn595w.jpg;;;;;;;;
Congélateur ENDURO vertical 7 Tiroirs avec fontaine 375 Litres A++ CVN7T375X;CVN7T375X;350000;7 Tiroirs & Plus;https://ambulantenligne.com/15483/Congélateur-enduro-vertical-6-Tiroirs-cv6t200s-silver.jpg;;;;;;;;
Four ENDURO Encastrable Electrique 60/60 71L 7 fonctions MFA627B NOIR;MFA627B;185000;Four Electrique 60cm;https://ambulantenligne.com/15486/four-enduro-Encastrable-electrique-9060-lt95277-inox.jpg;;;;;;;;
Congélateur FINIX horizontal 850 Litres silver BDW850;BDW850;490000;Accueil;https://ambulantenligne.com/15492/Congélateur-finix-horizontal-750-Litres-vitre-silver-bdw-750.jpg;;;;;;;;
Congélateur FINIX horizontal 950 Litres  silver BDW950;BDW950;530000;Accueil;https://ambulantenligne.com/15496/Congélateur-finix-horizontal-750-Litres-vitre-silver-bdw-750.jpg;;;;;;;;
Salon Canapé 07 Places VENISE - Couleur au choix;VENISE;750000;Canapé & Fauteuil;https://ambulantenligne.com/15515/salon-canape-07-places-venise-couleur-au-choix.jpg;;;;;;;;
Salon Canapé 06 Places CONFORMA - Couleur au choix;CONFORMA;600000;Canapé & Fauteuil;https://ambulantenligne.com/15520/salon-canape-06-places-conforma-couleur-au-choix.jpg;;;;;;;;
Salon Canapé 06 Places CITY - Couleur au choix;CITY;750000;Canapé & Fauteuil;https://ambulantenligne.com/15534/salon-canape-06-places-city-couleur-au-choix.jpg;;;;;;;;
Plaque Encastrable BEKO 4 Feux à  gaz 60x60 HILG 64120S NOIR;HILG 64120S;130000;Accueil;https://ambulantenligne.com/15540/plaque-Encastrable-beko-4-Feux-a-gaz-60x60-higg64123.jpg;;;;;;;;
Split NEXON 1.5CV 12000BTU R410;NEXON;135000;12.000 Btu/1.5Cv;https://ambulantenligne.com/15559/split-nexon-15cv-12000btu-r410.jpg;;;;;;;;
Split NEXON 2CV 18000BTU R410;NEXON;200000;18.000 BTU/2CV;https://ambulantenligne.com/15560/split-nexon-2cv-18000btu-r410.jpg;;;;;;;;
Téléphone SAMSUNG GALAXY A36 Mémoire 128Go Ram 6Go;A36;167500;Accueil;https://ambulantenligne.com/15562/telephone-samsung-galaxy-a35-memoire-128go-ram-6go.jpg;;;;;;;;
Téléphone SAMSUNG GALAXY A36 Mémoire 128Go Ram 8Go;A36;175000;Accueil;https://ambulantenligne.com/15563/telephone-samsung-galaxy-a35-memoire-128go-ram-6go.jpg;;;;;;;;
Téléphone SAMSUNG GALAXY A36 Mémoire 256Go Ram 8Go;A36;190000;Accueil;https://ambulantenligne.com/15564/telephone-samsung-galaxy-a35-memoire-128go-ram-6go.jpg;;;;;;;;
Téléphone SAMSUNG GALAXY A26 Mémoire 128Go Ram 6Go;GALAXY A26;125000;Accueil;https://ambulantenligne.com/15566/telephone-samsung-galaxy-a25-memoire-128go-ram-6go.jpg;;;;;;;;
Téléphone SAMSUNG GALAXY A26 Mémoire 256Go Ram 8Go;GALAXY A26;167500;Accueil;https://ambulantenligne.com/15567/telephone-samsung-galaxy-a25-memoire-128go-ram-6go.jpg;;;;;;;;
"Téléviseur SAMSUNG 75"" Smart Qled 4K UHD 75Q60D 2024";65Q60D;995000;Qled Tv;https://ambulantenligne.com/15568/televiseur-samsung-65-smart-Qled-4k-uhd-65q60d-2024-avec-support-offert.jpg;;;;;;;;
"Téléviseur SAMSUNG 55"" 4K Crystal UHD DU7010 (2024)";DU7010;280000;Accueil;https://ambulantenligne.com/15589/televiseur-samsung-55-4k-crystal-uhd-du7010-2024-.jpg;;;;;;;;
"Téléviseur SAMSUNG 65"" 4K Crystal UHD DU7010 (2024)";DU7010;400000;Accueil;https://ambulantenligne.com/15590/televiseur-samsung-65-4k-crystal-uhd-du7000-2024.jpg;;;;;;;;
"Téléviseur SAMSUNG 50"" 4K Crystal UHD DU7010 (2024)";DU7010;250000;Accueil;https://ambulantenligne.com/15588/televiseur-samsung-50-4k-crystal-uhd-du7010-2024-.jpg;;;;;;;;
"Téléviseur SAMSUNG 85"" 4K Crystal UHD 85DU7010 (2024)";DU7010;1100000;Smart Tv 4K;https://ambulantenligne.com/15591/televiseur-samsung-85-4k-crystal-uhd-du7000-2024.jpg;;;;;;;;
"Téléviseur SonY 65"" Android 4K UHD 65X7500H";KD-L55X7500H;460000;Smart Tv 4K;https://ambulantenligne.com/15601/televiseur-Sony-65-android-4k-uhd-65x7500h.jpg;;;;;;;;
Réfrigérateur HAIER combiné 2 Tiroirs No frost 436 Litres A3FE742CBJ;A3FE742CBJ;485000;Frigo combiné;https://ambulantenligne.com/15617/Réfrigerateur-haier-combine-2-Tiroirs-no-frost-436-Litres-a3fe635cgje.jpg;;;;;;;;
Réfrigérateur ASTECH combiné 3 Tiroirs 564L avec fontaine FC-570CML;FC-570CML;575000;Frigo combiné;https://ambulantenligne.com/15620/Réfrigerateur-astech-combine-3-Tiroirs-480l-silver-fc-480cm-og.jpg;;;;;;;;
Réfrigérateur ASTECH combiné 3 Tiroirs FC-657CM;FC-657CM;640000;Frigo combiné;https://ambulantenligne.com/15626/Réfrigerateur-astech-combine-3-Tiroirs-480l-silver-fc-480cm-og.jpg;;;;;;;;
Réfrigérateur combiné BEKO 2 Tiroirs 660L nofrost A++ B5RCNE66H;B5RCNE66H;650000;Accueil;https://ambulantenligne.com/15630/Réfrigerateur-combine-beko-3-Tiroirs-neofrost-rcne620.jpg;;;;;;;;
Réfrigérateur combiné 3 Tiroirs HOTPOINT Ariston 558 Litres HA84BE72X84CME No-Frost;HA84BE72X84CME;725000;351 Litres ET Plus;https://ambulantenligne.com/15647/hotpoint-Réfrigerateur-combine-ha70bi31s-462-lno-frost.jpg;;;;;;;;
Réfrigérateur combiné BEKO 3 Tiroirs 730L inverter nofrost A++ RCNE730E40;RCNE730E40;725000;Accueil;https://ambulantenligne.com/15662/Réfrigerateur-combine-beko-3-Tiroirs-neofrost-rcne620.jpg;;;;;;;;
Salon Canapé 05 Places Beige DU-SAD5-LIX;DU-SAD5-LIX;600000;Canapé & Fauteuil;https://ambulantenligne.com/15694/salon-canape-06-places-venise-couleur-au-choix.jpg;;;;;;;;
Salon Canapé 05 Places NOIR DU-SAD5-LIX;DU-SAD5-LIX;600000;Canapé & Fauteuil;https://ambulantenligne.com/15696/salon-canape-06-places-venise-couleur-au-choix.jpg;;;;;;;;
Salon Canapé 05 Places GRIS DU-SAD5-LIX;DU-SAD5-LIX;600000;Canapé & Fauteuil;https://ambulantenligne.com/15698/salon-canape-06-places-venise-couleur-au-choix.jpg;;;;;;;;
Salon Canapé 04 Places NOIR DU-SAD4-LIX;DU-SAD4-LIX;550000;Canapé & Fauteuil;https://ambulantenligne.com/15700/salon-canape-06-places-venise-couleur-au-choix.jpg;;;;;;;;
Téléphone ASTECH IRIS Mémoire 128Go Ram 12Go;IRIS;60000;Smartphone;https://ambulantenligne.com/15707/telephone-samsung-galaxy-a06-memoire-128go-ram-4go.jpg;;;;;;;;
Téléphone ASTECH S8 Mémoire 64Go Ram 8;S8;52000;Smartphone;https://ambulantenligne.com/15709/telephone-samsung-galaxy-a06-memoire-128go-ram-4go.jpg;;;;;;;;
Téléphone ASTECH S9 Mémoire 128Go Ram 8;S9;55000;Smartphone;https://ambulantenligne.com/15711/telephone-samsung-galaxy-a06-memoire-128go-ram-4go.jpg;;;;;;;;
Téléphone ASTECH S7 Mémoire 64Go Ram 6;S7;45000;Smartphone;https://ambulantenligne.com/15713/telephone-samsung-galaxy-a06-memoire-128go-ram-4go.jpg;;;;;;;;
Split SAMSUNG triple inverter 1.25CV 9000BTU wind-free AR09BVCHMWK;AR09BVCHMWK;350000;9.000 BTU/1.25CV;https://ambulantenligne.com/15718/split-samsung-triple-inverter-125cv-9000btu-wind-free-ar09bvchmwk.jpg;;;;;;;;
Split SAMSUNG triple inverter 2CV 18000BTU wind-free AR18BVCHMWK;AR18BVCHMWK;490000;18.000 BTU/2CV;https://ambulantenligne.com/15719/split-samsung-triple-inverter-125cv-9000btu-wind-free-ar09bvchmwk.jpg;;;;;;;;
Plaque Encastrable ASTECH 4 Feux Electrique 60x60 PL60ID-501NO NOIR;PL60ID-501NO NOIR;120000;4 Feux 60/60;https://ambulantenligne.com/15724/plaque-Encastrable-astech-4-Feux-electrique-60x60-pl60id-501no-noir.jpg;;;;;;;;
Plaque Encastrable ASTECH à  gaz 5 Feux PL91GZ-90NO-MA noir;PL91GZ-90NO-MA;125000;5 Feux 90/60;https://ambulantenligne.com/15728/plaque-Encastrable-astech-a-gaz-5-Feux-pl90gz222no-noir-.jpg;;;;;;;;
Plaque Encastrable  à gaz  ASTECH 60/60 PL68GAZ60NOMA Noir;PL68GAZ60NOMA;90000;4 Feux 60/60;https://ambulantenligne.com/15731/plaque-Encastrable-astech-4-Feux-a-gaz-inox.jpg;;;;;;;;
Hotte   de Cuisine ASTECH 60cm H060S22NOGMA;H060S22NOGMA;95000;Hotte   60cm;https://ambulantenligne.com/15741/astech.jpg;;;;;;;;
Mixeur BEKO 2 Litres 1600W TBS3164X;TBS3164X;120000;Mixeur & Jus;https://ambulantenligne.com/15749/mixeur-beko-2-Litres-1600w-tbs3164x.jpg;;;;;;;;
Plaque Encastrable BEKO 4 Feux à  gaz 60x60 HIGG64123SBL noir;HIGG64123SBL;85000;Accueil;https://ambulantenligne.com/15757/plaque-Encastrable-beko-4-Feux-a-gaz-60x60-higg64123.jpg;;;;;;;;
Fer à  repasser BEKO vapeur 3000W SIM8130P;SIM8130P;45000;Repassage;https://ambulantenligne.com/15761/fer-a-repasser-beko-vapeur-3000w-sim8130p.jpg;;;;;;;;
Ventilateur BEKO sur pied EFS5100W;EFS5100W;30000;Ventilo Sur Pied;https://ambulantenligne.com/15766/Ventilateur-beko-sur-pied-efs5100w.jpg;;;;;;;;
Hotte   de Cuisine BEKO 60cm CWB6441BN;CWB6441BN;80000;Hotte   60cm;https://ambulantenligne.com/15767/Hotte  -de-Cuisine-beko-60cm-cwb6441bn.jpg;;;;;;;;
Hotte   de Cuisine BEKO 60cm BHCB61622BXH;BHCB61622BXH;180000;Hotte   60cm;https://ambulantenligne.com/15769/Hotte  -de-Cuisine-beko-60cm-bhcb61622bxh.jpg;;;;;;;;
Lave vaisselle BEKO semi Encastrable 13 couverts + bandeau AP DSN05311X blanc;AP DSN05311X;300000;Lave-vaisselle;https://ambulantenligne.com/15779/Lave-vaisselle-beko-13-couverts-pose-libre-dfn04320w-blanc-.jpg;;;;;;;;
Hotte   de Cuisine BEKO 60cm BCHCB66641BBHS;BCHCB66641BBHS;165000;Hotte   60cm;https://ambulantenligne.com/15788/Hotte  -de-Cuisine-beko-60cm-bchcb66641bbhs.jpg;;;;;;;;
Hotte   de Cuisine BEKO 60cm CWB9441XN;CWB9441XN;125000;Hotte   60cm;https://ambulantenligne.com/15794/Hotte  -de-Cuisine-beko-60cm-cwb9441xn.jpg;;;;;;;;
Hotte   de Cuisine BEKO 60cm BHCA62442BBH;BHCA62442BBH;170000;Hotte   60cm;https://ambulantenligne.com/15799/Hotte  -de-Cuisine-beko-60cm-bhca62442bbh.jpg;;;;;;;;
Hotte   de Cuisine BEKO 60cm CWB6441XNH;CWB6441XNH;85000;Hotte   60cm;https://ambulantenligne.com/15803/Hotte  -de-Cuisine-beko-60cm-cwb6441xnh.jpg;;;;;;;;
Four Encastrable BEKO 60cm à  gaz BIGT21101X;BIGT21101X;185000;Four à Gaz 60cm;https://ambulantenligne.com/15809/four-Encastrable-beko-60cm-a-gaz-bigt21101x.jpg;;;;;;;;
Cuisinière ENDURO 7 Feux 100/90 avec affichage multifours PCK100X60X;PCK100X60X;585000;Cuisinière & Four;https://ambulantenligne.com/15827/cuisiniere-enduro-7-Feux-10090-avec-affichage-multifours-pck100x60x.jpg;;;;;;;;
Cuisinière ENDURO 4 Feux 60X60 Avec Four Electrique AFS6004EEBIT;AFS6004EEBIT;160000;Cuisinière & Four;https://ambulantenligne.com/15843/cuisiniere-enduro-4-Feux-60x60-avec-four-electrique-afs6004eebit.jpg;;;;;;;;
Four ENDURO Encastrable Electrique 60/60 71L 6 fonctions vitrocéramique noir BIO60X60V;BIO60X60V;140000;Four Electrique 60cm;https://ambulantenligne.com/15849/four-enduro-Encastrable-electrique-9060-lt95277-inox.jpg;;;;;;;;
Cuisinière ENDURO 4 Feux 60X60 à  Gaz  AFS6040GGBIT Noir;AFS6040GGBIT;140000;Cuisinière & Four;https://ambulantenligne.com/15847/cuisiniere-enduro-4-Feux-60x60-a-gaz-afs6040ggbit-noir.jpg;;;;;;;;
Congélateur ASTECH Vitrine 1021 Litres FH1200SCAA;FH1200SCAA;1100000;Vitrine;https://ambulantenligne.com/15855/Congélateur-astech-Vitrine-1021-Litres-fh1200scaa.jpg;;;;;;;;
Congélateur ASTECH Vitrine 761 Litres FH850SCAA;FH850SCAA;850000;Vitrine;https://ambulantenligne.com/15858/Congélateur-astech-Vitrine-761-Litres-fh850scaa.jpg;;;;;;;;
Congélateur ASTECH Vitrine Vertical 7 Tiroirs 424 Litres No-Frost VC503FAA;VC503FAA;950000;Congélateur Vitrine;https://ambulantenligne.com/15866/Congélateur-astech-Vitrine-vertical-7-Tiroirs-424-Litres-no-frost-vc503faa.jpg;;;;;;;;
Cuisinière HAIER 5 Feux 90/60 4 Feux  à gaz  + 1 Electrique avec four à  gaz HCR-6041EGS2 Gris;HCR-6041EGS2;275000;5 Feux 90/60;https://ambulantenligne.com/15884/cuisiniere-haier-5-Feux-9060-4-Feux-a-gaz-1-electrique-avec-four-a-gaz-hcr-6041egs2-gris.jpg;;;;;;;;
Cuisinière HAIER 5 Feux 90/60 4 Feux  à gaz  + 1 Electrique avec Four Electrique HCR-6041EESBS;HCR-6041EGS;265000;5 Feux 90/60;https://ambulantenligne.com/15886/cuisiniere-haier-5-Feux-9060-4-Feux-a-gaz-1-electrique-avec-four-electrique-hcr-6041eesbs-.jpg;;;;;;;;
Réfrigérateur HITACHI Side By Side 595L  RS800PB0 Noir;RS800PB0;750000;Side by side & Multiportes;https://ambulantenligne.com/15889/Réfrigerateur-hitachi-side-by-side-595l-rs800pb0-noir.jpg;;;;;;;;
Réfrigérateur ENDURO combiné 3 Tiroirs 291 Litres avec distributeur d'eau A+ RCST420WDSX;RCST420WDSX;300000;Frigo combiné;https://ambulantenligne.com/15893/Réfrigerateur-enduro-combine-3-Tiroirs-291-Litres-avec-distributeur-d-eau-a-rcst420wdsx.jpg;;;;;;;;
Réfrigérateur HITACHI Side By Side 550L Inverter RW690P7PB Noir;RW690P7PB;680000;Side by side & Multiportes;https://ambulantenligne.com/15908/Réfrigerateur-hitachi-side-by-side-550l-inverter-rw690p7pb-noir.jpg;;;;;;;;
Réfrigérateur SHARP 2 porte 255L SJ-RX34E SL2;SJ-RX34E SL2;305000;201 - 350 Litres;https://ambulantenligne.com/15930/Réfrigerateur-sharp-2-porte-255l-sj-rx34e-sl2.jpg;;;;;;;;
Réfrigérateur SHARP 2 porte 291L SJ-RX38E SL2;SJ-RX38E SL2;335000;201 - 350 Litres;https://ambulantenligne.com/15932/Réfrigerateur-sharp-2-porte-255l-sj-rx34e-sl2.jpg;;;;;;;;
Réfrigérateur SHARP 2 porte 317L SJ-RX42E SL2;SJ-RX42E SL2;370000;201 - 350 Litres;https://ambulantenligne.com/15928/Réfrigerateur-sharp-2-porte-255l-sj-rx34e-sl2.jpg;;;;;;;;
Réfrigérateur SHARP 2 porte 260L SJ-HM260;SJ-HM260;245000;201 - 350 Litres;https://ambulantenligne.com/15915/Réfrigerateur-sharp-2-porte-255l-sj-rx34e-sl2.jpg;;;;;;;;
Réfrigérateur SHARP 2 porte 380L SJ-HM380;SJ-HM380;310000;201 - 350 Litres;https://ambulantenligne.com/15926/Réfrigerateur-sharp-2-porte-380l-sj-hm260.jpg;;;;;;;;
Réfrigérateur SHARP combiné 3 Tiroirs 324L avec fontaine SJ-BG415D;SJ-BG415D;405000;201 - 350 Litres;https://ambulantenligne.com/15924/Réfrigerateur-sharp-combine-3-Tiroirs-324l-avec-fontaine-sj-bg415d.jpg;;;;;;;;
Réfrigérateur side by side SHARP 655 Litres SJ-X815P inox;SJ-X815P;720000;501 - 650 Litres;https://ambulantenligne.com/15922/Réfrigerateur-side-by-side-sharp-655-Litres-sj-x815p-inox.jpg;;;;;;;;
Tablette TECNO MEGAPAD 11 Pouces ROM 128Go RAM 8Go;MEGAPAD 10;105000;Tablette avec Sim;https://ambulantenligne.com/15935/Tablette-tecno-megapad-10-Pouces-rom-128go-ram-4go.jpg;;;;;;;;
Tablette TECNO MEGAPAD 11 Pouces ROM 256Go RAM 8Go;MEGAPAD 10;112500;Tablette avec Sim;https://ambulantenligne.com/15937/Tablette-tecno-megapad-10-Pouces-rom-128go-ram-4go.jpg;;;;;;;;
Réfrigérateur Vitrine SOLSTAR 708 Litres VC9000ASS;VC9000ASS;620000;400 Litres et Plus;https://ambulantenligne.com/15943/Réfrigerateur-Vitrine-solstar-708-Litres-vc9000ass.jpg;;;;;;;;
Split NEXON 1.25CV 9000BTU R410;NEXON;120000;9.000 BTU/1.25CV;https://ambulantenligne.com/15948/split-nexon-125cv-9000btu-r410.jpg;;;;;;;;
Machine à  laver ENDURO 10kg A+++ WMT10120TIG DARK silver;WMT10120TIG;245000;Accueil;https://ambulantenligne.com/15949/machine-a-laver-enduro-10kg-a-wmt10120tig-dark-silver.jpg;;;;;;;;
Four Encastrable ROCH Electrique + reFroidisseur turbo RBO-615X INOX;RBO-615X;120000;Four Electrique 60cm;https://ambulantenligne.com/15962/four-Encastrable-astech-electrique-avec-affichage-fo60el-650ma.jpg;;;;;;;;
Four Encastrable ROCH Electrique + reFroidisseur turbo RBO-615BL NOIR;RBO-615BL;120000;Four Electrique 60cm;https://ambulantenligne.com/15964/four-Encastrable-astech-electrique-avec-affichage-fo60el-650ma.jpg;;;;;;;;
Four Encastrable ROCH  à gaz  + reFroidisseur turbo RBO-615XGA INOX;RBO-615XGA;130000;Four à Gaz 60cm;https://ambulantenligne.com/15965/four-Encastrable-astech-electrique-avec-affichage-fo60el-650ma.jpg;;;;;;;;
Four Encastrable ROCH  à gaz  + reFroidisseur turbo RBO-615BLGA NOIR;RBO-615BLGA;130000;FOUR  à gaz ;https://ambulantenligne.com/15966/four-Encastrable-astech-electrique-avec-affichage-fo60el-650ma.jpg;;;;;;;;
"Téléviseur HISENSE 75"" SMART Qled 4K 75Q6N";Q6N;560000;55 Pouces & Plus;https://ambulantenligne.com/15983/televiseur-hisense-75-smart-Qled-4k-75q6n.jpg;;;;;;;;
"Téléviseur HISENSE 75"" SMART ULed MiniLed 4K 75U7N";75U7N;785000;55 Pouces & Plus;https://ambulantenligne.com/15986/televiseur-hisense-75-smart-uLed-miniLed-4k-75u7n.jpg;;;;;;;;
Machine à  laver SAMSUNG 11kg  WW11CG04DABNQ noir;WW11CG04DABNQ;410000;10 kg & Plus;https://ambulantenligne.com/15990/machine-a-laver-samsung-11kg-wd21t6300g-noir.jpg;;;;;;;;
Machine à  laver SAMSUNG 11kg inverter WW11BB534DTW;WW11BB534DTW;420000;10 kg & Plus;https://ambulantenligne.com/15995/machine-a-laver-samsung-11kg-inverter-ww11bb534dtw.jpg;;;;;;;;
Machine à  laver SAMSUNG 9kg lavage / 6kg Séchage WD90T634DBH;WD90T634DBH;450000;7 - 9 kg;https://ambulantenligne.com/15998/machine-a-laver-samsung-9kg-lavage-6kg-sechage-wd90t634dbh.jpg;;;;;;;;
Machine à  laver SAMSUNG 11kg lavage / 6kg Séchage WD11DG5B15BBEU Noir;WD11DG5B15BBEU;480000;Lavante Séchante;https://ambulantenligne.com/16004/machine-a-laver-samsung-21kg-12kg-sechage-wd21t6300gv.jpg;;;;;;;;
Machine à  laver SAMSUNG 11kg inverter WW11BB744DGBS3DGB Noir;WW11BB744DGBS3DGB;495000;10 kg & Plus;https://ambulantenligne.com/16005/machine-a-laver-samsung-11kg-inverter-ww11bb744dgbs3dgb-noir.jpg;;;;;;;;
Machine à  laver SAMSUNG 17kg lavage / 10kg Séchage WD17T6300GP/SP;WD17T6300GP/SP;640000;10 kg & Plus;https://ambulantenligne.com/16011/machine-a-laver-samsung-17kg-lavage-10kg-sechage-wd17t6300gpsp.jpg;;;;;;;;
Armoire 4 battants 170 x 45 x 175 cm ARB004 Blanc;ARB004;175000;Menuiserie;https://ambulantenligne.com/16015/ar-moire-4-battants-170-x-45-x-175-cm-arb004-blanc-.jpg;;;;;;;;
Armoire 2 battants 850 x 450 x 750 cm ARB002 Blanc;ARB002;110000;Menuiserie;https://ambulantenligne.com/16021/ar-moire-4-battants-170-x-45-x-175-cm-arb004-blanc-.jpg;;;;;;;;
Réfrigérateur side by side SAMSUNG 583 Litres avec Froid ventilé RS57DG5000B4GH;RS57DG5000B4GH;795000;501 - 650 Litres;https://ambulantenligne.com/16025/Réfrigerateur-side-by-side-samsung-583-Litres-avec-Froid-ventile-rs57dg5000b4gh.jpg;;;;;;;;
Micro onde Encastrable HISENSE 25L + grill HB25MOBX7G Noir;HB25MOBX7G;130000;25 à  40 Litres;https://ambulantenligne.com/16031/Micro-onde-Encastrable-hisense-25l-grill-hb25mobx7g-noir.jpg;;;;;;;;
Réfrigérateur FINIX combiné 3 Tiroirs 588L No-frost FIX653;FIX653;560000;351 Litres ET Plus;https://ambulantenligne.com/16038/Réfrigerateur-finix-combine-3-Tiroirs-588l-no-frost-fix653.jpg;;;;;;;;
Réfrigérateur FINIX combiné 3 Tiroirs 360L Avec Fontaine GT/SN383W Gris;GT/SN383W;300000;351 Litres ET Plus;https://ambulantenligne.com/16042/Réfrigerateur-finix-combine-3-Tiroirs-468l-avec-fontaine-gtsn383w-gris.jpg;;;;;;;;
Réfrigérateur FINIX combiné 3 Tiroirs 360L GT/SN383E Gris;GT/SN383E;295000;351 Litres ET Plus;https://ambulantenligne.com/16049/Réfrigerateur-finix-combine-3-Tiroirs-360l-gtsn383e-gris.jpg;;;;;;;;
Cuisinière TECNOLUX 5 Feux à  gaz 80/60 TEC-80 Inox;TEC-80;170000;5 Feux 80/60;https://ambulantenligne.com/16053/cuisiniere-tecnolux-5-Feux-a-gaz-8060-tec-80-inox.jpg;;;;;;;;
Réfrigérateur side by side SAMSUNG 2 portes 578L + Distributeur eau NOIR MAT RS57DG4100B4;RS57DG4100B4;950000;501 - 650 Litres;https://ambulantenligne.com/16061/Réfrigerateur-side-by-side-samsung-2-portes-578l-distributeur-eau-noir-mat-rs57dg4100b4.jpg;;;;;;;;
Réfrigerateur side by side LG 668Litres GC-X24FFCAB Knock Knock insta view;GC-X24FFCAB;1475000;651 Litres & Plus;https://ambulantenligne.com/16070/Réfrigerateur-side-by-side-lg-668Litres-gc-x24ffcab-knock-knock-insta-view.jpg;;;;;;;;
Split Armoire MIDEA 2.5CV 18000BTU Inverter MFPA18CRDN1;MFPA18CRDN1;475000;Split/Clim Armoire;https://ambulantenligne.com/16079/split-armoire-midea-25cv-18000btu-inverter-mfpa18crdn1.jpg;;;;;;;;
Split Armoire MIDEA 3CV 24000BTU Inverter MFPA-24CRDN1;MFPA-24CRDN1;550000;24000 - 30000 BTU;https://ambulantenligne.com/16081/split-armoire-midea-3cv-24000btu-inverter-mfpa-24crdn1.jpg;;;;;;;;
Congélateur Vertical 8 Tiroirs aluminium ROCH RUF-395-G;RUF-395-G;300000;7 Tiroirs & Plus;https://ambulantenligne.com/16083/Congélateur-vertical-8-Tiroirs-aluminium-roch-ruf-395-g.jpg;;;;;;;;
Lave vaisselle BEKO Encastrable 13 couverts A++ Avec Affichage Led Inox DVN05321X;DVN05321X;265000;Lave-vaisselle;https://ambulantenligne.com/16086/Lave-vaisselle-beko-Encastrable-13-couverts-a-avec-affichage-Led-inox-dvn05321x.jpg;;;;;;;;
Rà©gulateur de Tension ROCH 6000VA RACG-6000;RACG-6000;65000;3000Va & Plus;https://ambulantenligne.com/16093/regulateur-de-tension-roch-6000va-racg-6000.jpg;;;;;;;;
Rà©gulateur de Tension ROCH 3000Va RACG-3000;RACG-3000;45000;3000Va & Plus;https://ambulantenligne.com/16100/regulateur-de-tension-roch-6000va-racg-6000.jpg;;;;;;;;
Split WOW 12000 BTU R410;WOW;135000;12.000 Btu/1.5Cv;https://ambulantenligne.com/16104/split-skyline-15cv-12000-btu-r410.jpg;;;;;;;;
Split WOW 18000 BTU R410;WOW;200000;18.000 BTU/2CV;https://ambulantenligne.com/16105/split-skyline-15cv-12000-btu-r410.jpg;;;;;;;;
Split SMART TECHNOLOGY INVERTER 24000BTU R410 MATRIX STS-18;MATRIX  STS-24;300000;Split/Clim Inverter;https://ambulantenligne.com/16107/split-smart-technology-inverter-24000btu-r410-matrix-sts-18.jpg;;;;;;;;
Vitrine d'exposition Réfrigéré boucherie et pà¢tisseries VER-BP;VER-BP;2415000;Accueil;https://ambulantenligne.com/16109/Vitrine-refrigeree-negative-1-porte-500l.jpg;;;;;;;;
Saladette 2 portes SAL2P;SAL2P;875000;Matériel de Cuisine;https://ambulantenligne.com/16112/saladette-refrigeree.jpg;;;;;;;;
Planche Electrique professionnel AIRLESS 2 zones 60cm 60PELN;60PELN;400000;Matériel de Cuisine;https://ambulantenligne.com/16113/planche-a-gaz-professionnel-airlex-en-acier-lamine-60cm.jpg;;;;;;;;
Chambre à  coucher 6 battants 6 pièces Beige Lora;Beige Lora;995000;Mobilier de chambre;https://ambulantenligne.com/16120/chambre-a-coucher-2-lits-jumeaux-6-battants-4-pieces-gris-clair-ema-twin.jpg;;;;;;;;
Chambre à  coucher 6 battants 6 pièces Beige Eftelya Champagne;Beige Eftelya Champagne;985000;Mobilier de chambre;https://ambulantenligne.com/16136/chambre-a-coucher-2-lits-jumeaux-6-battants-4-pieces-gris-clair-ema-twin.jpg;;;;;;;;
Chambre à  coucher 6 battants 6 pièces Gris Eftelya;Gris Eftelya;980000;Mobilier de chambre;https://ambulantenligne.com/16144/chambre-a-coucher-2-lits-jumeaux-6-battants-4-pieces-gris-clair-ema-twin.jpg;;;;;;;;
Chambre à  coucher 6 battants 6 pièces Blanc Bambi;Blanc Bambi;990000;Mobilier de chambre;https://ambulantenligne.com/16157/chambre-a-coucher-2-lits-jumeaux-6-battants-4-pieces-gris-clair-ema-twin.jpg;;;;;;;;
Chambre à  coucher 6 battants 4 pièces Blanc Gris Didim;Blanc Gris Didim;675000;Mobilier de chambre;https://ambulantenligne.com/16173/chambre-a-coucher-2-lits-jumeaux-6-battants-4-pieces-gris-clair-ema-twin.jpg;;;;;;;;
Chambre à  coucher 6 battants 4 pièces Gris Marron Beige Piazza;Gris Marron Beige Piazza;675000;Mobilier de chambre;https://ambulantenligne.com/16180/chambre-a-coucher-2-lits-jumeaux-6-battants-4-pieces-gris-clair-ema-twin.jpg;;;;;;;;
Chambre à  coucher 6 battants 5 pièces Blanc CAC007 YAMAN;Blanc CAC007 YAMAN;500000;Mobilier de chambre;https://ambulantenligne.com/16191/chambre-a-coucher-2-lits-jumeaux-6-battants-4-pieces-gris-clair-ema-twin.jpg;;;;;;;;
Chambre à  coucher 4 battants 5 pièces Blanc + MFC10 CACBG002;Blanc + MFC10 CACBG002;450000;Mobilier de chambre;https://ambulantenligne.com/16193/chambre-a-coucher-2-lits-jumeaux-6-battants-4-pieces-gris-clair-ema-twin.jpg;;;;;;;;
Table à  manger 6 Places 80X140 métalique rectangulaire Gris Lotus;Gris Lotus;215000;Table;https://ambulantenligne.com/16195/table-a-manger-6-places-80x140-pied-en-metal-noir-t10.jpg;;;;;;;;
Table à  manger 6 Places 80X140 métalique oval Noir Lotus;oval Noir Lotus;215000;Table;https://ambulantenligne.com/16204/table-a-manger-6-places-80x140-pied-en-metal-noir-t10.jpg;;;;;;;;
Table à  manger 6 Places Blanc Marron clair 3002019;Blanc Marron clair 3002019;220000;Table;https://ambulantenligne.com/16212/table-a-manger-6-places-80x140-pied-en-metal-noir-t10.jpg;;;;;;;;
Vaisselier 190 X 90Cm Blanc W6316;W6316;210000;Mobilier & Déco;https://ambulantenligne.com/16214/table-a-manger-6-places-80x140-pied-en-metal-noir-t10.jpg;;;;;;;;
Smart Tv HAIER 55 Pouces 4K Qled Google Tv H55S80EUX;H55S80EUX;250000;Qled Tv;https://ambulantenligne.com/16217/smart-Tv-haier-75-Pouces-4k-google-Tv-h75k85fux.jpg;;;;;;;;
Smart Tv HAIER 65 Pouces 4K Qled Google Tv H65S80EUX;H65S80EUX;330000;Qled Tv;https://ambulantenligne.com/16219/smart-Tv-haier-75-Pouces-4k-google-Tv-h75k85fux.jpg;;;;;;;;
Smart Tv HAIER 75 Pouces 4K Qled Google Tv H75S80EUX;H65S80EUX;480000;Qled Tv;https://ambulantenligne.com/16220/smart-Tv-haier-75-Pouces-4k-google-Tv-h75k85fux.jpg;;;;;;;;
Table Console 180 X 40CM + Miroir 130 X 70 Blanc G6318 + M6318;G6318 + M6318;235000;Accueil;https://ambulantenligne.com/16221/table-console-180-x-40cm-miroir-130-x-70-blanc-g6318-m6318.jpg;;;;;;;;
Vaisselier 190 X 90Cm Gris W6318;W6318;200000;Mobilier & Déco;https://ambulantenligne.com/16227/table-a-manger-6-places-80x140-pied-en-metal-noir-t10.jpg;;;;;;;;
Table Console 180 X 40CM + Miroir 130 X 70 G6318 + M6318 Gris;G6318 + M6318;240000;Accueil;https://ambulantenligne.com/16232/table-console-180-x-40cm-miroir-130-x-70-blanc-g6318-m6318.jpg;;;;;;;;
Table Console 180 X 40CM + Miroir 130 X 70 G6316 + M6316 Blanc;G6316 + M6316;230000;Accueil;https://ambulantenligne.com/16234/table-console-180-x-40cm-miroir-130-x-70-blanc-g6318-m6318.jpg;;;;;;;;
Vaisselier 190 X 90Cm Blanc W6318;W6318;200000;Mobilier & Déco;https://ambulantenligne.com/16238/table-a-manger-6-places-80x140-pied-en-metal-noir-t10.jpg;;;;;;;;
Vaisselier 190 X 90Cm Noir W6318;W6318;200000;Mobilier & Déco;https://ambulantenligne.com/16240/table-a-manger-6-places-80x140-pied-en-metal-noir-t10.jpg;;;;;;;;
Table Console 180 X 40CM + Miroir 130 X 70 G6318 + M6318 Noir;G6318 + M6318;250000;Accueil;https://ambulantenligne.com/16242/table-console-180-x-40cm-miroir-130-x-70-blanc-g6318-m6318.jpg;;;;;;;;
Table à  manger 6 Places 160 X 90Cm Blanc C6316 (1 + 6);C6316 (1 + 6);500000;Table;https://ambulantenligne.com/16244/table-a-manger-6-places-80x140-pied-en-metal-noir-t10.jpg;;;;;;;;
Table à  manger 6 Places 160 X 90Cm Blanc C606 (1 + 6);C606 (1 + 6);490000;Table;https://ambulantenligne.com/16247/table-a-manger-6-places-80x140-pied-en-metal-noir-t10.jpg;;;;;;;;
Table à  manger 6 Places 160 X 90Cm Noir C606 (1 + 6);C606 (1 + 6);490000;Table;https://ambulantenligne.com/16250/table-a-manger-6-places-80x140-pied-en-metal-noir-t10.jpg;;;;;;;;
Congélateur BEKO horizontal 700 Litres 2 battants CF508ST24 silver;CF508ST24;385000;501 Litres & Plus;https://ambulantenligne.com/16258/Congélateur-beko-horizontal-400-Litres-hsm30081s-silver.jpg;;;;;;;;
Congélateur BEKO horizontal 550 Litres avec vitre CF380ST24 silver;CF380ST24;310000;501 Litres & Plus;https://ambulantenligne.com/16261/Congélateur-beko-horizontal-400-Litres-hsm30081s-silver.jpg;;;;;;;;
Congélateur BEKO horizontal 400 Litres CF316ST24 silver;CF316ST24;245000;251 - 500 Litres;https://ambulantenligne.com/16265/Congélateur-beko-horizontal-400-Litres-hsm30081s-silver.jpg;;;;;;;;
Téléphone SAMSUNG GALAXY A56 Mémoire 128Go Ram 8Go;A56;207500;Accueil;https://ambulantenligne.com/16293/telephone-samsung-galaxy-a55-memoire-128go-ram-8go.jpg;;;;;;;;
Téléphone SAMSUNG GALAXY A56 Mémoire 256Go Ram 8Go;A56;225000;Accueil;https://ambulantenligne.com/16294/telephone-samsung-galaxy-a55-memoire-128go-ram-8go.jpg;;;;;;;;
Split HAIER INVERTER 10000BTU HSU-10RBSR1E;HSU-10RBSR1E;180000;Accueil;https://ambulantenligne.com/16310/split-haier-inverter-125cv-9000btu-hsu09tcr1.jpg;;;;;;;;
Split HAIER INVERTER 19000BTU HSU-19RBSR1E;HSU-10RBSR1E;265000;Accueil;https://ambulantenligne.com/16311/split-haier-inverter-125cv-9000btu-hsu09tcr1.jpg;;;;;;;;
Split HAIER INVERTER 13000BTU HSU-13RBSR1E;HSU-10RBSR1E;205000;Accueil;https://ambulantenligne.com/16312/split-haier-inverter-125cv-9000btu-hsu09tcr1.jpg;;;;;;;;
Split HAIER INVERTER 25000BTU HSU-25RBSR1E;HSU-25RBSR1E;310000;Accueil;https://ambulantenligne.com/16313/split-haier-inverter-125cv-9000btu-hsu09tcr1.jpg;;;;;;;;
